origen,dest,tram,linia,geometry,length,speed,time,directed
M-L1-111,M-L1-112,Hospital de Bellvitge - Bellvitge,L1,"MULTILINESTRING ((425309.7856583841 4577405.070635456, 425351.3462010796 4577441.811222187, 425382.0397750703 4577470.236638036, 425411.6204572408 4577499.818335453, 425433.2647703829 4577522.970930731, 425451.5603060375 4577543.095797972, 425480.8982247162 4577573.862727449, 425511.38639968244 4577603.493231717, 425542.98083696334 4577631.940033864, 425644.8616085622 4577719.291410739, 425649.77812109457 4577723.797679198, 425655.1796202837 4577729.092842653, 425665.849293224 4577740.391805727, 425677.092282527 4577754.489518058, 425687.0263726365 4577769.538854079, 425695.57166678016 4577785.417384035, 425702.6582753239 4577801.999245231, 425708.2312781593 4577819.149539938, 425712.2440885246 4577836.729954979, 425714.6651452881 4577854.598693346, 425715.47375232645 4577872.612737476, 425714.6650861652 4577890.6266877325, 425712.2443849199 4577908.497263116, 425708.2327356419 4577926.076580178, 425702.6596924826 4577943.226662391, 425696.3260146238 4577958.729089012, 425694.8765654353 4577961.8794113705, 425667.52723614854 4578016.268772001, 425624.4230098049 4578101.128640434))",882.2097429703526,6.944444444444445,2.117303383128846,False
M-L1-112,M-L1-113,Bellvitge - Av. Carrilet,L1,"MULTILINESTRING ((425624.4230098049 4578101.128640434, 425592.0486724319 4578164.610992769, 425585.55396133265 4578176.36126936, 425579.02095608774 4578186.57862518, 425573.0046647626 4578195.131902118, 425561.6211804353 4578209.12408978, 425549.0125761486 4578222.023014582, 425535.28317326633 4578233.722133716, 425525.07636464183 4578241.138225967, 425520.5364952004 4578244.2004051665, 425505.1309099568 4578253.4053015895, 425332.9562737896 4578340.508590503, 425301.5882607931 4578357.076324929, 425282.7041752633 4578367.949668783, 425270.295288629 4578375.879566755, 425249.5980509743 4578390.61886401, 425229.87872149295 4578406.640529825, 425211.2136115211 4578423.880482568, 425193.679809231 4578442.269080693, 425177.34767383215 4578461.733420871, 425162.2824742693 4578482.193990378, 425151.7668282562 4578498.283029714, 425149.09321884107 4578502.756257296, 425132.24990926485 4578532.730523004, 425047.20627295924 4578698.370651826, 425006.3357376711 4578777.679951732, 425001.8511027965 4578786.030259648, 424987.7820470039 4578814.445112492, 424975.182449082 4578843.540953676, 424964.0849843122 4578873.243047112, 424940.0072493359 4578949.537800447))",1133.6548626663975,6.944444444444445,2.720771670399354,False
M-L1-113,M-L1-114,Av. Carrilet - Rambla Just Oliveras,L1,"MULTILINESTRING ((424940.0072493359 4578949.537800447, 424890.14834746707 4579106.794084219, 424876.73862765566 4579144.162494147, 424861.82489022246 4579180.95583759, 424739.2771335877 4579470.182368133, 424733.9198129577 4579483.191872545, 424722.05089905486 4579515.0131060155, 424716.74492693524 4579530.947739597, 424705.3076325385 4579566.700547983))",660.8559170557209,6.944444444444445,1.58605420093373,False
M-L1-114,M-L1-115,Rambla Just Oliveras - Can Serra,L1,"MULTILINESTRING ((424705.3076325385 4579566.700547983, 424682.07523009955 4579639.3180321045, 424678.6189907754 4579651.238616987, 424675.61133855634 4579664.389200618, 424673.858695903 4579673.624032923, 424671.4432077061 4579692.484306887, 424670.63681125874 4579711.479976227, 424671.4439529304 4579730.476647251, 424673.8590080161 4579749.336701061, 424677.8654909464 4579767.923742937, 424683.4335581823 4579786.103738552, 424690.52251773106 4579803.744987815, 424699.08255989215 4579820.723658282, 424709.05129685625 4579836.9127179375, 424720.3581292552 4579852.199654507, 424732.91992625076 4579866.473196492, 424746.64693780534 4579879.628803063, 424761.44034331036 4579891.574240838, 424777.19299574615 4579902.220693472, 424793.79204585816 4579911.493837256, 424808.0662700976 4579918.073107626, 424815.9602565592 4579921.354349064, 424834.045757191 4579927.743146041, 424961.04807350616 4579964.213352208))",572.3301538520466,6.944444444444445,1.3735923692449117,False
M-L1-115,M-L1-116,Can Serra - Florida,L1,"MULTILINESTRING ((424961.04807350616 4579964.213352208, 425049.627394731 4579989.5423953915, 425130.32739117 4580012.4001787165, 425154.9933198679 4580018.3842796255, 425162.5768746813 4580019.898166065, 425171.11487397505 4580021.421084155, 425193.1658680345 4580024.222421835, 425198.71288926934 4580024.698132122, 425224.0654923419 4580025.905525363, 425230.5114522368 4580025.95562505, 425461.91603363946 4580025.898854037, 425497.1505238239 4580026.099602778, 425569.7616871455 4580027.003682372))",616.6711980676818,6.944444444444445,1.4800108753624361,False
M-L1-116,M-L1-117,Florida - Torrassa,L1,"MULTILINESTRING ((425569.7616871455 4580027.003682372, 425665.4736619109 4580028.056865965, 426119.0205541816 4580030.224604279))",549.2698416555919,6.944444444444445,1.3182476199734205,False
M-L1-117,M-L1-118,Torrassa - Santa Eulàlia,L1,"MULTILINESTRING ((426119.0205541816 4580030.224604279, 426246.6210176103 4580030.675210214, 426342.1454563843 4580031.754772891, 426472.90550846816 4580031.937434428, 426500.7440045674 4580031.127759774, 426528.4874857971 4580028.700342149, 426556.0440533627 4580024.663883958, 426583.3185076477 4580019.031560844, 426594.4406369329 4580016.255337306, 426710.7708076743 4579985.723288676, 426724.87048056157 4579982.265424418, 426751.2880172596 4579977.060982657, 426777.96755061985 4579973.446156303, 426804.8155172614 4579971.434105697, 426821.3384191813 4579970.882036798, 426846.71776624594 4579971.285425032, 426872.0196427371 4579973.296281159, 426897.1436048404 4579976.908955029, 426921.9890973737 4579982.106693299, 426931.1353100479 4579984.429398966, 426941.6047664421 4579987.253958414, 426971.3789921428 4579996.418136331, 427000.6382889339 4580007.115385935, 427013.41439018445 4580012.337265739, 427032.6164762902 4580020.452315247, 427065.30395075947 4580035.298910496, 427087.21848824807 4580046.168103471, 427116.8135641146 4580062.01642593, 427125.04217082093 4580066.762378721))",1031.0458033437797,6.944444444444445,2.4745099280250713,False
M-L1-118,M-L1-119,Santa Eulàlia - Mercat Nou,L1,"MULTILINESTRING ((427125.04217082093 4580066.762378721, 427220.38718179165 4580122.718285572, 427226.70568953245 4580126.751842955, 427240.15057533415 4580136.145439713, 427256.18234404345 4580148.784030487, 427268.4818858729 4580159.904576192, 427280.8836073981 4580172.877198664, 427293.1549248559 4580187.86300308, 427296.5382357489 4580192.29356566, 427439.830006938 4580391.535824671, 427460.8223100797 4580419.564952583, 427492.3124009988 4580459.795626881, 427506.8437189334 4580478.819518912, 427528.43526109983 4580508.947959791, 427541.1413153319 4580527.538277019))",629.3851244089102,6.944444444444445,1.5105242985813845,False
M-L1-119,M-L1-120,Mercat Nou - Plaça de Sants,L1,"MULTILINESTRING ((427541.03862867015 4580527.389413775, 427567.6766964652 4580565.915750999, 427589.618048146 4580599.381746237, 427603.3725794683 4580621.825517752, 427616.4117938577 4580642.159126489, 427637.9198613466 4580672.731720765, 427645.2836367288 4580682.68638629, 427659.30057712283 4580699.5284266155, 427665.3661545592 4580706.115222838, 427673.2588066485 4580714.097196541, 427681.94350463036 4580722.001327421, 427692.220936105 4580730.6146011185, 427707.5825209363 4580741.674229566, 427723.8387450342 4580751.373740766, 427732.3319814988 4580755.854582506, 427746.80631157215 4580762.739550851, 427758.8065165804 4580767.417515826, 427767.0280787238 4580770.321156991, 427779.51397079247 4580774.3925362015, 427799.791623154 4580779.615411516, 427816.7916275276 4580782.731448216, 427824.82708124525 4580783.914941999, 427845.6674736289 4580785.941356776, 427853.0303589269 4580786.26887896, 427872.5925794099 4580786.420594825, 427929.8344285716 4580784.473316607))",504.05404841842613,6.944444444444445,1.2097297162042226,False
M-L1-120,M-L1-121,Plaça de Sants - Hostafrancs,L1,"MULTILINESTRING ((427929.8344285716 4580784.473316607, 428359.2406521221 4580769.176654325))",429.67859232329124,6.944444444444445,1.031228621575899,False
M-L1-121,M-L1-122,Hostafrancs - Espanya,L1,"MULTILINESTRING ((428359.3292715474 4580769.173557818, 428718.2192652493 4580756.315365087, 428740.0057332036 4580756.261019845, 428754.5647701818 4580756.723005131, 428774.0544468352 4580758.770912764, 428793.30582907866 4580762.443347733, 428809.6369653926 4580766.902843589, 428817.1349941489 4580769.2451937, 428824.93855529197 4580772.041990744, 428828.9336855592 4580773.663754362, 428844.6309199094 4580780.431184092, 428867.3739748819 4580791.702780656, 428868.9812174182 4580792.624092091))",516.3839204297086,6.944444444444445,1.2393214090313007,False
M-L1-122,M-L1-123,Espanya - Rocafort,L1,"MULTILINESTRING ((428868.9812174182 4580792.624092091, 428889.35477616946 4580804.393104327, 428907.1872038458 4580816.127141523, 428912.24360785 4580819.713746523, 428928.5835203057 4580832.594969474, 428942.0367402977 4580844.910523472, 429306.18045696965 4581201.608438469))",599.8594502621005,6.944444444444445,1.4396626806290411,False
M-L1-123,M-L1-124,Rocafort - Urgell,L1,"MULTILINESTRING ((429306.18045696965 4581201.608438469, 429671.6259583051 4581559.479440129))",511.49004709380785,6.944444444444445,1.2275761130251388,False
M-L1-124,M-L1-125,Urgell - Universitat,L1,"MULTILINESTRING ((429671.6259583051 4581559.479440129, 429917.0775094853 4581799.872530382, 429919.8193338258 4581802.4596297415, 429931.97462044307 4581813.130745654, 429936.7506391195 4581817.074937668, 429949.1553283273 4581826.908733132, 429967.02764161176 4581839.749653872, 429981.34438178607 4581849.039855844, 429991.9324577332 4581855.208451964, 430013.77971496154 4581867.341575943, 430066.00145687733 4581894.383588209, 430126.1178706734 4581924.530804555))",587.9091181938542,6.944444444444445,1.4109818836652501,False
M-L1-125,M-L1-126,Universitat - Catalunya,L1,"MULTILINESTRING ((430126.1178706734 4581924.530804555, 430161.7999116633 4581942.021331232, 430176.28085297067 4581948.441343656, 430194.8134294976 4581955.508505741, 430199.7536574779 4581957.774750322, 430216.07755115215 4581964.637855892, 430219.3742826793 4581966.168278559, 430337.0942851071 4582023.459883941, 430384.15871199174 4582045.806146318, 430444.5501855553 4582075.353756715, 430457.50340287405 4582081.474776783, 430478.7901313137 4582090.333757217, 430512.64904275385 4582102.827197847, 430521.76719788875 4582106.646850075))",435.80360283232085,6.944444444444445,1.04592864679757,False
M-L1-126,M-L1-127,Catalunya - Urquinaona,L1,"MULTILINESTRING ((430521.76719788875 4582106.646850075, 430536.06019515253 4582112.633028508, 430596.20522675116 4582141.719032856, 430615.8886633049 4582151.797319137, 430633.10730417876 4582161.376311949, 430637.0068751387 4582163.621725217, 430649.4339951643 4582171.420210629, 430654.26659928076 4582174.091933993, 430682.23530255497 4582188.893086223, 430728.9095287942 4582212.809673518, 430752.2013609527 4582224.548118704, 430829.4763578405 4582262.578875552, 430907.9276934598 4582300.861249564, 430989.9008246847 4582340.550948546))",523.4827186615693,6.944444444444445,1.2563585247877662,False
M-L1-127,M-L1-128,Urquinaona - Arc de Triomf,L1,"MULTILINESTRING ((430989.9008246847 4582340.550948546, 431381.67336642015 4582530.76961389, 431396.9802398637 4582537.94918504, 431406.6615042353 4582542.2753294585, 431437.8212402186 4582557.53321122, 431458.3556559186 4582569.079035918, 431478.0535201442 4582581.998480645, 431496.8248050485 4582596.232434522, 431544.369746265 4582635.092588454))",629.7932884487141,6.944444444444445,1.5115038922769137,False
M-L1-128,M-L1-129,Arc de Triomf - Marina,L1,"MULTILINESTRING ((431544.369746265 4582635.092588454, 431584.634391789 4582667.849732831, 431594.7670370167 4582676.35652154, 431612.6521952857 4582690.565827062, 431621.81484194816 4582698.179149289, 431657.3430896187 4582726.581342285, 431666.0445542911 4582733.708324551, 431686.6429207355 4582752.0391237065, 431698.1985575913 4582763.318335762, 431709.8873723535 4582775.070401396, 431740.6849894631 4582805.488346703, 431759.1268799694 4582820.728652204, 431767.49051077897 4582825.919269498, 431792.18317860854 4582839.074509025, 431803.9002011408 4582844.261347582, 431811.4343995803 4582846.699658056, 431835.3370814346 4582853.396186019, 431856.9778486613 4582859.260263023, 431876.0750689663 4582865.636850819, 431894.59705637227 4582873.526662153, 431912.42464203015 4582882.883070476, 431916.85643289017 4582885.44280655, 431934.463731901 4582896.631085934))",476.31071630044937,6.944444444444445,1.1431457191210785,False
M-L1-129,M-L1-130,Marina - Glòries,L1,"MULTILINESTRING ((431934.463731901 4582896.631085934, 431955.0168616171 4582911.693268482, 431964.36543415464 4582918.964409163, 431979.4362266531 4582932.316137629, 431993.38339638035 4582946.8353617275, 432003.15925382846 4582958.574760861, 432010.2224449974 4582967.6805070955, 432021.65966598556 4582984.249612205, 432031.7254752335 4583001.68430166, 432034.1476425536 4583006.420246948, 432038.3480564177 4583014.895595945, 432045.40193938185 4583031.395950065, 432050.94704483205 4583048.464496773, 432054.539773953 4583063.819320665, 432056.4845459012 4583073.904656212, 432057.7644344627 4583081.113933496, 432060.19167217275 4583101.100693535, 432060.90382887877 4583114.186476337, 432061.0452396602 4583122.755428387, 432060.23487527226 4583142.871375413, 432059.03776164295 4583154.377371079, 432054.99082003225 4583184.173157626, 432043.9458896869 4583257.753142015, 432041.54943092354 4583279.536082056, 432040.83661115344 4583294.1796434065, 432040.7192468555 4583301.450883765, 432041.18399763363 4583315.074147615, 432042.39639586385 4583330.684466098, 432043.3813378439 4583339.873926557, 432055.6610805358 4583443.8178602895, 432057.18748781655 4583457.794229861, 432061.9402342708 4583504.945600895, 432066.4760058123 4583553.212627829, 432069.4816893206 4583581.496681889, 432087.4971924739 4583733.664278754))",885.3215289910711,6.944444444444445,2.1247716695785703,False
M-L1-130,M-L1-131,Glòries - Clot,L1,"MULTILINESTRING ((432087.4971924739 4583733.664278754, 432093.07650974905 4583781.007782037, 432094.89940177137 4583800.405123975, 432095.69995959685 4583822.303532586, 432095.1403048956 4583840.624036945, 432094.6153080688 4583847.8424800085, 432092.2065313703 4583865.627404873, 432088.21344015084 4583883.1229722155, 432083.1404711017 4583899.742664158, 432075.07057896163 4583922.056257395, 432061.5918793697 4583955.828787364, 432054.51715517964 4583976.567568857, 432052.42118619644 4583983.842950396, 432049.30843239283 4583996.788108289, 432047.74555026495 4584004.660263396, 432045.33610613085 4584022.444107861, 432044.72577551776 4584030.004216418, 432044.0762877223 4584042.387771633, 432043.8624137067 4584064.756475138, 432049.0544655615 4584465.021219617, 432049.4736315453 4584479.935087571, 432049.89033031184 4584510.616150783, 432050.17657354067 4584519.472436407, 432050.04450019175 4584535.946990367, 432051.0141714667 4584609.600933215))",884.0171292908918,6.944444444444445,2.1216411102981403,False
M-L1-131,M-L1-132,Clot - Navas,L1,"MULTILINESTRING ((432051.0141714667 4584609.600933215, 432054.67200903955 4584888.788096805, 432055.33848386246 4584917.583788551, 432057.36981456605 4584970.1501240805, 432058.18908874475 4585003.738603933, 432059.5459972313 4585113.304530201, 432060.1693740895 4585138.667628646, 432060.6616226472 4585168.581915704, 432061.0997158779 4585221.131028086, 432061.80977642885 4585278.256416941))",668.7627307234696,6.944444444444445,1.6050305537363272,False
M-L1-132,M-L1-133,Navas - La Sagrera,L1,"MULTILINESTRING ((432061.80977642885 4585278.256416941, 432062.8441129256 4585363.962007826, 432062.65178375324 4585377.930119874, 432061.73178183794 4585412.406523009, 432061.6072986802 4585444.641561835, 432063.84515596763 4585638.250309035, 432063.0423051473 4585678.700087209, 432061.79213730904 4585708.355405333, 432061.2237615924 4585726.774870016, 432060.84098853427 4585759.889477789, 432061.4441474797 4585833.749073756, 432060.45481238724 4585882.279075007, 432061.4456017381 4585964.576569867))",686.4169600966966,6.944444444444445,1.6474007042320717,False
M-L1-133,M-L1-134,La Sagrera - Fabra i Puig,L1,"MULTILINESTRING ((432061.4456017381 4585964.576569867, 432062.6382713991 4586059.741536441, 432062.0988878107 4586070.918326102, 432059.9100059316 4586093.326740997, 432058.1004279893 4586106.1997663425, 432054.34486502747 4586128.719490687, 432049.265763957 4586154.549205713, 432042.4698090203 4586187.276622094, 432039.5265093085 4586200.708786098, 432036.3230650269 4586214.202240673, 432033.48420111474 4586225.3162538055, 432027.7308757717 4586245.54314334, 432022.05533702835 4586263.372193514, 432017.32986257924 4586276.8299959805, 432009.0656704492 4586298.148594394, 432001.30977051094 4586316.104911851, 431993.228547118 4586333.408115695, 431918.99000964756 4586485.570915696, 431861.8537778916 4586603.0878655845, 431847.0016627821 4586634.893245308, 431842.6131191646 4586645.29137823, 431839.6757169069 4586653.345342394, 431836.4722608317 4586661.452888094, 431828.6193891625 4586683.395165257, 431823.20731252665 4586697.700077108, 431816.9915189634 4586712.373413086, 431808.45011943916 4586731.4687584005, 431801.77830124047 4586747.045743599, 431795.0284806265 4586764.538723108, 431792.12813689513 4586773.676004808))",863.4649060593835,6.944444444444445,2.07231577454252,False
M-L1-134,M-L1-135,Fabra i Puig - Sant Andreu,L1,"MULTILINESTRING ((431792.12813689513 4586773.676004808, 431787.79875777673 4586787.317889058, 431785.6252761927 4586795.376889718, 431780.40737907024 4586817.228877321, 431777.0370331096 4586834.826575533, 431774.5414337785 4586851.079235837, 431773.3924797549 4586860.205561759, 431772.7748778397 4586868.612959466, 431772.1721408565 4586880.988397743, 431771.93626462354 4586890.709000959, 431772.3210634264 4586907.05551971, 431774.0805814037 4586929.532314655, 431777.5804592382 4586952.433482779, 431780.1418117566 4586964.156208827, 431786.66206455196 4586988.625497111, 431788.95328271587 4586996.249357605, 431793.23669258767 4587008.940678767, 431794.73069649795 4587012.837038022, 431801.1551215518 4587027.683237587, 431809.6591354335 4587043.488005164, 431817.54369504977 4587055.720152211, 431828.951341688 4587071.530882014, 431842.96898905444 4587088.374033724, 431850.59978388407 4587096.741461942, 431859.9800783433 4587106.331502469, 431873.4939440526 4587118.13984497, 431883.46304391505 4587125.84353622, 431896.6311527408 4587134.394251408, 431907.74383425206 4587140.205264976, 431916.685394767 4587144.299124547, 431936.7861964297 4587151.9652673, 431945.9032828531 4587154.913910975, 432254.0888609804 4587249.174697405, 432269.91346491996 4587254.255968825, 432289.33802147006 4587261.1644202, 432299.0398438721 4587265.020688058, 432315.2088724785 4587272.806830988, 432330.6149041348 4587282.011326196, 432340.79162093875 4587289.120797136, 432352.9937140539 4587299.001498314, 432364.09591327654 4587310.103830823, 432372.241156992 4587319.964764868, 432376.95723921363 4587326.24599367, 432385.5085133344 4587339.412920433, 432388.23731136456 4587344.318209646, 432392.9605318862 4587353.511672311, 432400.0138565001 4587370.012384117, 432404.765078233 4587382.920622711, 432409.846781702 4587398.739176921, 432415.4932007778 4587420.002871409, 432416.57440417435 4587424.386186088, 432417.78196739586 4587430.310513068, 432421.020650137 4587448.031568741, 432422.503684594 4587458.311211124, 432425.3437095246 4587485.323570305, 432427.37359238777 4587514.69731532, 432428.1380226966 4587541.339357632))",1153.1763837189335,6.944444444444445,2.76762332092544,False
M-L1-135,M-L1-136,Sant Andreu - Torras i Bages,L1,"MULTILINESTRING ((432428.1380226966 4587541.339357632, 432428.44997836306 4587559.526327277, 432428.1624418187 4587576.505351152, 432426.807912685 4587606.268234165, 432426.5943915586 4587613.7302696565, 432425.0342002036 4587636.949914953, 432424.53510360274 4587647.648895062, 432422.2321065909 4587679.983195472, 432421.2743147408 4587697.208308967, 432403.09714367404 4588108.557761943, 432401.26620919676 4588133.5342257805, 432396.17363346106 4588186.476115309, 432394.91849153617 4588207.175910361, 432391.88354317506 4588277.164865697))",736.8535892248403,6.944444444444445,1.768448614139617,False
M-L1-136,M-L1-137,Torras i Bages - Trinitat Vella,L1,"MULTILINESTRING ((432391.88354317506 4588277.164865697, 432389.0258351505 4588343.317226459, 432388.9080375387 4588371.103378972, 432389.4637172866 4588386.483496317, 432389.5336861247 4588395.663845028, 432389.09261901747 4588416.663587916, 432385.999762756 4588490.443650587, 432385.7787366861 4588507.009053717, 432386.60037704057 4588522.688686408, 432388.0035246401 4588532.747024371, 432390.5815935722 4588546.951309536, 432394.6456483017 4588562.1176477475, 432400.2721507626 4588576.775299706, 432406.2600142037 4588589.608698512, 432412.1600364577 4588600.911830416, 432420.7114810526 4588614.078790594, 432427.74836319924 4588623.407201898, 432435.7753469661 4588633.111638655, 432466.6892158068 4588666.287017985, 432477.29216600535 4588678.196904668, 432492.2123238652 4588695.28930764, 432514.9854210009 4588722.890627925, 432662.34089816763 4588911.035694165))",727.3186562623343,6.944444444444445,1.7455647750296024,False
M-L1-137,M-L1-138,Trinitat Vella - Baró de Viver,L1,"MULTILINESTRING ((432662.34089816763 4588911.035694165, 432703.78076917067 4588963.970475754, 432710.8025229687 4588972.556508345, 432724.66028307274 4588987.547488214, 432739.65188018384 4589001.40543952, 432749.8920776725 4589009.7117495295, 432754.90757192083 4589013.486718227, 432771.4969275505 4589024.632973141, 432788.9404002435 4589034.389011114, 432807.1212941953 4589042.691526149, 432825.917141007 4589049.485037062, 432845.2055669914 4589054.724053363, 432864.8550944803 4589058.372050298, 432886.25583959516 4589060.618198258, 432902.9452797948 4589061.071714279, 432907.10481761163 4589061.018674601, 432925.99489190715 4589059.797486045, 432934.696639187 4589058.709718951, 432951.6942030037 4589056.088313356, 432963.66929931054 4589053.787762289, 433060.2565710356 4589033.689148971, 433127.89229552855 4589018.602752172, 433141.607627783 4589015.318227563))",540.0514050696585,6.944444444444445,1.2961233721671803,False
M-L1-138,M-L1-139,Baró de Viver - Santa Coloma,L1,"MULTILINESTRING ((433141.607627783 4589015.318227563, 433162.21813038026 4589010.334518391, 433201.8303190021 4589000.185622207, 433236.6863254021 4588990.874725737, 433251.1991283599 4588987.457583744, 433267.64484724076 4588984.662155398, 433274.97278811986 4588983.779562684, 433281.5856548878 4588983.257759299, 433287.3118088599 4588982.963982089, 433307.444697723 4588982.963638471, 433424.01673803263 4588990.033128026, 433438.9035447523 4588991.390495927, 433455.6153835149 4588993.995714476, 433462.9011291801 4588995.516367138, 433478.5345306995 4588999.758138157, 433492.33757014805 4589004.5352866305, 433509.2799345149 4589011.684031708, 433708.6487992718 4589104.589567798, 433718.02701389877 4589108.764861534, 433736.17735330097 4589115.792024971, 433743.79358701373 4589118.302525856, 433755.57037668664 4589121.423315477, 433775.5931524761 4589125.4067712985, 433794.8616722601 4589128.030424647, 433844.9364988999 4589134.483537981))",735.166457220935,6.944444444444445,1.764399497330244,False
M-L1-139,M-L1-140,Santa Coloma - Fondo,L1,"MULTILINESTRING ((433844.9364988999 4589134.483537981, 433884.1088662373 4589139.522269778, 433901.91538061935 4589141.040408091, 433905.59667119384 4589141.219923997, 433923.54299229715 4589141.21907318, 433925.83995335875 4589141.104813636, 433941.8185891488 4589139.589796122, 433946.4926645512 4589138.899787452, 433959.3985118531 4589136.605707689, 433966.3304474008 4589135.086795524, 434223.1686327906 4589074.073202553, 434233.0348914159 4589071.966044545, 434252.0901617679 4589069.151339005, 434267.8102476469 4589068.025778129, 434279.50832375954 4589067.928301487, 434296.37331967475 4589069.1539745135, 434303.8216326782 4589070.209891934, 434313.47842966096 4589071.984089981, 434333.02657332836 4589076.801672221, 434347.81380439654 4589081.588153611, 434453.14639298257 4589119.313581988, 434464.37596358225 4589123.201027703, 434480.5199318792 4589128.394055275, 434491.56240535656 4589131.641492927, 434522.23877107946 4589139.433128041, 434719.61498724704 4589183.800379598))",899.1878013399398,6.944444444444445,2.158050723215856,False
M-L2-210,M-L2-211,Paral·lel - Sant Antoni,L2,"MULTILINESTRING ((430518.6943765765 4580720.44365116, 430472.1859545244 4580721.151659206, 430463.1918696661 4580721.467769088, 430452.7439015202 4580722.530628061, 430438.58746317844 4580725.398885519, 430424.8519579718 4580729.861940308, 430411.7124718422 4580735.862595035, 430399.344701464 4580743.320329291, 430387.9066417895 4580752.140357947, 430383.34501578263 4580756.282231611, 430378.3491237449 4580761.1843836615, 430349.9309710324 4580790.581297749, 430344.48733197415 4580796.663568997, 430321.25406614644 4580823.921219455, 430314.30031164555 4580831.764511311, 430302.24724341405 4580844.613158507, 430063.0098740262 4581090.696593862, 430057.97972585 4581096.162225003, 430048.8437798047 4581107.898416592, 430041.05494088016 4581120.570911733, 430034.7070202811 4581134.022249967, 430029.8787326061 4581148.090675864, 430026.625269981 4581162.603558913, 430024.989269507 4581177.3872803915, 430024.9898789762 4581192.26067737, 430025.6289237566 4581199.896611665, 430032.5233995201 4581261.253338258))",788.5154128571583,6.944444444444445,1.8924369908571799,False
M-L2-211,M-L2-212,Sant Antoni - Universitat,L2,"MULTILINESTRING ((430032.5233995201 4581261.253338258, 430094.01839788444 4581808.553331202))",550.7439669215267,6.944444444444445,1.321785520611664,False
M-L2-212,M-L2-213,Universitat - Passeig de Gràcia,L2,"MULTILINESTRING ((430094.01839788444 4581808.553331202, 430103.6101948406 4581893.9140957445, 430105.2839206184 4581906.103344207, 430109.3114516281 4581925.829837825, 430114.91392318957 4581945.168085851, 430122.0524890474 4581963.993003758, 430130.68414531735 4581982.181768558, 430140.75005754456 4581999.617262094, 430152.1872556551 4582016.186847826, 430164.92026252 4582031.781341065, 430177.58913537185 4582045.0648545595, 430460.9738100124 4582321.155804867))",653.1319261753197,6.944444444444445,1.5675166228207673,False
M-L2-213,M-L2-214,Passeig de Gràcia - Tetuan,L2,"MULTILINESTRING ((430460.9738100124 4582321.155804867, 431078.4344093839 4582922.7214755155))",862.0550144156277,6.944444444444445,2.0689320345975064,False
M-L2-214,M-L2-215,Tetuan - Monumental,L2,"MULTILINESTRING ((431078.4344093839 4582922.7214755155, 431151.12096666306 4582993.538180437, 431163.748422076 4583005.645742291, 431362.61970315163 4583193.326391181, 431477.51973870705 4583301.152975178, 431487.09619361814 4583311.302539443, 431495.42931362655 4583322.496442395, 431502.40729767847 4583334.581407557, 431507.9341458676 4583347.395127063, 431511.9363256149 4583360.763978291, 431514.35945897026 4583374.506386276, 431515.17171831895 4583388.43834318, 431514.35960412724 4583402.369007171, 431511.9372445579 4583416.111717362, 431507.9354857385 4583429.479655785, 431502.4078161982 4583442.293563254, 431495.43034533865 4583454.379518802, 431487.09765486885 4583465.572309555, 431481.5787593075 4583471.707781346, 431410.6037169805 4583545.357667534))",841.9408356987352,6.944444444444445,2.0206580056769647,False
M-L2-215,M-L2-216,Monumental - Sagrada Família,L2,"MULTILINESTRING ((431410.6037169805 4583545.357667534, 431364.1949277976 4583593.640736149, 431357.8178948676 4583601.210049469, 431309.39095328684 4583662.715041552, 431303.0099233423 4583670.291106149, 431300.10372186825 4583673.426370328, 431253.7113445136 4583722.040900261, 431050.1780790399 4583933.131002311))",529.7600337306338,6.944444444444445,1.2714240809535213,False
M-L2-216,M-L2-217,Sagrada Família - Encants,L2,"MULTILINESTRING ((431050.1780790399 4583933.131002311, 430986.82074800145 4583998.896319641, 430977.78674584976 4584009.94431158, 430970.0710005198 4584021.952360497, 430963.77312339155 4584034.759630817, 430958.97681052564 4584048.202108244, 430955.7455684683 4584062.10264817, 430954.1186413071 4584076.282117595, 430954.1184915846 4584090.554882806, 430955.74583868636 4584104.734408202, 430958.9780089455 4584118.635492614, 430963.77398311987 4584132.077552002, 430970.0718893991 4584144.884643215, 430977.78823157214 4584156.892132919, 430986.82200515456 4584167.939996367, 430991.7344305534 4584172.998282007, 431182.4740804673 4584358.626158054, 431187.79672836704 4584363.5152401235, 431199.09894257155 4584372.23017808, 431211.3212025084 4584379.599603905, 431224.3029532052 4584385.528452422, 431237.87711350614 4584389.938373937, 431251.86511350336 4584392.773332598, 431266.085199501 4584393.993975853, 431280.35084615543 4584393.586531726, 431294.47820442275 4584391.554966002, 431308.2819745542 4584387.926572868, 431321.58122459357 4584382.748588868, 431334.2044047392 4584376.088145488, 431345.98516778223 4584368.032308991, 431356.7723880294 4584358.686875356, 431465.83905233594 4584246.786942928, 431473.56988278707 4584239.493568193, 431484.94384994044 4584230.722351681, 431497.24513803096 4584223.304702388, 431510.3099860939 4584217.337658745, 431523.97110915364 4584212.899416676, 431538.0484834496 4584210.047195995, 431552.3593770045 4584208.817145344, 431566.7175458579 4584209.227680554, 431580.9339970547 4584211.271705367, 431594.8262464636 4584214.9231857015, 431608.20992952044 4584220.133898159, 431620.9147246286 4584226.837720879, 431632.7717531453 4584234.944091095, 431643.626232617 4584244.350098996, 431688.36194079963 4584287.98294019))",1158.9356157978198,6.944444444444445,2.781445477914767,False
M-L2-217,M-L2-218,Encants - Clot,L2,"MULTILINESTRING ((431688.36194079963 4584287.98294019, 431844.2717045343 4584440.1438956205, 432037.16611845675 4584631.383729795))",489.48147379652653,6.944444444444445,1.1747555371116638,False
M-L2-218,M-L2-219,Clot - Bac de Roda,L2,"MULTILINESTRING ((432037.16611845675 4584631.383729795, 432077.1813310596 4584671.026216007, 432270.60881318885 4584858.736364996, 432279.1595049673 4584866.430586573, 432291.76629135554 4584875.8922020905, 432305.2806938066 4584884.00634627, 432319.5564954063 4584890.688899346, 432334.4442525461 4584895.867984029, 432349.7863111789 4584899.487342769, 432365.4185297856 4584901.511872871, 432372.5826784716 4584901.896823539, 432448.35287799104 4584904.199310235, 432463.4290815935 4584905.402077398, 432479.0078207213 4584908.24007964, 432494.21269511565 4584912.665978872, 432508.8819395305 4584918.632428294, 432522.8603107514 4584926.07425458, 432535.99915008753 4584934.915119202, 432548.1596438914 4584945.058605995, 432551.0335708888 4584947.788663911, 432766.6359666379 4585157.909410201))",930.0817095096058,6.944444444444445,2.2321961028230537,False
M-L2-219,M-L2-220,Bac de Roda - Sant Martí,L2,"MULTILINESTRING ((432766.6359666379 4585157.909410201, 433206.93784362637 4585587.016742456))",614.8161070387936,6.944444444444445,1.4755586568931045,False
M-L2-220,M-L2-221,Sant Martí - La Pau,L2,"MULTILINESTRING ((433206.93784362637 4585587.016742456, 433370.61647132377 4585746.688949128, 433416.48279936874 4585790.0019826675, 433600.7546046237 4585958.302114068, 433603.5997009652 4585960.982879215, 433613.31575336406 4585971.568000514, 433621.76185820135 4585983.192906396, 433628.8279812403 4585995.70538266, 433634.42069115036 4586008.940850071, 433638.46905947645 4586022.727861923, 433640.9204718557 4586036.887032405, 433641.7406478645 4586051.233257115, 433640.9203559537 4586065.578982441, 433638.4695939928 4586079.737589793, 433634.8835261894 4586092.206766778, 433620.16316116345 4586134.960035887))",732.7309312862371,6.944444444444445,1.758554235086969,False
M-L2-221,M-L2-222,La Pau - Verneda,L2,"MULTILINESTRING ((433620.16316116345 4586134.960035887, 433606.44741671614 4586174.79406892, 433604.21711929474 4586181.911469238, 433601.0091003907 4586196.224710827, 433599.39633344236 4586210.804216539, 433599.3963875997 4586225.47106816, 433601.0101501655 4586240.049832464, 433604.2175982228 4586254.363048611, 433608.9811721846 4586268.234527978, 433615.24001883797 4586281.499399438, 433622.92161886627 4586293.9962305, 433628.6805820185 4586301.692072917, 433662.51277204603 4586343.656977363, 433688.5699538699 4586376.263647199, 433774.85982076253 4586486.109759303, 433788.1479120557 4586503.701608421, 433801.1615273279 4586522.354093119, 433983.459417172 4586794.634187555))",784.3338576940926,6.944444444444445,1.882401258465822,False
M-L2-222,M-L2-223,Verneda - Artigues | Sant Adrià,L2,"MULTILINESTRING ((433983.459417172 4586794.634187555, 434019.6874931783 4586848.640963458, 434027.0192824922 4586858.929712895, 434038.5929751043 4586873.206789154, 434047.92539447197 4586883.891453056, 434052.86528054235 4586888.549580227, 434064.9174273509 4586898.307921746, 434077.9226827263 4586906.75301384, 434091.73984295316 4586913.79399462, 434102.02511415177 4586917.919371226, 434105.7028538098 4586919.23708484, 434117.1851784585 4586922.592144775, 434132.487743911 4586925.664843824, 434149.0871815604 4586928.376030027, 434324.1725616637 4586950.949644163, 434339.87245310645 4586953.810438385, 434355.1941259623 4586958.271285489, 434369.97752408055 4586964.282562027, 434384.0633176697 4586971.782423683, 434397.30455054186 4586980.691148388, 434409.55914093857 4586990.913425152, 434420.6966061235 4587002.342734462, 434503.60215772816 4587103.3190354435, 434515.1829874231 4587116.594202134, 434530.39090465877 4587131.801757663, 434546.69353901705 4587145.830310675, 434562.8522964035 4587157.816170683, 434646.41383105586 4587215.381626232))",824.0362750626238,6.944444444444445,1.9776870601502972,False
M-L2-223,M-L2-224,Artigues | Sant Adrià - Sant Roc,L2,"MULTILINESTRING ((434646.41383105586 4587215.381626232, 434860.7412582445 4587363.023282861, 434875.0510064102 4587371.59903536, 434888.6477983676 4587378.109447463, 434893.3461036059 4587380.068992686, 434907.79871146556 4587384.937401598, 434922.6923541059 4587388.215277973, 434937.85373970115 4587389.864213366, 434942.1499909758 4587390.043183586, 434948.35567726794 4587390.156130426, 434965.01887983235 4587389.337892772, 434980.86981724814 4587387.018122445, 435244.9689129954 4587335.552233496, 435269.9660340475 4587330.265603842, 435356.28565042885 4587309.614050285, 435368.93585338193 4587307.569115111, 435378.79161969724 4587306.696087187, 435389.68632731395 4587306.331182785, 435393.4862526724 4587306.411599239, 435405.78983710293 4587307.186605883, 435421.0307768077 4587309.600827451, 435435.9365495658 4587313.594670549, 435450.34298731637 4587319.124076549, 435464.09163310035 4587326.1293907575, 435477.0339089191 4587334.534215148, 435483.87141681096 4587339.813670412, 435496.6318025055 4587351.344479538, 435507.83627241396 4587363.706349782, 435515.00018063677 4587373.082077205, 435553.57582091267 4587427.365142397))",1017.248936373391,6.944444444444445,2.441397447296138,False
M-L2-224,M-L2-225,Sant Roc - Gorg,L2,"MULTILINESTRING ((435553.57582091267 4587427.365142397, 435588.0759196717 4587475.910134506, 435611.98428657453 4587507.999737653, 435628.28155505384 4587528.427046627, 435808.3524462958 4587748.032047445, 435834.75087650237 4587778.107308993, 435845.6578973826 4587789.852788816, 435961.83937002026 4587912.970090479))",635.0242072086187,6.944444444444445,1.5240580973006848,False
M-L2-225,M-L2-226,Gorg - Pep Ventura,L2,"MULTILINESTRING ((435961.83937002026 4587912.970090479, 436342.8991548365 4588316.776064772))",555.2169166004522,6.944444444444445,1.3325205998410854,False
M-L2-226,M-L2-227,Pep Ventura - Badalona Pompeu Fabra,L2,"MULTILINESTRING ((436342.8991548365 4588316.776064772, 436527.7905028749 4588512.639313329, 436587.1098080138 4588576.191891062, 436643.0964107069 4588635.246428052, 436656.9610596749 4588648.952356162, 436686.75430374243 4588677.686321751, 436703.5816206956 4588695.4666521335, 436719.87947729474 4588714.51626211, 436757.13369855087 4588760.817545208, 436774.0143252071 4588781.296655566, 436805.55328758934 4588816.9095495, 436840.2138916907 4588859.718776618, 436860.5772792523 4588884.000338358))",768.4045053115177,6.944444444444445,1.8441708127476424,False
M-L3-314,M-L3-315,Zona Universitària - Palau Reial,L3,"MULTILINESTRING ((425684.0236705095 4581780.029002139, 425785.08768077096 4581813.008383495, 425963.06840570614 4581870.137966103, 426013.7862916389 4581886.646378491, 426177.10733455734 4581940.335694728, 426301.48933181574 4581980.762363626))",649.2770603629197,6.944444444444445,1.558264944871007,False
M-L3-315,M-L3-316,Palau Reial - Maria Cristina,L3,"MULTILINESTRING ((426301.48933181574 4581980.762363626, 426909.974567476 4582178.408333747))",639.7798148751071,6.944444444444445,1.5354715557002572,False
M-L3-316,M-L3-317,Maria Cristina - Les Corts,L3,"MULTILINESTRING ((426909.974567476 4582178.408333747, 426954.34722705756 4582192.916545383, 426982.5982239483 4582201.752868681, 426998.7811485479 4582205.8055915395, 427011.59415757185 4582207.849349633, 427014.3005668163 4582208.157394463, 427029.9801637649 4582208.9798456235, 427045.65908500896 4582208.157984674, 427061.16602399736 4582205.701308624, 427076.33236080414 4582201.6370507665, 427090.9905005915 4582196.011307769, 427104.98050583794 4582188.883421549, 427118.1467962946 4582180.330453855, 427130.3490511216 4582170.450407705, 427141.45119443646 4582159.347904567, 427147.244824445 4582152.513491321, 427151.7782363778 4582146.747648334, 427157.5372719357 4582138.133783357, 427165.84970095067 4582123.83617293, 427170.69007572246 4582114.74857511, 427240.48942782165 4581978.283357571, 427250.72664766375 4581957.8598892875, 427262.3826229276 4581932.073890184, 427264.49844470713 4581926.935287461, 427330.56884023757 4581763.810287799))",689.4424287587839,6.944444444444445,1.6546618290210813,False
M-L3-317,M-L3-318,Les Corts - Plaça del Centre,L3,"MULTILINESTRING ((427330.56884023757 4581763.810287799, 427352.4721430534 4581709.559153863, 427360.2673100289 4581688.95161339, 427364.9804487204 4581674.957927152, 427399.5250357252 4581567.157218179, 427402.79101775575 4581557.357218167, 427408.1508207124 4581542.03583537, 427415.20390977775 4581525.53390536, 427424.53900689626 4581508.35183236, 427432.77851836407 4581496.248136629, 427442.5915347845 4581484.696057131, 427453.5974683429 4581474.270102757, 427465.66545002727 4581465.095941995, 427475.83300674823 4581458.712120735, 427489.82230107114 4581451.583923827, 427504.47975928243 4581445.957962427, 427519.64624390093 4581441.893567467, 427535.15413218096 4581439.437940247, 427550.8330698101 4581438.61610208, 427564.4332755736 4581439.23403432, 427574.9928839868 4581440.437528238, 427582.5429817813 4581441.9064946985, 427586.24727529474 4581442.715522565, 427602.6691824585 4581447.2057985645, 427606.6239162562 4581448.474217675, 427623.4260173569 4581454.779406168, 427633.38295437966 4581459.362081725, 427747.26064009767 4581515.603582756))",636.0144606573946,6.944444444444445,1.526434705577747,False
M-L3-318,M-L3-319,Plaça del Centre - Sants Estació,L3,"MULTILINESTRING ((427747.26064009767 4581515.603582756, 427904.91043638904 4581593.507181034, 427914.9611109509 4581598.135935765, 427928.1287582512 4581603.222231187, 427933.32510429225 4581604.991432592, 427948.4911727415 4581609.055293311, 427956.97120238596 4581610.639750824, 427972.0412240827 4581612.278621379, 427987.20031838 4581612.278953359, 427995.13123651326 4581611.621676158, 428010.7900409095 4581609.145576314, 428025.95559354 4581605.0811373135, 428040.6139428271 4581599.454031615, 428054.6026442441 4581592.325825133, 428064.9777144348 4581585.755357215, 428069.96679301094 4581582.1473379275, 428075.19252132135 4581578.117282038, 428088.7075544821 4581566.310624046, 428096.8326393601 4581558.079326631, 428174.05818668555 4581475.447044283))",499.72756094251235,6.944444444444445,1.1993461462620296,False
M-L3-319,M-L3-320,Sants Estació - Tarragona,L3,"MULTILINESTRING ((428174.05818668555 4581475.447044283, 428220.5227844775 4581425.611890326, 428231.0280374314 4581415.344214375, 428242.2645274733 4581406.207364259, 428250.66765289055 4581400.3461929895, 428278.46496990125 4581383.151265422, 428286.2936637192 4581377.714402705, 428298.4954866072 4581367.834186556, 428305.67244161695 4581360.927104406, 428533.8446522657 4581127.116351501))",502.1271768062061,6.944444444444445,1.2051052243348945,False
M-L3-320,M-L3-321,Tarragona - Espanya,L3,"MULTILINESTRING ((428533.8446522657 4581127.116351501, 428854.5851998295 4580798.622167343, 428860.4723564692 4580792.776439767, 428871.5845470288 4580782.725844429, 428876.4040510448 4580778.700380744, 428890.3870005972 4580768.441778973, 428905.2689289699 4580759.53671305, 428920.91845606145 4580752.063086726, 428937.20075672417 4580746.088844018, 428953.96996960294 4580741.665381719, 428971.0784506106 4580738.833009943, 428986.3133277943 4580737.511264444, 428992.2476568944 4580737.233287988, 429050.08890217706 4580736.244957031))",671.8084370411136,6.944444444444445,1.6123402488986727,False
M-L3-321,M-L3-322,Espanya - Poble Sec,L3,"MULTILINESTRING ((429050.08890217706 4580736.244957031, 429102.97845883464 4580735.359924755, 429242.11703544203 4580733.787116002, 429485.4123190651 4580730.712181942, 429776.77456371847 4580726.721016135))",726.7487206569563,6.944444444444445,1.744196929576695,False
M-L3-322,M-L3-323,Poble Sec - Paral·lel,L3,"MULTILINESTRING ((429776.77456371847 4580726.721016135, 430078.5072707234 4580722.48496695, 430108.0618449642 4580721.863504337, 430142.95766087953 4580720.686612421, 430167.8952868056 4580719.495905119, 430200.6882131356 4580717.583447587, 430263.41138289904 4580713.411244231, 430299.06208730716 4580711.676030497, 430340.0337209746 4580710.662611202, 430518.6873784102 4580708.022966992))",742.2658956529494,6.944444444444445,1.7814381495670788,False
M-L3-323,M-L3-324,Paral·lel - Drassanes,L3,"MULTILINESTRING ((430518.6873784102 4580708.022966992, 430732.0618501627 4580704.613940223, 430764.51116920076 4580703.487850656, 430782.1921044241 4580702.38079301, 430819.4331385705 4580699.547097954, 430827.50612820487 4580699.195809903, 430839.9888372709 4580699.349823161, 430853.8504022027 4580700.969601095, 430867.42780132015 4580704.187592668, 430880.54248297005 4580708.961087484, 430886.538100582 4580711.597462107, 430898.184927826 4580717.501929686, 430904.3683132507 4580721.325641876, 430977.978592267 4580769.996360424, 430992.3741544015 4580780.463600173, 430996.9156881232 4580784.1919932095, 431004.57381662313 4580791.312612646, 431012.8800826968 4580801.070654376, 431018.3512707387 4580808.458586541, 431022.30910166644 4580814.215485707, 431067.8328332692 4580885.467793822))",626.167682880825,6.944444444444445,1.5028024389139802,False
M-L3-324,M-L3-325,Drassanes - Liceu,L3,"MULTILINESTRING ((431067.8328332692 4580885.467793822, 431093.54515820625 4580925.616493362, 431096.4673704117 4580930.476176425, 431102.0272385469 4580942.021335392, 431106.0642203979 4580954.18385799, 431106.8333090541 4580957.319758006, 431107.65016463754 4580960.905978888, 431109.6005537676 4580972.096855315, 431110.4023049149 4580985.3560044505, 431109.60089368944 4580998.614848388, 431107.2061995404 4581011.680104712, 431103.25405539945 4581024.361576141, 431102.3641102956 4581026.633903278, 431100.58202412794 4581031.035352313, 431095.935982476 4581040.9221812645, 431077.4100650721 4581075.325035363, 431067.5056190883 4581092.776290919, 431061.41884413036 4581102.67129704, 430852.77997940313 4581432.423729595))",629.4589301865853,6.944444444444445,1.510701432447805,False
M-L3-325,M-L3-326,Liceu - Catalunya,L3,"MULTILINESTRING ((430852.77997940313 4581432.423729595, 430768.2822792941 4581566.134944981, 430759.21752083255 4581580.998341143, 430746.93299299764 4581603.084948464, 430740.44941558695 4581615.9918060545, 430635.68676154624 4581831.39896628, 430631.70730190637 4581839.955177865, 430626.31183041877 4581852.928343969, 430620.7657766938 4581869.996581439, 430616.7732985397 4581887.492951076, 430615.3502079233 4581896.496565658, 430613.93376904714 4581908.4645810975, 430613.1568561933 4581923.035645168, 430612.2635327798 4581976.1791693745))",603.1199402564375,6.944444444444445,1.44748785661545,False
M-L3-326,M-L3-327,Catalunya - Passeig de Gràcia,L3,"MULTILINESTRING ((430612.2635327798 4581976.1791693745, 430610.90913766914 4582053.730099486, 430609.94465042255 4582070.102738608, 430607.5354147134 4582087.885956361, 430603.54226893774 4582105.382349099, 430600.9020175546 4582114.845075192, 430600.2377468331 4582117.164165183, 430594.6350389129 4582133.351410728, 430587.5871146222 4582148.801954053, 430583.0089755509 4582157.682589968, 430572.942389471 4582175.118398661, 430567.46150860493 4582183.415913678, 430560.99909642444 4582192.421211241, 430548.2660535252 4582208.0162228085, 430545.6814807496 4582210.889996484, 430415.9115469303 4582352.879726967, 430359.9675276973 4582414.616362743, 430221.1945260276 4582566.2781341355))",732.5959169723868,6.944444444444445,1.7582302007337283,False
M-L3-327,M-L3-328,Passeig de Gràcia - Diagonal,L3,"MULTILINESTRING ((430221.1945260276 4582566.2781341355, 430186.6481208802 4582604.088790688, 430175.510228856 4582616.995552043, 430161.67509107623 4582631.547136945, 430061.0885370595 4582741.826705708, 429836.1504768481 4582987.598676535, 429782.7514344088 4583046.250991515))",650.0928564198373,6.944444444444445,1.5602228554076094,False
M-L3-328,M-L3-329,Diagonal - Fontana,L3,"MULTILINESTRING ((429782.7514344088 4583046.250991515, 429750.6556349059 4583081.448679479, 429613.96158579236 4583230.450153569, 429589.1240962988 4583258.676490934, 429580.2077865334 4583269.676242272, 429568.81046277797 4583285.175720322, 429539.7546757376 4583327.227540863, 429532.4036585061 4583337.55039274, 429516.7134453502 4583357.501812641, 429375.9384534457 4583519.401650817, 429241.11376350094 4583674.044894576, 429230.3934654535 4583687.338837435, 429218.95702401747 4583703.908503029, 429202.1210374729 4583731.506235262))",899.250560968215,6.944444444444445,2.158201346323716,False
M-L3-329,M-L3-330,Fontana - Lesseps,L3,"MULTILINESTRING ((429202.1210374729 4583731.506235262, 429184.09946450597 4583761.124127501, 429178.76656243205 4583770.246277251, 429168.74664260296 4583789.735573705, 429160.1762860042 4583809.902418044, 429156.0299888933 4583821.447854051, 429125.5053873492 4583912.221142866, 429118.2475810497 4583933.139082172, 429111.1948569768 4583949.640490108, 429106.78432410094 4583958.258479067, 429100.343451591 4583969.881934517, 429040.55429943535 4584068.873091223, 429034.4486200931 4584078.682435129, 429027.4018359479 4584089.273775166, 428987.56779103645 4584147.652865667))",470.75106140254195,6.944444444444445,1.1298025473661006,False
M-L3-330,M-L3-331,Lesseps - Vallcarca,L3,"MULTILINESTRING ((428987.56779103645 4584147.652865667, 428957.75686922774 4584191.440037227, 428951.56742183946 4584201.209198749, 428943.7095810069 4584216.183152626, 428937.333915876 4584231.844275332, 428935.0543108515 4584238.737161856, 428932.808787817 4584246.29145116, 428929.1908178957 4584261.777845031, 428917.4135822825 4584323.077443736, 428913.866678512 4584339.323703956, 428911.6089892271 4584348.442529149, 428904.4587325452 4584372.7960320255, 428895.7780741909 4584396.647176306, 428885.6011936713 4584419.900146494, 428873.96981290285 4584442.461274288, 428860.9323710557 4584464.240156844, 428847.34072351357 4584484.053735557, 428834.44242356217 4584500.92379125, 428765.1363639475 4584586.8062822865, 428753.6753498886 4584600.792231761, 428725.02544396865 4584633.966810035, 428695.18335735414 4584666.072932518, 428675.13034491614 4584686.638891125, 428659.56893899624 4584703.088070346, 428625.96872627654 4584739.280788577, 428606.54073399055 4584759.446630187, 428584.0886156567 4584781.042447163, 428566.2915164908 4584796.710039498, 428560.34461774846 4584801.644046333, 428551.52625801787 4584808.3251413405, 428543.010742005 4584814.269350809, 428530.67968269106 4584821.8334161425, 428524.0215263163 4584825.583126134, 428487.0636838974 4584845.064154503))",882.8066058240657,6.944444444444445,2.118735853977758,False
M-L3-331,M-L3-332,Vallcarca - Penitents,L3,"MULTILINESTRING ((428487.0636838974 4584845.064154503, 428442.7645774599 4584868.4140556855, 428427.35895896534 4584877.617519091, 428420.55810646643 4584882.310271312, 428415.2841046713 4584886.301765847, 428404.4130487505 4584896.015587376, 428394.6985690404 4584906.886019522, 428386.2630178065 4584918.776390712, 428379.2110400462 4584931.53466039, 428373.63219079794 4584945.004496409, 428369.5974605921 4584959.011986076, 428367.1552948296 4584973.385661151, 428366.3372798033 4584987.939787275, 428366.5555075695 4584996.815580831, 428367.3069851431 4585007.210538286, 428375.642071659 4585070.156420252, 428376.5786465439 4585078.564332467, 428377.3845837644 4585096.49213463, 428377.36717195506 4585100.222913078, 428376.5477809224 4585115.144563611, 428374.0918089441 4585130.651993246, 428370.02771226794 4585145.818932492, 428365.9545380156 4585157.111019015, 428362.51799555274 4585165.504476763, 428359.6338409338 4585171.608582602, 428333.395417497 4585224.054643724, 428318.9683770947 4585253.490551409, 428239.3250516326 4585419.4291585125, 428235.4216345798 4585428.080463952, 428230.66404475213 4585439.764700891, 428225.1182217263 4585456.831723872, 428221.1253870188 4585474.328580162, 428220.0548922985 4585480.831125329, 428218.40378591453 4585492.667762486, 428212.7242685251 4585547.730616926))",794.0114191506175,6.944444444444445,1.905627405961482,False
M-L3-332,M-L3-333,Penitents - Vall d'Hebron,L3,"MULTILINESTRING ((428212.7242685251 4585547.730616926, 428188.2413360892 4585785.843312919, 428187.46217179333 4585806.872380405, 428187.1937203232 4585822.266042192, 428187.9955673128 4585848.8320390945, 428190.4019024024 4585875.302173204, 428194.40169979143 4585901.577738285, 428199.9798000429 4585927.564511353, 428205.8687973422 4585949.091453848, 428211.30153046554 4585966.413774323, 428221.5966598854 4585994.961867072, 428233.3976900005 4586022.922122728, 428263.73169795726 4586087.162054185, 428271.4712959144 4586103.949699255, 428286.2711594021 4586138.894086052, 428296.94852140406 4586167.021019901, 428353.53391386766 4586323.9390157005))",807.6613783869069,6.944444444444445,1.9383873081285765,False
M-L3-333,M-L3-334,Vall d'Hebron - Montbau,L3,"MULTILINESTRING ((428353.53391386766 4586323.9390157005, 428566.16882615094 4586914.459997589))",627.6373443096123,6.944444444444445,1.5063296263430697,False
M-L3-334,M-L3-335,Montbau - Mundet,L3,"MULTILINESTRING ((428566.16882615094 4586914.459997589, 428595.3144586109 4586995.42526157, 428605.7806982614 4587023.482548488, 428644.7114963398 4587121.856457308, 428654.05549137195 4587146.047706842, 428671.8181942663 4587194.502652134, 428677.34408897895 4587209.0153276585, 428682.046510156 4587220.859187836, 428693.81711371045 4587248.222011208, 428707.05238140596 4587274.906455779, 428721.7131240906 4587300.837414861, 428737.75508703035 4587325.934280732, 428755.13329159206 4587350.127556287, 428770.5704850294 4587370.42839213, 428779.158433864 4587380.959422474, 428788.23395703646 4587390.689575575, 428795.5920471808 4587399.196439343, 428800.2341016989 4587405.024240033, 428802.18106217997 4587407.243443606, 428858.453140414 4587469.518396737))",634.5248797668942,6.944444444444445,1.522859711440546,False
M-L3-335,M-L3-336,Mundet - Valldaura,L3,"MULTILINESTRING ((428858.453140414 4587469.518396737, 428904.25974578137 4587520.210711216, 428920.46074991167 4587537.117925869, 428939.1062166961 4587554.3409102615, 428950.93985726265 4587564.201824799, 428955.0209656422 4587567.470434412, 428969.54002354515 4587578.017813911, 428975.8509624171 4587582.032864899, 428986.87003384467 4587588.422150014, 429000.08339626767 4587594.917594841, 429004.80534511176 4587596.997469442, 429021.6079222251 4587603.3033893155, 429038.9067755236 4587608.076703316, 429056.5637064826 4587611.282130841, 429074.4380767257 4587612.891075787, 429092.3835529415 4587612.890540768, 429110.2581099966 4587611.280808363, 429128.63813683944 4587608.21833418, 429144.9211809008 4587604.321518659, 429203.64367633214 4587588.172267376, 429219.9318043223 4587584.274462647, 429237.7028526459 4587581.2137867985, 429256.52253521833 4587579.181029086, 429275.4491960596 4587578.773865089, 429294.3391355658 4587579.994810487, 429313.05355846015 4587582.835228538, 429331.45605704066 4587587.274244455, 429349.40926982474 4587593.27877814, 429366.7782237808 4587600.803511611, 429377.73329150665 4587606.325754009, 429389.5399586271 4587612.725718147, 429403.74002245674 4587621.570536295, 429435.5345827095 4587642.836721063, 429563.28928258055 4587723.6303257))",798.8816678212199,6.944444444444445,1.9173160027709277,False
M-L3-336,M-L3-337,Valldaura - Canyelles,L3,"MULTILINESTRING ((429563.28928258055 4587723.6303257, 429634.35668058554 4587768.4830208365, 429636.5479235492 4587769.998356041, 429671.7593594453 4587792.313742801, 429686.27773487696 4587802.862537892, 429690.71552654787 4587806.430087027, 429703.5674094258 4587817.7068198975, 429710.8739643709 4587824.850529312, 429724.2577201018 4587838.850134794, 429729.89510193956 4587845.326138538, 429787.4948241353 4587913.437604218, 429794.8143658303 4587921.851452209, 429812.3307475862 4587940.221206681, 429824.1468172091 4587951.389398016, 429836.22618803824 4587961.62684297, 429851.58945316717 4587972.688492923, 429864.6944028947 4587980.653245383, 429868.05293375487 4587982.537050287, 429883.19677205954 4587990.36548114, 429901.7182103063 4587998.25779773, 429920.81474748463 4588004.632360046, 429940.3632026933 4588009.4503954435, 429948.43937792187 4588010.960995054, 429958.09485489264 4588012.497387868, 429980.80842448527 4588014.937703506, 429995.52978321805 4588015.6512185745, 430064.5624191206 4588017.41927117, 430086.4172820661 4588019.018843329, 430102.62642715947 4588021.183786563, 430118.62111293036 4588024.154694606, 430134.3627096043 4588028.430463243, 430145.90575055487 4588032.159473741, 430166.37280706957 4588039.987033242, 430179.7950992371 4588046.083980989, 430255.2172254034 4588082.606671028, 430315.5167864695 4588110.73432319, 430361.78149222786 4588133.108593746))",926.6831820489248,6.944444444444445,2.224039636917419,False
M-L3-337,M-L3-338,Canyelles - Roquetes,L3,"MULTILINESTRING ((430361.78149222786 4588133.108593746, 430408.30893174344 4588155.6416194225, 430442.55000137945 4588172.894845368, 430505.27651286556 4588203.957428743, 430606.2418573346 4588252.861244022, 430622.2628564391 4588261.352287046, 430634.4354194683 4588268.851036029, 430644.38131977874 4588275.46071811, 430660.4760426455 4588287.555162057, 430675.54597469023 4588300.906329737, 430689.4933498049 4588315.425217831, 430702.22706605936 4588331.020538353, 430709.2927010663 4588340.556897748, 430717.3037527197 4588352.069416499, 430726.1077600453 4588366.649870193, 430768.0558894705 4588442.044763102, 430779.47144512436 4588460.7494548345, 430784.82451178087 4588468.569106496, 430790.6687842344 4588476.649421176, 430803.4020055555 4588492.24491764, 430817.3487617613 4588506.764049019, 430832.41795309744 4588520.115539053, 430848.5143162502 4588532.209261459, 430865.53019836097 4588542.969641948, 430883.3579914316 4588552.325546414, 430895.6073656727 4588557.976453319, 430904.93833498156 4588561.761102871, 430971.2419015406 4588586.112790373, 430989.6321339666 4588593.941365472, 431004.4000503594 4588600.987374295, 431015.06237650174 4588606.41824229, 431032.1029454859 4588616.571438947, 431048.24680606846 4588628.0977811515, 431063.38375316054 4588640.917261997, 431073.5568009405 4588650.856242553, 431084.73503562104 4588662.484409381, 431093.8871536152 4588672.422046094, 431104.74717843166 4588685.555506837, 431179.2047974145 4588782.1283210665))",1073.3544455179383,6.944444444444445,2.576050669243052,False
M-L3-338,M-L3-339,Roquetes - Trinitat Nova,L3,"MULTILINESTRING ((431179.2047974145 4588782.1283210665, 431218.6751676933 4588833.32708208, 431270.5046843547 4588900.994150916, 431296.2872515295 4588931.899558802, 431303.62934620015 4588940.255826498, 431314.03204587445 4588950.881335299, 431330.3528173402 4588965.504333401, 431347.69769209943 4588978.89742621, 431365.97242528957 4588990.98823629, 431385.0820234604 4589001.713275164, 431404.9240199766 4589011.013565809, 431425.3910439217 4589018.841279859, 431446.3749435858 4589025.154146841, 431467.764311937 4589029.9188084295, 431489.44446525624 4589033.108597925, 431511.29916596983 4589034.709075309, 431518.834989654 4589034.8941632155, 431544.2151099477 4589034.490569618, 431553.84214546735 4589033.91532446, 431711.5796250941 4589022.584134363, 431716.7640632648 4589022.0766108, 431735.73756134824 4589019.251587661, 431751.39238489605 4589016.5345549425, 431754.4387490584 4589015.807420124, 431776.8742564133 4589008.938328504, 431786.349081008 4589005.5069314595, 431849.32274206524 4588979.035357605))",781.231038643913,6.944444444444445,1.8749544927453914,False
M-L4-413,M-L4-414,La Pau - Besòs,L4,"MULTILINESTRING ((433585.1618938652 4586095.861698365, 433725.27838353807 4585952.354133594, 433741.9099611934 4585935.769637238, 433753.03844811 4585925.38874773, 433765.2845289798 4585914.666782209, 433821.8963466907 4585867.621316518, 433837.80822447495 4585853.99143362, 433854.7061262601 4585838.421792964, 433864.0196547828 4585829.311181128, 433874.60189717135 4585818.653467895, 433924.5189115607 4585767.624152116, 433932.13561263226 4585759.6505111335, 433939.2361289626 4585751.89032372, 433947.97353216185 4585741.714773043, 433953.65930566005 4585734.699189678, 434002.30676717934 4585672.7235461995))",595.29384649472,6.944444444444445,1.428705231587328,False
M-L4-414,M-L4-415,Besòs - Besòs Mar,L4,"MULTILINESTRING ((434002.30676717934 4585672.7235461995, 434155.5743999081 4585477.407929511, 434165.54257118376 4585465.107486894, 434189.1435824549 4585437.814198534, 434202.23929392465 4585423.675613288, 434218.2144745925 4585407.169298783, 434486.35844426067 4585135.137883072))",724.4012390878223,6.944444444444445,1.7385629738107735,False
M-L4-415,M-L4-416,Besòs Mar - El Maresme | Fòrum,L4,"MULTILINESTRING ((434486.35844426067 4585135.137883072, 434515.89517524175 4585105.176180722, 434524.38844589074 4585096.755598326, 434531.1990038322 4585090.430909302, 434543.1591768222 4585080.620011148, 434550.88537648215 4585075.079800291, 434559.2170884823 4585069.674018619, 434595.4520131912 4585048.256761166, 434608.2158554769 4585040.23736404, 434614.8492190432 4585035.656384981, 434621.2952955752 4585030.78954167, 434626.7330641501 4585026.256012255, 434631.9632259147 4585021.407932555, 434639.7256272545 4585013.012966535, 434647.9744782097 4585001.932294649, 434654.8814305544 4584989.96886243, 434660.3526585809 4584977.28450333, 434664.31448259676 4584964.050861939, 434666.7133492944 4584950.447173853, 434667.5166379378 4584936.656927725, 434667.1708658318 4584927.610169666, 434666.72635359934 4584922.903270697, 434664.3488186068 4584908.776453335, 434663.93670886423 4584907.011499707, 434659.98255856626 4584894.061376154, 434654.52479629 4584881.67219543, 434647.63850561634 4584870.014265749, 434644.3308828132 4584865.356533577, 434639.26883597806 4584859.030351846, 434633.8594143546 4584853.019298573, 434627.46070274536 4584846.583064596, 434620.0763111418 4584839.751597379, 434609.4833845308 4584830.5398168275, 434534.03439296066 4584766.183876974))",504.8475640882647,6.944444444444445,1.2116341538118351,False
M-L4-416,M-L4-417,El Maresme | Fòrum - Selva de Mar,L4,"MULTILINESTRING ((434534.03439296066 4584766.183876974, 434451.64980276034 4584695.911539187, 434439.0158976709 4584684.9187206905, 434422.36123541876 4584669.742176658, 434366.9703092197 4584617.926717813, 434355.81943982164 4584607.817700143, 434348.89406044496 4584601.977149342, 434342.5250229535 4584597.022002743, 434339.37400798436 4584594.7367609795, 434329.7893701682 4584588.487339401, 434321.8173326235 4584584.01528984, 434312.738335306 4584579.60547613, 434303.4605716893 4584575.6760076005, 434293.1082412674 4584571.786281414, 434276.95510329155 4584566.340436591, 434087.85179240437 4584505.335571909, 434077.88327681535 4584501.762415405, 434066.89495911414 4584497.268145928, 434049.2916983238 4584488.661720445, 434032.4586343055 4584478.631602102, 434016.51089319406 4584467.245573494, 434009.99664680107 4584461.987820125, 434003.2378651422 4584456.130530112, 433995.91594908625 4584449.384605259, 433986.5898354023 4584440.374227353, 433897.57375871483 4584352.470653234))",773.629239768596,6.944444444444445,1.8567101754446302,False
M-L4-417,M-L4-418,Selva de Mar - Poblenou,L4,"MULTILINESTRING ((433897.57375871483 4584352.470653234, 433830.502051423 4584286.337766706, 433819.57397975796 4584275.776744116, 433653.7272307416 4584119.633729577, 433604.38415442046 4584071.704475442, 433412.4969856387 4583881.117174544))",676.4150688111093,6.944444444444445,1.6233961651466624,False
M-L4-418,M-L4-419,Poblenou - Llacuna,L4,"MULTILINESTRING ((433412.4969856387 4583881.117174544, 433321.4175932391 4583790.7035645265, 432980.8682525058 4583454.630952131, 432935.0211102254 4583409.093071582))",671.4095788669242,6.944444444444445,1.611382989280618,False
M-L4-419,M-L4-420,Llacuna - Bogatell,L4,"MULTILINESTRING ((432935.0211102254 4583409.093071582, 432867.16877121106 4583341.446099261, 432722.82987403707 4583198.036994818, 432454.1295064334 4582934.193529697))",675.8632334069728,6.944444444444445,1.6220717601767345,False
M-L4-420,M-L4-421,Bogatell - Ciutadella | Vila Olímpica,L4,"MULTILINESTRING ((432454.1295064334 4582934.193529697, 432316.6076270009 4582799.114660395, 432309.649306957 4582791.990606497, 432303.60564732616 4582785.404269496, 432298.4833192129 4582779.353364252, 432294.27376303775 4582773.9056960875, 432287.153380319 4582763.223613321, 432280.1208907715 4582749.961530117, 432274.56519282435 4582736.016145521, 432270.54886894656 4582721.5523032, 432268.1203221075 4582706.738311095, 432267.30711835297 4582691.749334647, 432268.12008324434 4582676.758476315, 432270.54836825054 4582661.945703982, 432274.5643209072 4582647.482261435, 432280.1202024978 4582633.537360628, 432287.1523261213 4582620.273701715, 432294.8261884048 4582608.844899677, 432300.9995426362 4582601.111824162, 432308.27861968806 4582592.973161242, 432318.70503046986 4582582.265884814, 432551.0618809757 4582350.81234831, 432562.99204214744 4582338.634754141, 432569.1131226394 4582331.967166946, 432574.3571891176 4582325.846233721, 432579.0312734137 4582319.931569818, 432583.6511825039 4582313.495581509, 432592.14813526697 4582299.591304118, 432599.2181298812 4582284.908683592, 432604.791468674 4582269.596031331, 432608.81269608776 4582253.804857724, 432611.2414454755 4582237.690974731, 432612.053285953 4582221.415598423, 432611.24134341115 4582205.139782599, 432608.8121413761 4582189.026678064, 432606.9608998969 4582180.93441283, 432604.4798830779 4582172.196272184, 432601.596297629 4582163.597331612, 432598.01624136535 4582154.194367236, 432593.3416917232 4582143.087315273, 432527.2078061727 4581998.571548777))",1154.3965014762507,6.944444444444445,2.770551603543002,False
M-L4-421,M-L4-422,Ciutadella | Vila Olímpica - Barceloneta,L4,"MULTILINESTRING ((432527.2078061727 4581998.571548777, 432482.16305567307 4581900.523768961, 432473.6739838518 4581883.453495721, 432469.85444539855 4581876.378860881, 432465.7661369412 4581869.266763048, 432456.89203350304 4581855.302219806, 432448.70354121923 4581843.936011832, 432435.87984512467 4581828.51165943, 432421.84216235776 4581814.185615494, 432406.6841704179 4581801.050276615, 432403.05118349136 4581798.208543459, 432395.7704186749 4581792.822775531, 432387.50405730645 4581787.108686495, 432378.2489482737 4581781.087404384, 432368.02920057543 4581774.744274246, 432209.0836395185 4581679.118930003, 432164.1011413818 4581652.250324414, 432153.3491476269 4581645.902480685, 432108.6711106816 4581620.158295913, 431892.3198673356 4581497.871511044, 431851.60513319593 4581473.438399607, 431836.28855204576 4581463.544405496))",896.9002142765947,6.944444444444445,2.1525605142638273,False
M-L4-422,M-L4-423,Barceloneta - Jaume I,L4,"MULTILINESTRING ((431836.28855204576 4581463.544405496, 431775.17325580935 4581424.067248713, 431747.56848030206 4581407.2988068415, 431737.9595731195 4581401.823473881, 431729.8519472049 4581397.706317718, 431722.76954900485 4581394.655373595, 431714.8910266487 4581391.957235707, 431702.3128943035 4581389.086892472, 431689.47082538524 4581387.847842075, 431676.5757612947 4581388.261413187, 431663.83921820624 4581390.321170543, 431651.47076738457 4581393.99182842, 431639.67389555596 4581399.213730896, 431628.6409768624 4581405.90178916, 431619.5226457874 4581413.07808653, 431613.6439037567 4581418.659435554, 431607.3963950273 4581425.215766743, 431580.11232933006 4581454.768117849, 431542.9710427524 4581493.614602245, 431493.4029252372 4581543.14865086, 431484.84586568497 4581551.990794934, 431471.66953985847 4581566.224864819, 431315.5872958192 4581725.671529489))",679.1932887177729,6.944444444444445,1.6300638929226552,False
M-L4-423,M-L4-424,Jaume I - Urquinaona,L4,"MULTILINESTRING ((431315.5872958192 4581725.671529489, 431174.1742514075 4581870.316640632, 431147.8897041664 4581896.720225167, 431107.0210201464 4581938.191455127, 431083.1277806337 4581963.121408289, 431028.4514192268 4582018.302129142, 430894.3325753276 4582155.395812285))",601.7677253704403,6.944444444444445,1.4442425408890567,False
M-L4-424,M-L4-425,Urquinaona - Passeig de Gràcia,L4,"MULTILINESTRING ((430894.3325753276 4582155.395812285, 430859.9023162924 4582190.526217899, 430854.1522362606 4582195.969312894, 430848.32459357055 4582200.819150066, 430838.1600144278 4582207.611202751, 430827.19542084844 4582213.018610029, 430820.67460713314 4582215.500186877, 430806.73178913567 4582219.517119539, 430792.96639011195 4582221.885830215, 430779.9306191163 4582222.644342702, 430770.09101666044 4582222.222079205, 430755.4097632936 4582220.186225613, 430747.42069894215 4582218.380653616, 430737.87454882974 4582215.681762234, 430697.87145481526 4582202.37226314, 430691.1076042453 4582200.335195773, 430686.20077588165 4582199.078663472, 430682.11210302706 4582198.214009451, 430672.098265813 4582196.802059415, 430668.01029667864 4582196.448138345, 430645.81957569846 4582195.2926625, 430638.70157843793 4582195.30640233, 430623.5003423518 4582196.5222705295, 430609.49542189494 4582199.112350133, 430595.88617319684 4582202.5924473675, 430587.84956936643 4582205.1698074, 430576.13717408205 4582210.354933872, 430565.18458216795 4582216.995045388, 430555.1705207394 4582224.98072761, 430551.76173504617 4582228.226573992, 430544.5534119373 4582236.0843401, 430538.18377751205 4582244.380407827, 430536.04855034506 4582247.461941995, 430523.7477861006 4582266.876685287, 430508.8258107927 4582292.830649097, 430498.3062156992 4582310.333094714, 430492.11569338944 4582319.681150815, 430480.69478688744 4582334.565332342, 430474.77300281415 4582341.330517768, 430441.6327908101 4582377.630839857, 430428.41150011314 4582392.734468855))",583.96954600276,6.944444444444445,1.401526910406624,False
M-L4-425,M-L4-426,Passeig de Gràcia - Girona,L4,"MULTILINESTRING ((430428.41150011314 4582392.734468855, 430411.0916855502 4582414.638034944, 430395.24373416055 4582437.256962369, 430393.64076199825 4582439.767181172, 430387.44806381897 4582451.299291197, 430382.72004537896 4582463.504599528, 430379.52682901436 4582476.198121485, 430377.9192426115 4582489.188396872, 430377.9196344048 4582502.278688703, 430378.5324168706 4582508.881233657, 430380.1467477251 4582518.86497281, 430383.21933569666 4582532.598574547, 430399.81898048567 4582600.772855865, 430404.3888578816 4582618.238192859, 430407.2781364134 4582627.868830943, 430410.5030483038 4582637.276408738, 430418.0509535637 4582655.079540552, 430426.64643157995 4582671.052855965, 430436.6401710178 4582686.192250104, 430447.9498897275 4582700.3752766475, 430455.6782408826 4582708.77368319, 430466.3018992932 4582719.431497602, 430578.8593745353 4582829.520573761, 430682.614333577 4582930.222603919))",665.2565051788335,6.944444444444445,1.5966156124292006,False
M-L4-426,M-L4-427,Girona - Verdaguer,L4,"MULTILINESTRING ((430682.614333577 4582930.222603919, 430700.01998692396 4582947.138937451, 430737.56051393074 4582984.266497234, 430747.93079628755 4582994.917141776, 430754.0723868777 4583001.555677853, 430763.9287689873 4583013.7268002955, 430772.459159349 4583026.862125874, 430779.5693684227 4583040.815992252, 430785.1818859284 4583055.438137026, 430789.23497024353 4583070.565934633, 430791.6852619775 4583086.0354744345, 430792.5056129206 4583101.629398071, 430791.6895687196 4583116.933629582, 430789.2516289272 4583132.064611378, 430787.920754757 4583137.674289981, 430779.0611332509 4583171.777068691, 430773.4337681495 4583188.83158289, 430766.2801089403 4583205.302247583, 430757.658232431 4583221.054167337, 430747.6388057547 4583235.957878346, 430741.41139845934 4583243.93045126, 430733.60040085466 4583252.93408896, 430719.8648209421 4583267.388187843, 430533.70854136243 4583457.9615656305, 430497.9381738199 4583495.124188488, 430457.3537305501 4583536.818796324))",772.1985321609701,6.944444444444445,1.8532764771863282,False
M-L4-427,M-L4-428,Verdaguer - Joanic,L4,"MULTILINESTRING ((430457.3537305501 4583536.818796324, 430428.93477856566 4583565.778316171, 430376.0457296852 4583619.244118391, 430147.42899912794 4583853.416646699, 430135.8860954298 4583865.981034779, 430126.9321232208 4583876.63296423, 430117.95187726186 4583888.6308322, 430107.1546816783 4583905.4316061195, 430097.76319769793 4583923.055986753, 430089.8389941126 4583941.387903775, 430085.9383922373 4583952.289768273, 430082.3807572262 4583963.820079504, 430079.4750531962 4583974.47251856, 430076.3218971421 4583987.113660597, 430053.0513761173 4584084.94417785, 430049.98804416857 4584098.65256877, 430047.8350467425 4584110.543500763, 430046.7989851754 4584118.55427473, 430046.18633634155 4584126.436605421, 430046.18612631934 4584141.988467973, 430047.7859292935 4584157.459364968, 430049.9109321254 4584168.802673916, 430059.68943433114 4584213.701684637))",827.9084919970232,6.944444444444445,1.9869803807928557,False
M-L4-428,M-L4-429,Joanic - Alfons X,L4,"MULTILINESTRING ((430059.68943433114 4584213.701684637, 430087.7577982636 4584345.794076605, 430170.36080323736 4584725.791626012, 430173.3644920841 4584738.489936959, 430176.3369166611 4584749.1611562865, 430179.47516817134 4584758.480661481, 430183.0742595848 4584767.310525417, 430190.1814645069 4584781.259427317, 430198.7066871453 4584794.387479585, 430208.5591249064 4584806.553445063, 430219.6279726224 4584817.621831189, 430231.79339476285 4584827.47388686, 430244.9222716666 4584835.999871103, 430252.93105773185 4584840.3083557915, 430261.1354216396 4584844.183061121, 430273.17606830876 4584849.248805178, 430307.6082989655 4584862.758124547, 430329.94567918143 4584871.73965159))",753.6276911477046,6.944444444444445,1.8087064587544908,False
M-L4-429,M-L4-430,Alfons X - Guinardó | Hospital de Sant Pau,L4,"MULTILINESTRING ((430329.94567918143 4584871.73965159, 430380.7615374592 4584892.174199044, 430398.66644658 4584899.607517701, 430436.8959772278 4584914.569832933, 430472.4661757366 4584926.968688879, 430532.8883345244 4584946.366055239, 430576.7875816303 4584960.1077723615, 430590.061913558 4584964.433851862, 430602.42685674276 4584968.935217719, 430611.12061634107 4584972.542482001, 430621.6600859657 4584977.479959676, 430633.9467048808 4584984.017293694, 430649.42379484617 4584993.099956072, 430862.09633021377 4585122.807046517, 430871.35033257736 4585128.662046398, 430878.70856677485 4585133.714656552, 430880.8818944374 4585135.31381683, 430891.27228899905 4585143.853776333, 430902.3184443724 4585154.898968257, 430911.9803603768 4585166.807872087, 430918.11838420125 4585175.814811602, 430924.87252211093 4585186.851039535, 430948.6817380503 4585227.560281727, 430969.3126447146 4585263.762152663))",771.1263770070939,6.944444444444445,1.8507033048170252,False
M-L4-430,M-L4-431,Guinardó | Hospital de Sant Pau - Maragall,L4,"MULTILINESTRING ((430969.3126447146 4585263.762152663, 430995.3485892675 4585309.452165536, 431010.98130151397 4585337.437909967, 431017.06627892266 4585347.834409606, 431020.42489139404 4585353.229500718, 431026.30636187905 4585362.006922634, 431038.4130736635 4585377.839774316, 431047.7155595992 4585388.394391237, 431054.70545132464 4585395.617971029, 431102.17989408266 4585441.863596543, 431112.733727135 4585452.457455211, 431121.19751892204 4585461.584540433, 431133.853135986 4585477.084786306, 431145.22080250725 4585493.553267263, 431155.22595811065 4585510.882988463, 431163.80485580914 4585528.961301136, 431170.8995582141 4585547.671060647, 431176.46797603637 4585566.891641464, 431178.5852800093 4585576.242360785, 431180.8381357186 4585587.98335815, 431258.48070668615 4586033.959907741, 431261.817217494 4586053.882368096))",865.8300449087378,6.944444444444445,2.077992107780971,False
M-L4-431,M-L4-432,Maragall - Llucmajor,L4,"MULTILINESTRING ((431261.817217494 4586053.882368096, 431264.41746039747 4586072.836988326, 431266.8155884493 4586100.251729775, 431267.61675137427 4586127.760472856, 431266.7857010016 4586155.7854630565, 431259.95579854003 4586256.963494928, 431258.4366502545 4586285.2104267515, 431253.22157082945 4586477.32827545, 431252.6726131449 4586487.272827124, 431252.0309799289 4586495.203079326, 431249.9050708802 4586511.909862137, 431245.3426998264 4586534.096886654, 431239.6098165981 4586553.402728495, 431232.40901253896 4586571.857611044, 431228.2525412139 4586580.824981461, 431218.2386967206 4586599.507583877, 431212.220910165 4586609.313166991, 431208.3924760854 4586615.073127059, 431198.1938942494 4586628.730112044, 431190.4704387802 4586637.812481182, 431180.33081044035 4586648.78757567, 431148.47252604977 4586681.909846607, 431140.3909729767 4586690.844680781, 431132.87168109755 4586699.76528984, 431127.5098108322 4586706.647965764, 431115.9908559476 4586723.337641996, 431107.0869975991 4586738.575707515, 431100.73308712273 4586751.139229503, 431094.9120110769 4586763.933064828, 431087.91829599213 4586780.556374161, 430959.6788225794 4587094.983020025, 430866.3243675167 4587323.253008752, 430861.19363076595 4587336.320258873, 430857.1243761531 4587347.671952969, 430853.8222332584 4587358.243550956, 430851.2622212687 4587368.131886141, 430847.992867468 4587385.889004009, 430846.35080200643 4587403.869278922, 430846.3504857308 4587421.926012305, 430847.99295858113 4587439.907083509, 430851.2634186208 4587457.663855333, 430856.13539987244 4587475.05113405, 430862.56737786985 4587491.92165029, 430870.50788900483 4587508.137112948, 430877.06944886106 4587519.251742712, 430879.26581109595 4587522.634917354, 430885.5898873076 4587531.721094114, 430893.4465376712 4587542.142751387, 430937.8075225934 4587598.075381696))",1667.8339926794433,6.944444444444445,4.002801582430664,False
M-L4-432,M-L4-433,Llucmajor - Via Júlia,L4,"MULTILINESTRING ((430937.8075225934 4587598.075381696, 431047.47420231084 4587736.196708397, 431059.62302889465 4587752.031387503, 431069.34789704 4587765.575334445, 431083.77582222095 4587787.892438568, 431096.8321624283 4587811.039815311, 431101.93061363534 4587821.062727184, 431107.9400736035 4587833.663951483, 431141.32966558717 4587907.0040342845, 431149.4249869153 4587924.234236303, 431156.5773878081 4587938.344611827, 431164.87916989846 4587953.134657019, 431169.1985696912 4587960.240512739, 431178.4748726054 4587974.546091119, 431222.628445241 4588040.448383388, 431234.10200562136 4588057.056980174, 431254.3561673698 4588084.112152802, 431276.05852669774 4588111.30683728, 431286.0022502531 4588124.323814548, 431300.40468820056 4588145.244824706, 431313.4535351511 4588167.038088031, 431325.09282055387 4588189.615305415, 431334.8538570404 4588211.831765667, 431338.12290212983 4588220.182340437, 431341.91748022335 4588230.473163463, 431346.5249355634 4588243.667464023, 431379.8946680719 4588342.8253712505))",872.6021998440156,6.944444444444445,2.0942452796256372,False
M-L4-433,M-L4-434,Via Júlia - Trinitat Nova,L4,"MULTILINESTRING ((431379.8946680719 4588342.8253712505, 431412.10944313434 4588438.686815014, 431416.32754164084 4588451.990330274, 431419.62835102127 4588463.710385121, 431422.8179969967 4588477.539946273, 431425.456111785 4588492.235218453, 431427.6608604847 4588507.042300365, 431437.00395758403 4588573.534769344, 431439.33364142664 4588587.425787628, 431440.87780681805 4588594.332725882, 431442.84006638033 4588601.281222135, 431445.23195621965 4588607.990262609, 431450.61468403204 4588619.4674224015, 431453.1533725974 4588623.862328464, 431455.8696920323 4588628.136749765, 431462.3069852425 4588637.180145601, 431469.1111021629 4588645.881429879, 431509.18749126536 4588695.85355764, 431512.9205240697 4588700.755677489, 431522.31274545914 4588714.326675353, 431527.1427975869 4588722.157363396, 431556.29193991586 4588771.8202110855, 431563.54661004106 4588783.841539423, 431570.5255668233 4588794.537571314, 431573.95817077137 4588799.393712053, 431580.5094320685 4588807.976468228, 431586.2860573848 4588814.946639736, 431593.56970077846 4588823.241572166, 431630.6901731285 4588863.828125024, 431633.9777313646 4588867.134582604, 431641.5719904433 4588874.012108432, 431659.6544227787 4588888.763518525, 431672.1101267962 4588900.640302533, 431710.0687494146 4588942.140873005))",702.8247570222843,6.944444444444445,1.6867794168534822,False
M-L5-509,M-L5-510,Cornellà Centre - Gavarra,L5,"MULTILINESTRING ((422244.8308220877 4578837.646706203, 422318.9885469957 4578840.632642281, 422340.90157961985 4578840.63224379, 422358.77465864323 4578839.443825739, 422366.1224623886 4578838.5279949345, 422375.7930080783 4578836.558053657, 422386.8422976646 4578833.89164044, 422407.82697466935 4578827.578165235, 422416.87732621643 4578824.3269553, 422519.2904477793 4578785.682584971, 422535.0938348422 4578780.562905181, 422548.45922817325 4578777.065919851, 422557.89621123293 4578775.382958053, 422564.8453253622 4578774.492683763, 422584.9133200536 4578772.87168961, 422643.3406891959 4578771.481050809, 422671.6361904647 4578771.879914085, 422679.00957018964 4578772.255419171, 422698.1668075965 4578774.268495896, 422717.0884044472 4578777.878536914, 422735.6418778458 4578783.058083461, 422753.0064439108 4578789.483892247, 422760.80358907674 4578792.732885829, 422771.846808627 4578797.649424592, 422779.56727177196 4578801.476614829, 422985.1536475099 4578907.857601541))",781.8887005087131,6.944444444444445,1.8765328812209114,False
M-L5-510,M-L5-511,Gavarra - Sant Ildefons,L5,"MULTILINESTRING ((422985.1536475099 4578907.857601541, 423051.3783325651 4578942.189293489, 423062.10145894776 4578948.752916371, 423068.3233542816 4578952.976030481, 423080.46324792964 4578962.506936983, 423091.52201272146 4578973.273997371, 423101.37288525735 4578985.156417054, 423109.90483252483 4578998.0176902935, 423117.0217977178 4579011.7133806385, 423122.64182822884 4579026.0877995165, 423126.7029775299 4579040.978385115, 423129.15828602976 4579056.215755785, 423129.83744306467 4579065.202047572, 423130.1292482051 4579075.763530494, 423129.499878278 4579090.809317331, 423126.4429153097 4579127.243156127, 423125.8127836375 4579142.294504434, 423126.437518326 4579157.273704493, 423127.82988177595 4579169.225841021, 423131.09479028074 4579184.846570896, 423135.9471609584 4579200.049654857, 423142.3384149485 4579214.672395472, 423146.50043982605 4579222.439299897, 423214.3545680887 4579340.844286761, 423217.18087202485 4579345.639756536, 423224.5515423895 4579357.037854482, 423231.94381492643 4579367.634088735, 423243.90916546935 4579382.729742252, 423257.0954826585 4579396.772134377, 423271.4105277321 4579409.6612096885, 423286.7538061233 4579421.306992767, 423297.38688701845 4579428.618025491, 423303.120459376 4579432.278018979, 423420.0795103143 4579501.458659647))",789.3102489126879,6.944444444444445,1.894344597390451,False
M-L5-511,M-L5-512,Sant Ildefons - Can Boixeres,L5,"MULTILINESTRING ((423420.0795103143 4579501.458659647, 423656.1636368163 4579641.141683413, 423677.16837237566 4579653.234961393, 423710.0158375872 4579670.824053353, 423828.0256044656 4579731.211983944, 423843.31887404 4579739.204310232, 423878.23872963834 4579758.749834864, 423912.3498046025 4579779.675239027, 424018.74188868963 4579849.311512501))",692.8197098512437,6.944444444444445,1.6627673036429849,False
M-L5-512,M-L5-513,Can Boixeres - Can Vidalet,L5,"MULTILINESTRING ((424018.74188868963 4579849.311512501, 424591.51925524016 4580224.416679383, 424597.7027319854 4580228.67699579, 424609.227723325 4580237.951414176, 424612.248289765 4580240.6380264405, 424622.4215204364 4580250.626014189, 424632.27315601415 4580262.507096805, 424636.0114628121 4580267.781037334, 424638.7781419376 4580271.873724094, 424644.40522971074 4580280.869758628, 424649.15139657457 4580289.767254377, 424665.59171978064 4580323.028752793, 424688.14667409286 4580365.063668352))",857.6155838323672,6.944444444444445,2.058277401197681,False
M-L5-513,M-L5-514,Can Vidalet - Pubilla Cases,L5,"MULTILINESTRING ((424688.14667409286 4580365.063668352, 424764.94876358786 4580508.230392822, 424767.25072791486 4580512.367920562, 424775.8020351657 4580525.53509357, 424779.12232180464 4580529.960728972, 424787.08647062257 4580539.582145084, 424798.18809362326 4580550.684363136, 424810.3902039989 4580560.564950765, 424823.5587196856 4580569.117604613, 424837.54710921354 4580576.245032361, 424852.20571709017 4580581.87106909, 424867.37167067715 4580585.935230199, 424882.8797397483 4580588.391488282, 424889.14031228126 4580588.919514329, 424900.87272541923 4580589.325344167, 424915.91936359194 4580588.657617439, 425163.09819944727 4580566.874309659, 425171.6399024405 4580566.306476273, 425189.58477276727 4580566.30667084, 425201.87201760453 4580567.2302144505, 425216.24407053844 4580569.6722591175, 425228.5977053277 4580573.141086535, 425231.3899159732 4580574.077137327, 425244.77008249785 4580579.281909182, 425256.07023996196 4580584.894538483, 425263.3472038069 4580588.935396083, 425274.69345909 4580596.18305393, 425340.3717607546 4580642.419868443))",790.3151992241467,6.944444444444445,1.896756478137952,False
M-L5-514,M-L5-555,Pubilla Cases - Ernest Lluch,L5,"MULTILINESTRING ((425340.3717607546 4580642.419868443, 425409.11417612724 4580690.828568026, 425418.55061600625 4580698.143841866, 425425.6856211991 4580704.177090578, 425436.78766084654 4580715.279145711, 425493.50919205043 4580779.657410229, 425502.47910238494 4580789.365844756, 425516.37033850944 4580802.937529018, 425531.9316295235 4580815.935818904, 425548.4766470569 4580827.657181812, 425565.8992537407 4580838.027213972, 425584.0925695093 4580846.98040104, 425602.93892517925 4580854.459110779, 425622.31909499154 4580860.416828973, 425642.11227349594 4580864.815938931, 425662.19190544024 4580867.628874458, 425678.4277622416 4580868.7258927375, 425690.7469278035 4580869.069236822, 425745.6449718994 4580866.981045596))",485.24318636922317,6.944444444444445,1.1645836472861355,False
M-L5-555,M-L5-515,Ernest Lluch - Collblanc,L5,"MULTILINESTRING ((425745.6449718994 4580866.981045596, 425756.37809064775 4580866.552436563, 425864.3351154301 4580861.87998717, 425925.32749519 4580859.793001948, 426190.7027596591 4580849.387975091, 426344.8829615271 4580843.755823637))",599.6900466187524,6.944444444444445,1.4392561118850056,False
M-L5-515,M-L5-516,Collblanc - Badal,L5,"MULTILINESTRING ((426344.8829615271 4580843.755823637, 426463.73156695114 4580840.048638732, 426527.1021140136 4580838.323428522, 427030.98031641863 4580818.732621593))",686.5593402715471,6.944444444444445,1.647742416651713,False
M-L5-516,M-L5-517,Badal - Plaça de Sants,L5,"MULTILINESTRING ((427030.98031641863 4580818.732621593, 427573.23592658585 4580798.264803191, 427588.48095820984 4580798.239054903, 427593.5168980345 4580798.451884785, 427607.37835636514 4580800.071020612, 427620.95637735445 4580803.289616621, 427624.57990032237 4580804.437006676, 427627.99343813 4580805.577612882, 427643.19518698327 4580811.35480987, 427650.26376503747 4580814.539630639, 427679.79670800595 4580828.539930177))",654.9359481836832,6.944444444444445,1.5718462756408398,False
M-L5-517,M-L5-518,Plaça de Sants - Sants Estació,L5,"MULTILINESTRING ((427679.79670800595 4580828.539930177, 427711.17739991273 4580843.423477421, 427726.4350413873 4580850.879053279, 427732.2195810516 4580853.957955087, 427742.5524876868 4580860.8620005455, 427748.6692560364 4580865.977213324, 427760.63581703766 4580877.869094211, 427768.5132789738 4580887.376862618, 427806.76376020967 4580937.604070753, 427819.9036600461 4580953.464762602, 427942.4910727979 4581091.224845747, 427947.47536786634 4581097.452891843, 427949.9364176527 4581100.888100204, 427956.9461484642 4581111.655993464, 427964.0141231681 4581125.256784106, 427968.5434151797 4581136.362446281, 427978.17021071387 4581163.075924886, 427979.8593188613 4581167.3504245505, 427982.98930723034 4581174.484046483, 427990.09107954917 4581187.878010907, 427998.5968677797 4581200.42420198, 428008.41073330183 4581211.978129051, 428019.41590138245 4581222.402170453, 428031.2794651599 4581231.436497956, 428122.57066460326 4581293.568503114))",655.1508897616517,6.944444444444445,1.5723621354279642,False
M-L5-518,M-L5-519,Sants Estació - Entença,L5,"MULTILINESTRING ((428122.57066460326 4581293.568503114, 428216.0827407008 4581357.10524572, 428228.50976744853 4581366.254217606, 428235.73633887357 4581372.301475634, 428240.2083637827 4581376.329746265, 428249.7852601147 4581386.479594235, 428258.1189258135 4581397.673224772, 428259.8639121294 4581400.349521082, 428267.35070364136 4581413.007140209, 428274.484303532 4581428.087591616, 428278.1387858072 4581437.728737198, 428303.3869311072 4581510.949216442, 428307.0430307101 4581520.59258065, 428314.1756234077 4581535.674189719, 428317.07221027446 4581540.902774102, 428320.31894852803 4581546.362167814, 428328.7553696203 4581558.251013278, 428335.225115668 4581566.182247486, 428339.7511883493 4581571.127144575, 428564.0322068099 4581790.09182793))",678.4707303300947,6.944444444444445,1.6283297527922271,False
M-L5-519,M-L5-520,Entença - Hospital Clínic,L5,"MULTILINESTRING ((428564.0322068099 4581790.09182793, 428683.0178861393 4581906.219915799, 428706.4752054552 4581929.815944513, 428775.56349277124 4582001.448699104, 428784.72652815236 4582010.827202557, 428797.9819654036 4582023.968250044, 429025.2652894245 4582245.319905206))",648.0933764785932,6.944444444444445,1.5554241035486236,False
M-L5-520,M-L5-521,Hospital Clínic - Diagonal,L5,"MULTILINESTRING ((429025.2652894245 4582245.319905206, 429322.2438833213 4582534.631925397, 429432.8313506944 4582642.663244184, 429527.61463494215 4582735.519035492, 429561.95940547227 4582769.381947347, 429679.3683003307 4582885.892046771))",915.5290133746435,6.944444444444445,2.197269632099144,False
M-L5-521,M-L5-522,Diagonal - Verdaguer,L5,"MULTILINESTRING ((429679.3683003307 4582885.892046771, 429767.6589218299 4582973.644397925, 429791.4142746538 4582996.535898694, 429820.37375323754 4583023.119838377, 429835.12139725115 4583037.062105965, 429857.75149530964 4583060.2633864805, 429874.6809588255 4583078.596898191, 429891.89192244795 4583096.222688637, 429940.7904166258 4583144.169299338, 429958.5697405075 4583160.343036533, 429980.4546734613 4583178.236933173, 430003.3270601736 4583194.854509058, 430027.10942909 4583210.137676655, 430051.7260902433 4583224.039433524, 430077.0963401749 4583236.512824963, 430103.1370340227 4583247.517580746, 430123.0645399131 4583254.788656903, 430132.14555088157 4583257.829843525, 430268.4655028995 4583300.797719768, 430285.41531350935 4583307.342910398, 430296.0943753447 4583312.439607356, 430309.0835934108 4583320.255394349, 430315.52376834385 4583324.8932804745, 430323.2870079856 4583331.059525002, 430330.3505010894 4583337.487875759, 430374.7120945316 4583380.706735904))",869.436134780981,6.944444444444445,2.086646723474354,False
M-L5-522,M-L5-523,Verdaguer - Sagrada Família,L5,"MULTILINESTRING ((430374.7120945316 4583380.706735904, 430925.6018456707 4583917.602941689))",769.2444693958871,6.944444444444445,1.846186726550129,False
M-L5-523,M-L5-524,Sagrada Família - Sant Pau | Dos de Maig,L5,"MULTILINESTRING ((430925.6018456707 4583917.602941689, 430969.08116633794 4583960.039887174, 430977.38815263467 4583969.796742621, 430984.3786727984 4583980.535437161, 430989.93904195307 4583992.080514721, 430991.672962737 4583996.660583982, 430994.42444311414 4584005.4744790355, 430996.87491050095 4584018.05290166, 430997.7362762465 4584027.56319744, 430998.0270353755 4584035.179227313, 430997.3294640049 4584246.3472714815, 430996.70700094866 4584276.987189783, 430989.4769827088 4584470.409651352, 430989.372394518 4584476.01094843, 430989.7294929414 4584486.902815149, 430990.36436735396 4584495.104023283, 430992.82088833075 4584510.611337001, 430996.8848790657 4584525.776904739, 431002.51212752715 4584540.435717202, 431009.64004609466 4584554.424051417, 431018.1911421751 4584567.592760943, 431024.1706115017 4584575.362217598, 431030.49187736737 4584582.861953192, 431037.4474357103 4584590.085851374, 431133.380370348 4584683.762602363))",845.642205988833,6.944444444444445,2.029541294373199,False
M-L5-524,M-L5-525,Sant Pau | Dos de Maig - Camp de l'Arpa,L5,"MULTILINESTRING ((431133.380370348 4584683.762602363, 431176.3236127936 4584726.417882932, 431212.0526594572 4584762.970972156, 431252.54402961145 4584805.072639296, 431495.7160141882 4585059.319470375, 431519.99118906225 4585084.032402306, 431532.8309774077 4585096.58488321, 431596.00635164004 4585157.503109924))",662.2300705561402,6.944444444444445,1.5893521693347366,False
M-L5-525,M-L5-526,Camp de l'Arpa - La Sagrera,L5,"MULTILINESTRING ((431596.00635164004 4585157.503109924, 431650.6998453179 4585210.190342525, 431684.3433469179 4585241.822377713, 431896.255025452 4585438.012823451, 431913.3046356712 4585454.172531501, 431929.00476016564 4585469.747636082, 431953.16036461305 4585493.336157509, 431978.83258473757 4585517.7110201195, 431987.42557142675 4585527.284215371, 431993.91863958305 4585535.206169273, 432002.42586723634 4585547.753538926, 432009.5260698312 4585561.145742443, 432015.1375676288 4585575.228102828, 432019.19362077024 4585589.834700526, 432021.0314660928 4585599.535788274, 432022.95825496106 4585613.723825484, 432023.7614921087 4585628.769566603, 432024.606721636 4585702.204969007, 432025.0567201758 4585725.555655487, 432026.72207673383 4585787.097728152, 432027.47079014545 4585845.89823217))",865.8437743238857,6.944444444444445,2.0780250583773254,False
M-L5-526,M-L5-527,La Sagrera - Congrés,L5,"MULTILINESTRING ((432027.47079014545 4585845.89823217, 432028.30879050033 4585912.3355780225, 432027.48790070845 4585925.123820992, 432026.6744937993 4585930.345377034, 432024.3305048061 4585942.463990439, 432020.2944296008 4585956.473778605, 432015.5014106042 4585968.280096353, 432013.32457637426 4585972.836077854, 432006.3471513507 4585984.920513333, 431998.0142208783 4585996.113919575, 431988.43801444885 4586006.264247151, 431977.7476072982 4586015.233722057, 431966.08896212536 4586022.90328616, 431953.6190171927 4586029.165990735, 431940.5057909614 4586033.938098096, 431934.89401272096 4586035.531964238, 431925.3580941627 4586037.957718273, 431909.1320059017 4586040.962721232, 431578.8133123068 4586088.179309872))",592.7897208514468,6.944444444444445,1.4226953300434722,False
M-L5-527,M-L5-528,Congrés - Maragall,L5,"MULTILINESTRING ((431578.8133123068 4586088.179309872, 431345.07243230543 4586121.639116235, 431335.14192595484 4586123.403224114, 431319.97675419465 4586127.4675902845, 431306.18885117775 4586132.503741638, 431295.3259533496 4586137.371138715, 431284.3679559767 4586144.01481162, 431271.7783250924 4586153.433073848, 431259.417953211 4586164.636750256, 431248.21350418834 4586176.9974921765, 431237.94524211355 4586190.168750906, 431219.7647135539 4586215.466340483, 431202.923366868 4586241.673898683, 431200.0161061229 4586246.514657671, 431195.0129817423 4586255.311332939, 431187.7673851548 4586270.132687361))",461.6654860568914,6.944444444444445,1.1079971665365391,False
M-L5-528,M-L5-529,Maragall - Virrei Amat,L5,"MULTILINESTRING ((431187.7673851548 4586270.132687361, 431186.30171346944 4586273.131091594, 431179.0909480349 4586291.610536991, 431173.4321147723 4586310.62260197, 431145.02749145264 4586424.321431036, 431120.09644168563 4586523.153829982, 431117.7731239614 4586532.873245979, 431115.4288204125 4586543.986280195, 431113.17082641565 4586556.001161733, 431110.7167932306 4586575.685593089, 431110.5269809433 4586578.130044653, 431109.70414694224 4586592.112025209, 431107.3085398874 4586649.695751507, 431106.713488698 4586659.427584309, 431105.1081303692 4586673.982158597, 431103.5472040867 4586684.690255545, 431099.5209998747 4586704.416315839, 431093.9201506186 4586723.754341013, 431086.7810829731 4586742.579635115, 431078.15025916265 4586760.768517684, 431068.08339399146 4586778.203882516, 431061.08148692234 4586788.347625866))",537.8407260318656,6.944444444444445,1.2908177424764775,False
M-L5-529,M-L5-530,Virrei Amat - Vilapicina,L5,"MULTILINESTRING ((431061.08148692234 4586788.347625866, 431056.6462795534 4586794.77407936, 431044.640567219 4586809.545488776, 431037.4875007009 4586817.675515004, 431026.38527380215 4586828.777706368, 431018.53493181936 4586835.374423417, 431013.7603905739 4586839.069487739, 431002.1015494423 4586846.737336537, 430989.63049181766 4586853.000659316, 430976.51769148884 4586857.773451236, 430968.953612811 4586859.771986733, 430964.02691756067 4586860.828258185, 430947.5244456383 4586863.275188135, 430936.23987822176 4586864.009118588, 430452.61178381933 4586878.858303))",636.2383498162131,6.944444444444445,1.5269720395589117,False
M-L5-530,M-L5-531,Vilapicina - Horta,L5,"MULTILINESTRING ((430452.61178381933 4586878.858303, 430287.29704350384 4586883.926954318, 430284.2757422603 4586884.040452941, 430267.16197344416 4586885.547749322, 430263.4457333898 4586886.037684211, 430245.7876461941 4586889.242370114, 430230.7115498437 4586893.30821323, 430190.0663501448 4586905.993536068, 430180.2626440802 4586908.638501956, 430165.8912318025 4586911.079978543, 430154.579626568 4586911.857583679, 430143.31770850345 4586911.723173194, 430129.4577548271 4586910.103869756, 430115.8789842493 4586906.885269663, 430102.56093865185 4586902.026487862, 430090.0908192684 4586895.7638927065, 430078.43100092316 4586888.095622822, 430070.03282107896 4586881.320718331, 430064.70263087284 4586876.583535664, 430059.6745693658 4586871.550317399, 430027.8228549693 4586837.694498564, 430017.72804382443 4586827.959357719, 430010.097076037 4586821.727806108, 430000.10137079173 4586814.381089285, 429987.11210522655 4586806.565943906, 429973.3538799827 4586800.201650833, 429965.29941663874 4586797.274047432, 429953.94645859895 4586793.884307726, 429941.40277160873 4586791.534251973, 429930.3884252908 4586790.236400326, 429912.85760163073 4586789.4247186165, 429895.32662667776 4586790.236335356, 429813.0428613502 4586799.259269195))",683.0785914307288,6.944444444444445,1.639388619433749,False
M-L5-531,M-L5-532,Horta - El Carmel,L5,"MULTILINESTRING ((429813.0428613502 4586799.259269195, 429793.6213074826 4586800.973272731, 429775.6755381081 4586800.973136944, 429757.8018906783 4586799.36463424, 429744.7748163325 4586797.410436469, 429736.14681349427 4586795.838778093, 429723.3345744383 4586792.517975988, 429706.78899624594 4586787.414803088, 429692.6071829615 4586782.206532563, 429664.01083398086 4586770.292323703, 429600.35255381104 4586742.508985711, 429530.03284101473 4586710.767362039, 429507.8956488299 4586700.168724869, 429496.4845430747 4586693.93900812, 429476.1145768219 4586681.279184533, 429463.44545697165 4586671.930740471, 429451.7035818192 4586661.439661055, 429442.19325141975 4586651.5919047175, 429433.22374034516 4586641.249243596, 429424.41596068547 4586629.49937746, 429416.68064855685 4586617.016253905, 429409.0576404048 4586602.257040697, 429402.44357201515 4586587.01944374, 429397.51793763926 4586572.770195559, 429393.8363012523 4586558.151293919, 429391.42311693006 4586543.270197402, 429389.8165095692 4586526.352714447, 429388.99236401625 4586509.379852634, 429389.03228294564 4586491.379304253, 429389.36234155647 4586479.38930102, 429399.9985837636 4586221.176709534))",851.2102132273824,6.944444444444445,2.0429045117457174,False
M-L5-532,M-L5-533,El Carmel - El Coll | La Teixonera,L5,"MULTILINESTRING ((429399.9985837636 4586221.176709534, 429402.3204905264 4586163.999250478, 429402.6818316702 4586147.501140675, 429402.50996416574 4586130.999351323, 429401.7560542688 4586116.598373058, 429400.260608037 4586102.255703917, 429398.0298387441 4586088.0090337545, 429394.9843435219 4586073.429452722, 429391.2226148124 4586059.018965508, 429386.7508337983 4586044.811932033, 429379.2940393343 4586025.397869426, 429370.41906286374 4586006.589445265, 429360.22640885017 4585988.495602842, 429348.7908754463 4585971.160029114, 429336.1684548357 4585954.668786224, 429323.4939005703 4585940.28985991, 429309.8678300114 4585926.809598659, 429297.8467716562 4585916.285947315, 429285.27805749 4585906.423853102, 429272.19788177527 4585897.249612258, 429257.24916565773 4585888.008168187, 429241.75556012115 4585879.711394259, 429225.77753992955 4585872.389790907, 429208.53666195297 4585865.747865301, 429190.91932852 4585860.181101352, 429171.8514285526 4585855.497940716, 429152.507280055 4585852.136568546, 429132.9772848547 4585850.110535818, 429113.81543632195 4585849.408865979, 429094.647382051 4585849.950841705, 429077.14699218876 4585851.554623336, 429059.77831378643 4585854.231925152, 429042.6072620486 4585857.970997065, 429026.456072452 4585862.502853278, 429010.58707965876 4585867.941312226, 428998.85314689414 4585872.597553894, 428987.3074839641 4585877.701638392, 428949.6891643303 4585896.038862963, 428833.248049029 4585954.413463823))",838.8867505381027,6.944444444444445,2.013328201291446,False
M-L5-533,M-L5-534,El Coll | La Teixonera - Vall d'Hebron,L5,"MULTILINESTRING ((428833.248049029 4585954.413463823, 428748.8481107012 4585996.46389258, 428736.7879894598 4586002.923576338, 428725.0089176713 4586009.745801069, 428713.7079196584 4586017.333883908, 428699.59019426035 4586028.44385321, 428686.45829102624 4586040.704399062, 428674.57357513753 4586053.669930147, 428663.6378850373 4586067.444417064, 428650.9191574345 4586084.217659211, 428635.58758479287 4586105.516741761, 428616.43168294634 4586135.600533836, 428596.0321072632 4586163.196257501, 428585.8716866408 4586174.203013445, 428575.0242033021 4586184.17843551, 428563.11791690206 4586194.576249629, 428549.89483465016 4586204.40417928, 428536.2793170552 4586213.755249712, 428526.24661935586 4586219.655668708, 428515.85138739814 4586224.893503108, 428505.13935812056 4586229.446096465, 428486.5995525219 4586236.716364433, 428460.71714486793 4586246.325399711, 428388.53977553104 4586272.186611454, 428335.78331786685 4586291.970462911))",617.5555776645966,6.944444444444445,1.482133386395032,False
M-L9N-930,M-L9N-932,La Sagrera - Onze de Setembre,L9N,"MULTILINESTRING ((432038.42094064574 4585756.699184557, 432076.1943672589 4585734.529598717, 432103.9174491848 4585719.397133505, 432124.75313312473 4585707.451502299, 432145.77932823874 4585696.296891974, 432167.4754036615 4585685.18380766, 432189.5683313134 4585675.92347233, 432212.32220903155 4585668.250277235, 432235.2095211562 4585663.487079068, 432258.492050759 4585659.782799472, 432278.99755530147 4585658.592735485, 432300.29650777206 4585658.062589729, 432320.0081089312 4585659.915594228, 432339.58756912383 4585662.296163736, 432359.16641277925 4585666.132378049, 432380.99467155966 4585672.879894572, 432400.97208018176 4585680.023372562, 432419.8887473038 4585688.2249213485, 432438.14578880684 4585697.749477179, 432455.3442392752 4585707.936807209, 432472.5414426784 4585720.503533476, 432488.9458790715 4585733.203157681, 432504.1861653869 4585748.062080819, 432517.41665960226 4585762.763240857, 432530.75050349825 4585779.770636499, 432542.92177589657 4585797.76261438, 432552.54129006923 4585814.563741453, 432562.1041639491 4585832.555636, 432569.51249744155 4585850.546523431, 432575.46653503727 4585869.332610235, 432580.62524397223 4585888.778960332, 432670.9834739455 4586251.523283045, 432674.82084559224 4586271.367266321, 432676.9019201966 4586291.243137422, 432677.333815092 4586311.345308993, 432677.35045261774 4586332.352898254, 432675.92213767977 4586352.990884268, 432672.1910882292 4586372.676577374, 432666.50249246287 4586391.594407501, 432658.30049490655 4586411.702548709, 432644.27823946654 4586449.405205016, 432639.92633377557 4586464.501220415, 432636.71159969934 4586479.490056091, 432634.35610684374 4586495.575629451, 432622.4510657438 4586586.063913213, 432620.32527955883 4586609.6684461525, 432619.0123591494 4586633.159932714, 432618.35052999464 4586656.575408233, 432619.4539736509 4586757.732359346))",1562.4825732794618,6.944444444444445,3.749958175870708,False
M-L9N-932,M-L9N-933,Onze de Setembre - Bon Pastor,L9N,"MULTILINESTRING ((432619.4539736509 4586757.732359346, 432620.4689750457 4586850.648479829, 432619.6749292781 4586880.678072721, 432617.5584702375 4586911.370614088, 432614.12010502076 4586942.061038022, 432608.29866849753 4586975.531623277, 432606.57902873686 4586991.4070063615, 432605.3884429254 4587006.488046142, 432604.5950437189 4587022.495807965, 432605.6531260419 4587044.852715803, 432607.90290831827 4587066.1515195845, 432611.2098196029 4587086.657722511, 432617.0307747758 4587108.220818531, 432623.5132400216 4587128.593079394, 432631.45163507026 4587149.09834413, 432638.5953893251 4587164.312719134, 432646.9293443705 4587179.6581353, 432656.85207318014 4587195.13643725, 432666.9061560354 4587209.291175577, 432676.9600788421 4587221.72720179, 432687.5442337653 4587233.501016173, 432699.71499009593 4587245.804124562, 432712.0179920487 4587256.519419933, 432724.3214975477 4587266.574109163, 432796.0241232911 4587317.505996981, 432827.24517150165 4587338.010575215, 432859.1275115382 4587355.604631974, 432885.3215779515 4587367.643539436, 432912.4414848756 4587378.887868461, 432940.6195939792 4587389.7349958075, 432968.5334302414 4587399.393341286, 432997.3731141271 4587408.256021971, 433026.8748134045 4587415.531636091, 433059.81541793956 4587421.352152067, 433091.8301038965 4587425.718022936, 433420.1787586296 4587464.212758441, 433606.343457426 4587486.27488577))",1471.349873971008,6.944444444444445,3.531239697530419,False
M-L9N-933,M-L9N-940,Bon Pastor - Can Peixauet,L9N,"MULTILINESTRING ((433606.343457426 4587486.27488577, 433721.4086445141 4587499.929713825, 433733.1823560834 4587501.516127208, 433744.2959266507 4587503.368413857, 433755.6729678417 4587505.61689691, 433766.38810824935 4587508.39551403, 433778.4269099525 4587511.834860474, 433789.67187115585 4587515.539080152, 433800.7842592991 4587519.63979223, 433811.1031015304 4587524.402851789, 433822.613296224 4587529.430375763, 433842.58900843374 4587540.67357587, 433853.56883082935 4587547.553514887, 433862.6973768019 4587553.638780163, 433872.61958373885 4587561.179046182, 433882.01243870537 4587568.852957821, 433889.0230960712 4587575.599362237, 433897.8873082538 4587583.668946707, 433906.75040028617 4587592.532406091, 433914.95295651886 4587601.528484089, 433923.6844724254 4587611.450157613, 433930.03454860393 4587619.519434367, 433936.6490219125 4587628.911982215, 433948.9525719924 4587649.021235079, 433953.5835903166 4587658.148789844, 433959.2714373245 4587668.732273818, 433964.43048773025 4587680.241017041, 433969.06130004255 4587689.89929968, 433986.65624134615 4587728.26336081, 433993.5357808647 4587741.359672136, 433999.22444823495 4587752.87026724, 434005.97091049526 4587764.1147379745, 434013.10122727335 4587777.324248496, 434019.41216971574 4587795.599701961, 434023.1163148378 4587811.580666101, 434025.65664562985 4587825.550419328, 434027.56155619957 4587839.837960386, 434028.40887246176 4587854.231744702, 434028.09107593435 4587868.942596858, 434026.50392896833 4587883.441861875, 434024.3870897256 4587897.940408697, 434018.3550522356 4587925.88137777, 434015.4974981713 4587939.95700655, 434012.1101969294 4587953.292469145, 434008.9358932467 4587967.2621839475, 434005.0211142152 4587981.019931952, 434001.4222986371 4587994.884717324, 433997.718406647 4588008.219747448, 433986.9236137781 4588049.706412297, 433983.1110455708 4588062.844813363, 433976.55135430594 4588090.241056346, 433970.3080949366 4588117.334640818, 433967.0886761283 4588132.292947542, 433965.7663880715 4588146.315724863, 433964.7081057036 4588160.338312483, 433965.0173577003 4588174.167435378, 433965.765974237 4588189.1772218, 433967.0898318656 4588202.407517884, 433969.20641049324 4588215.900375089, 433971.8530460633 4588230.717405735, 433975.02802870277 4588244.475951329, 433984.1452629911 4588271.024038373, 433988.07368719403 4588284.499249676, 433992.4702940299 4588297.830293106, 434009.6478077853 4588346.734843506))",1126.925942507321,6.944444444444445,2.7046222620175704,False
M-L9N-940,M-L9N-941,Can Peixauet - Santa Rosa,L9N,"MULTILINESTRING ((434009.6478077853 4588346.734843506, 434037.07398994325 4588424.205756048, 434043.63070308935 4588439.997503945, 434050.6234277326 4588455.600973108, 434054.1046920933 4588462.756105915, 434057.8337578254 4588469.785738544, 434061.805531337 4588476.68103552, 434066.0157544408 4588483.433153768, 434070.4585084568 4588490.034375654, 434075.12953532906 4588496.475858124, 434080.0229266358 4588502.750993763, 434085.13192856486 4588508.852072574, 434090.4522832697 4588514.7702515265, 434101.9910930307 4588526.797176576, 434113.8900279794 4588538.468876972, 434126.1373023422 4588549.77546927, 434131.54832823924 4588554.465984863, 434137.10726350587 4588558.9786214745, 434142.80824071466 4588563.311212315, 434148.64784791577 4588567.456016794, 434154.6168764544 4588571.410898534, 434160.7102640449 4588575.170352527, 434166.9229787774 4588578.732204334, 434173.24662724795 4588582.092089537, 434179.6753220894 4588585.245620883, 434194.32969726436 4588591.835011773, 434209.2024507918 4588597.913933591, 434224.27762310015 4588603.472540341, 434239.53597412515 4588608.507677469, 434247.28483738704 4588610.7754653655, 434255.10487225966 4588612.786138178, 434262.986035416 4588614.537566896, 434270.9224500959 4588616.026474303, 434278.90241248114 4588617.251856695, 434495.5027245555 4588660.347144673))",627.9305015268278,6.944444444444445,1.5070332036643868,False
M-L9N-941,M-L9N-942,Santa Rosa - Fondo,L9N,"MULTILINESTRING ((434495.5027245555 4588660.347144673, 434652.04608827236 4588691.497414372, 434661.7563919129 4588693.601356143, 434671.38945871824 4588696.033542831, 434680.93440831685 4588698.791851834, 434690.37951504707 4588701.87305785, 434699.7155492271 4588705.272802689, 434708.93078533007 4588708.9878609525, 434718.0134778533 4588713.012786793, 434726.95440736716 4588717.344332077, 434735.74349916156 4588721.977035792, 434744.37067861756 4588726.905436879, 434752.8250358994 4588732.1240817895, 434761.0973218731 4588737.626391659, 434769.17746221385 4588743.406905332, 434777.0578685936 4588749.457918629, 434784.7276315849 4588755.773977879, 434792.1791530578 4588762.346268666, 434798.27836811705 4588768.104710833, 434804.1797574372 4588774.067013766, 434809.87822911644 4588780.224340622, 434815.3645348276 4588786.570112608, 434820.6344381518 4588793.097705731, 434825.6803515167 4588799.799415938, 434830.49719333847 4588806.6675165845, 434835.07904680277 4588813.694288564, 434839.4224910638 4588820.870879995, 434843.520784152 4588828.190689517, 434847.369670055 4588835.64487281, 434850.9657181175 4588843.22346784, 434854.3030318683 4588850.920975959, 434857.3789960598 4588858.725207258, 434860.1902002158 4588866.62842016, 434863.30493908044 4588876.419714205, 434866.08974405134 4588886.308356321, 434868.541195206 4588896.285494688, 434870.65751325194 4588906.338931893, 434872.43358778395 4588916.457610866, 434873.8701554711 4588926.630421902, 434874.96461185225 4588936.8462854475, 434875.71517778287 4588947.093004269, 434876.12257999484 4588957.358358612, 434876.1680119979 4588966.018171125, 434875.9084959867 4588974.67295886, 434875.3456236084 4588983.3138252525, 434874.4784506481 4588991.928565768, 434873.310249287 4589000.509379065, 434871.8400652727 4589009.042950485, 434870.07115072885 4589017.51925837, 434868.0050871847 4589025.92829614, 434865.64511668193 4589034.258932011, 434862.99283066887 4589042.502269665, 434860.05230636586 4589050.64716985, 434856.8284662094 4589058.683596003, 434853.3220562088 4589066.601549231, 434849.0766859193 4589075.387745468, 434844.55360101024 4589084.037661945, 434839.75936426636 4589092.537916618, 434834.6989478975 4589100.884024071, 434829.3764287239 4589109.06484526, 434823.7984293153 4589117.073659346, 434817.96988160233 4589124.901540175, 434811.89573745005 4589132.541781984, 434805.58425965934 4589139.984318304, 434798.68801254494 4589147.606449665, 434791.5483163224 4589155.000954962, 434784.17009245383 4589162.157797939, 434776.5641592016 4589169.072440569, 434768.7370983143 4589175.73372131, 434724.0975174767 4589216.28794232))",848.9867355761523,6.944444444444445,2.0375681653827655,False
M-L9N-942,M-L9N-943,Fondo - Església Major,L9N,"MULTILINESTRING ((434724.0975174767 4589216.28794232, 434652.5625661074 4589281.759427394, 434618.74875590537 4589311.564385577, 434611.7460339948 4589317.349033673, 434604.5752217071 4589322.926475707, 434597.2429404582 4589328.2899905415, 434589.7558316808 4589333.435077413, 434582.1213619362 4589338.356117782, 434565.7955521174 4589348.264415206, 434549.22802417964 4589357.764133225, 434200.1363485655 4589545.344530193))",621.9593857453889,6.944444444444445,1.4927025257889333,False
M-L9N-943,M-L9N-944,Església Major - Singuerlín,L9N,"MULTILINESTRING ((434200.1363485655 4589545.344530193, 434130.16044357856 4589582.861233208, 434113.30970320455 4589592.235764212, 434096.7466979821 4589602.107341758, 434080.4838976512 4589612.469188483, 434072.34782592783 4589618.006016084, 434064.38695385563 4589623.793290388, 434056.6087278414 4589629.823170874, 434049.020624588 4589636.091147587, 434041.6292753784 4589642.591607983, 434034.44463197014 4589649.316688621, 434027.4699947739 4589656.261917615, 434015.24157438317 4589669.254006519, 434003.4638126159 4589682.65614, 433992.148249805 4589696.451556138, 433981.30809633434 4589710.623477775, 433970.9565723745 4589725.156237948, 433910.220509678 4589812.247315031, 433898.496174225 4589828.521461798, 433886.2757317525 4589844.428220391, 433873.57408476697 4589859.953023208, 433867.94743544474 4589866.390893198, 433862.1001400722 4589872.629824597, 433856.0413247235 4589878.663072676, 433849.77759968524 4589884.482805427, 433843.3156056468 4589890.08452143, 433836.6644277768 4589895.457035134, 433817.9984213836 4589909.515449321, 433798.8723049448 4589922.9397114655, 433749.5586445576 4589955.105928361, 433743.7133293669 4589959.173214224, 433737.9966257587 4589963.420303084, 433732.4160199349 4589967.843795128, 433726.97481202363 4589972.439218625, 433721.6796326035 4589977.200961005, 433716.5354724106 4589982.126755599, 433695.3951663269 4590003.473932559, 433674.7294313004 4590025.279810383, 433641.23563510075 4590063.017401221))",771.8937606914287,6.944444444444445,1.852545025659429,False
M-L9N-944,M-L9N-945,Singuerlín - Can Zam,L9N,"MULTILINESTRING ((433641.23563510075 4590063.017401221, 433580.34902056144 4590131.6198134655, 433565.8811683772 4590147.412347553, 433550.92218106927 4590162.740885484, 433535.4869483964 4590177.589749256, 433530.2343734386 4590182.32237979, 433524.8239482878 4590186.87326829, 433519.26231311454 4590191.237912852, 433513.55610803654 4590195.411811559, 433507.7119833342 4590199.391572683, 433501.7365483761 4590203.1693636915, 433495.6347830531 4590206.741808189, 433489.4175234246 4590210.106586177, 433483.0888937133 4590213.258108517, 433470.279172902 4590219.147324808, 433457.30827798665 4590224.673872785, 433444.1870130312 4590229.832102304, 433430.9253570713 4590234.617481053, 433424.20457707765 4590236.810045618, 433417.41236710065 4590238.773444277, 433410.55872774357 4590240.505364482, 433403.6486487505 4590242.003539821, 433396.69214090385 4590243.2667678865, 433389.6975344566 4590244.292751425, 433382.6715200692 4590245.082539143, 433375.6232528689 4590245.632715838, 433368.5602586347 4590245.944322458, 433355.4804415864 4590246.077151688, 433342.4040854277 4590245.7702970365, 433329.3453851214 4590245.023627473, 433316.31937078305 4590243.837004159, 433303.34024766 4590242.21140605, 433290.4230869242 4590240.1511348905, 433277.5829290687 4590237.657161726, 433270.6920265829 4590236.074226703, 433263.8591081557 4590234.258711623, 433257.09172019816 4590232.213877492, 433250.3973783906 4590229.939654688, 433243.7836497165 4590227.441524562, 433237.25888506183 4590224.719409733, 433230.82980609155 4590221.777689013, 433224.5047945387 4590218.619615567, 433218.2897267569 4590215.248465689, 433204.61655710015 4590207.217518784, 433191.22636615305 4590198.72098912, 433178.1367828389 4590189.768704729, 433165.36210603995 4590180.371634649, 433160.6067647179 4590176.620636583, 433155.9777787461 4590172.715252436, 433151.48017946794 4590168.6576560065, 433142.90023520624 4590160.108946326, 433138.8271590342 4590155.62662917, 433134.9040277139 4590151.0119123245, 433125.04540194885 4590138.5912513025, 433115.6196506004 4590125.837950286, 433106.6377858934 4590112.768560073, 433098.10997489636 4590099.398529028, 433091.9810290745 4590088.657676103, 433086.5502364867 4590077.547298168, 433081.84224070515 4590066.11268752, 433077.874169323 4590054.399206209, 433073.32941647584 4590038.588536755, 433069.2511953365 4590022.650306921, 433065.644653486 4590006.598902117, 433064.41765774984 4590000.192775964, 433063.41164005117 4589993.747963661, 433062.62667295 4589987.272236503, 433062.0644993528 4589980.773350335, 433061.7260270088 4589974.259068757, 433061.6105036157 4589967.738281058, 433062.0688973095 4589944.8164899, 433062.0105187049 4589928.413571232, 433065.5394584383 4589763.283768668))",1006.5388611838281,6.944444444444445,2.4156932668411875,False
M-L9S-901,M-L9S-903,Aeroport T1 - Aeroport T2,L9S,"MULTILINESTRING ((422223.3834759514 4571177.338882955, 422103.9216426328 4571124.6263393, 422062.9978289517 4571108.7080243165, 422043.81762077793 4571103.17342157, 422021.2868364675 4571098.900573163, 422009.3919787975 4571097.691363884, 421989.4725521264 4571097.261098344, 421957.8022963236 4571100.693166355, 421929.8619542958 4571108.08794318, 421902.0732724449 4571119.22734485, 421875.23052883655 4571132.505116809, 421767.913987009 4571189.963455378, 421711.9880454177 4571221.291883048, 421618.4344073826 4571280.959248453, 421284.9906420469 4571506.594343319, 421243.097061379 4571538.348596471, 421206.53710667137 4571572.402457013, 421177.47228237113 4571605.067300237, 421151.37233539793 4571640.144991313, 421129.9615854393 4571674.637849183, 421112.5436990567 4571708.355753828, 421049.7500708708 4571849.984829478, 420983.3633937101 4572000.939064635, 420970.1044458171 4572035.731337141, 420960.7213174892 4572069.099161776, 420955.24709870166 4572102.627675007, 420953.676725284 4572126.848255155, 420954.38441224454 4572155.962704291, 420958.7708519645 4572189.64934601, 420965.5439645676 4572217.973918341, 420975.03143039736 4572245.507314013, 420987.1433369386 4572271.99181967, 420996.6211012593 4572288.940824941, 421009.9773674909 4572309.207464306, 421024.9287732382 4572328.328724477, 421044.8359346066 4572349.583469829, 421066.7112493082 4572368.80946232, 421086.295224751 4572383.147306791, 421108.37067318696 4572396.686494877, 421155.8393214933 4572420.036203395, 421434.75019616546 4572541.480480877, 421450.62503671297 4572548.269356794, 421463.0674337554 4572553.322208934, 421474.57789437135 4572557.676779463, 421492.0374970606 4572563.675849569, 421509.70606375806 4572569.02428758, 421521.58919494913 4572572.227964245, 421533.5486720861 4572575.136605729, 421550.8264820449 4572578.808364632, 421627.9424297472 4572592.834337234, 421641.20028428175 4572595.416046399, 421652.98394112417 4572597.945944807, 421671.2388043117 4572602.400208535, 421689.3295328841 4572607.475834523, 421707.23763267806 4572613.1663589, 421719.063608036 4572617.2980720205, 421736.6191633925 4572623.99950864, 421754.4204798477 4572631.444463079, 421927.2850506426 4572707.550507944, 421941.3943836627 4572713.589967585, 421954.9296597643 4572719.037167556, 421969.0022356342 4572724.231025559, 421985.3688327576 4572729.728930202, 422072.69851023855 4572757.022371226, 422089.1314795732 4572762.32216083, 422107.7255973503 4572768.888989322, 422122.5078954649 4572774.70174135, 422145.4287048715 4572784.5287688095, 422406.0237148226 4572899.51190752))",3510.096212474843,6.944444444444445,8.424230909939622,False
M-L9S-903,M-L9S-904,Aeroport T2 - Mas Blau,L9S,"MULTILINESTRING ((422406.0237148226 4572899.51190752, 422456.99867244234 4572922.005332515, 422490.67549097474 4572937.326770098, 422506.7523584497 4572945.418136807, 422516.39936902875 4572950.7035379475, 422523.3044949309 4572954.742453832, 422529.7857908706 4572958.764799264, 422537.8006234408 4572964.095387902, 422547.71486341505 4572971.284363764, 422555.99893449433 4572977.8412027275, 422565.4656894864 4572986.017585954, 422575.9567050191 4572996.03282454, 422585.81801034405 4573006.512229929, 422594.308586677 4573016.50661632, 422601.66641414777 4573026.034539717, 422610.02937349037 4573038.043274636, 422616.982669326 4573049.2121018395, 422625.51479453035 4573064.846397878, 422631.8549345319 4573078.350064519, 422638.14357534435 4573094.095977787, 422643.35397882084 4573109.9333174275, 422647.7754961682 4573126.931549337, 422650.89634610934 4573143.023192871, 422653.3671472633 4573162.777971722, 422654.29539068654 4573178.799693916, 422654.3025591145 4573193.786430679, 422653.5758025173 4573207.544108026, 422652.1053065148 4573221.588388616, 422650.4378495316 4573232.544805039, 422647.2200448497 4573248.313109147, 422643.38497305417 4573262.798930526, 422636.3370816298 4573283.608809048, 422631.47234905174 4573295.662944862, 422624.52216852363 4573311.176780468, 422605.73702848156 4573348.7450985, 422547.423493219 4573461.97200665, 422534.2555348695 4573488.365442261, 422522.1875807015 4573514.744953139, 422509.7520635971 4573544.95783254, 422500.59844844387 4573569.292215939, 422444.7438447494 4573720.945765467))",985.5593419150426,6.944444444444445,2.365342420596102,False
M-L9S-904,M-L9S-905,Mas Blau - Parc Nou,L9S,"MULTILINESTRING ((422444.7438447494 4573720.945765467, 422416.6554692233 4573797.2824193435, 422408.1341727139 4573821.73787566, 422403.93982950907 4573835.0374508165, 422400.15784432116 4573848.459198226, 422397.32427255216 4573860.071018246, 422394.9413297805 4573871.783504067, 422392.82739785104 4573885.402834729, 422391.411773442 4573899.112412144, 422390.69657237234 4573912.875573276, 422390.685608176 4573926.657857743, 422391.37681135116 4573940.422647619, 422392.7706353783 4573954.134408527, 422394.859917449 4573967.749915551, 422396.63885230536 4573976.764319999, 422398.72347218596 4573985.713282273, 422402.4180667001 4573998.989654198, 422405.255514963 4574007.728501104, 422408.3882088986 4574016.365378388, 422413.63412557077 4574029.108894376, 422419.52409174026 4574041.56907001, 422423.7998868375 4574049.700770792, 422428.35032498307 4574057.682981128, 422435.678353332 4574069.353931495, 422440.8906722872 4574076.920490525, 422446.35720004374 4574084.305580391, 422455.0202344616 4574095.022980574, 422464.21915685176 4574105.284998161, 422473.92939686385 4574115.064139879, 422484.12640832405 4574124.335132784, 422491.1807601191 4574130.221057709, 422498.43173909653 4574135.863955877, 422509.6580932327 4574143.857146708, 422516.84521936986 4574148.539223236, 422523.6466370855 4574152.691366162, 422537.54951138055 4574160.48173229, 422553.55734149704 4574168.555012279, 422566.1968022738 4574174.44585505, 422582.6000042082 4574181.685587895, 422693.52404777316 4574228.990942302, 422725.8257760085 4574242.9800733775, 422756.2216989313 4574256.454448811, 422786.50383156165 4574270.18108651, 422816.6713108849 4574284.1577735795, 422846.7216353456 4574298.385645423, 422878.4067097121 4574313.721014131, 422984.95230795746 4574366.019170174, 423001.0910573792 4574373.663451807, 423013.77501035196 4574379.320312719, 423024.7739405963 4574383.874761753, 423035.9106246052 4574388.080243603, 423045.3053928196 4574391.263848363, 423055.9295740884 4574394.424447491, 423064.74288146466 4574396.690468096, 423073.6275348912 4574398.65929364, 423082.5734445734 4574400.326590064, 423096.0850870989 4574402.261985562, 423109.6765043106 4574403.510396499, 423118.7660457739 4574403.960438869, 423127.86489739176 4574404.103951459, 423138.9460866202 4574403.865649006, 423150.8255155763 4574403.121503021, 423162.6693740382 4574401.942515606, 423174.47259206633 4574400.403130307, 423188.1921272908 4574398.253928086, 423215.5151120507 4574393.266223387, 423661.3018949642 4574307.964873556))",1688.0566451793663,6.944444444444445,4.051335948430479,False
M-L9S-905,M-L9S-906,Parc Nou - Cèntric,L9S,"MULTILINESTRING ((423661.30187162675 4574307.962653208, 423780.59891172097 4574285.233271761, 423801.97800934326 4574281.714697192, 423811.7361900185 4574280.383230196, 423821.52182426705 4574279.274658031, 423831.33451661887 4574278.43117619, 423841.1680007658 4574277.893931432, 423855.3011915898 4574277.71687929, 423864.7205023291 4574277.9956352, 423874.12555144087 4574278.59098721, 423883.5046197802 4574279.5030580545, 423897.502797577 4574281.460381793, 423906.7720539365 4574283.157502199, 423920.5556141278 4574286.284039733, 423929.6496262737 4574288.753570191, 423943.1220717086 4574293.028123779, 423956.36216484546 4574297.977974087, 423969.33458619646 4574303.587945372, 423982.00823645503 4574309.846148397, 423994.3494592277 4574316.7362793265, 424002.37681902957 4574321.671925979, 424014.0957615944 4574329.574529083, 424021.6796229221 4574335.167690415, 424032.69282695884 4574344.027008444, 424039.78002777137 4574350.237155991, 424050.00983797904 4574359.991819063, 424056.550530827 4574366.775058571, 424065.9233861971 4574377.354771356, 424074.75105269544 4574388.393195805, 424083.01064267196 4574399.862811824, 424090.6809313002 4574411.734971682, 424097.7423449567 4574423.97878986, 424104.1761590304 4574436.564482342, 424109.96778778854 4574449.457780786, 424115.10015814996 4574462.626663556, 424119.5620445935 4574476.0379377585, 424121.95751992555 4574484.3512304425, 424123.9248032212 4574491.980614134, 424126.1261199764 4574501.580548791, 424128.4377821613 4574513.170091561, 424130.7653149395 4574526.760222222, 424132.7961815317 4574540.397864676, 424151.11447855004 4574682.190042857, 424154.3771769068 4574709.832313509, 424155.50230670325 4574721.70850166, 424156.3690040023 4574733.605153907, 424156.84686501767 4574743.535091932, 424157.0636580588 4574753.47330816, 424157.0236684386 4574761.425666118, 424156.71777950786 4574770.606568093, 424156.08145680005 4574780.527047634, 424155.1611485821 4574790.42495664, 424152.9116360021 4574808.175439721, 424149.40145843534 4574829.760731593, 424131.0014447753 4574927.201584677))",1006.2617046468778,6.944444444444445,2.415028091152507,False
M-L9S-906,M-L9S-907,Cèntric - El Prat Estació,L9S,"MULTILINESTRING ((424131.0014447753 4574927.201584677, 424113.64388667047 4575018.5416395655, 424110.2862370032 4575035.477666728, 424106.22683828906 4575053.580180673, 424103.6949310449 4575063.510491649, 424100.41081088176 4575075.225141413, 424097.0498467723 4575086.233337307, 424092.3135768025 4575100.831068465, 424035.51959213597 4575270.918551632, 423979.9746192895 4575440.846951665, 423972.06306571513 4575466.837487218, 423944.75947273406 4575560.732693908, 423939.4617767218 4575579.757639888, 423935.102765757 4575596.988506594, 423932.123277277 4575610.487643457, 423929.4431315878 4575625.077289491, 423927.1645083677 4575641.24379476, 423925.82139327703 4575654.517053197, 423924.7655050373 4575670.281032933, 423924.09126110736 4575688.041772042, 423922.9344410866 4575771.640506958, 423922.5504627014 4575785.55213273, 423921.98069145763 4575797.467168152, 423920.7199050771 4575813.321013688, 423919.0033398953 4575827.130025006, 423916.5054678286 4575841.212587172, 423913.6646527853 4575853.395692849, 423910.9205855008 4575863.150672596, 423907.22905600886 4575874.49331978, 423903.12092175847 4575885.691556361, 423897.915107445 4575898.596729708, 423888.31133871805 4575920.434851619, 423846.3966480451 4576011.902330646))",1128.9910717037872,6.944444444444445,2.709578572089089,False
M-L9S-907,M-L9S-909,El Prat Estació - Les Moreres,L9S,"MULTILINESTRING ((423846.3966480451 4576011.902330646, 423820.5462491261 4576068.301433389, 423812.51665427553 4576086.188250095, 423807.8892577551 4576097.00339593, 423804.205265588 4576106.086567357, 423800.72298497526 4576115.250896019, 423797.4818139683 4576124.502629816, 423793.9726734547 4576135.730181466, 423791.08977878536 4576146.503709492, 423789.05491267383 4576155.469649524, 423787.331195749 4576164.49894145, 423785.92021886545 4576173.5837962255, 423784.824351338 4576182.71086516, 423784.0443355254 4576191.871257895, 423783.46929200983 4576205.648346625, 423783.48214703705 4576214.842605994, 423784.097936539 4576228.617184006, 423785.4270450994 4576242.342081009, 423787.464900178 4576255.980705408, 423790.2068943703 4576269.493135271, 423792.42285474663 4576278.416667322, 423796.32087006734 4576291.64271819, 423799.29849610373 4576300.34063702, 423804.3230355849 4576313.181804668, 423808.0407144929 4576321.588831605, 423814.1547749532 4576333.948911965, 423818.5825856045 4576342.005407523, 423825.74166961445 4576353.791606732, 423830.84883198724 4576361.435720215, 423838.9967643632 4576372.558698361, 423844.74501555774 4576379.733099077, 423853.8232177752 4576390.11353448, 423863.4268396421 4576400.006598993, 423870.10914214613 4576406.320731198, 423880.53129951423 4576415.350301012, 423891.4070544011 4576423.826640648, 423902.7077370569 4576431.728957033, 423913.23760526144 4576438.348092152, 423925.1675281636 4576445.131325701, 423933.8456046025 4576449.690307953, 423944.39162624365 4576454.901457636, 423956.8300486327 4576460.703460026, 423971.152496589 4576467.096412419, 424065.58396603214 4576508.26924109, 424093.52695684147 4576520.473366414, 424127.12622512097 4576534.944541902, 424143.59420906665 4576541.278759263, 424154.71144312155 4576545.124121736, 424164.0724399104 4576548.034104448, 424176.0518474106 4576551.264267078, 424184.957501953 4576553.284132327, 424198.4317181089 4576555.738161938, 424207.4774390684 4576556.988264711, 424216.56089909794 4576557.925990595, 424225.6704082916 4576558.553682397, 424234.79670581454 4576558.865885428, 424248.4925888094 4576558.748461586, 424262.1652055814 4576557.925156299, 424271.24748727627 4576556.986557661, 424280.29388387926 4576555.736350862, 424289.2910204197 4576554.175785623, 424298.22889198724 4576552.308297036, 424311.50418891327 4576548.932211454, 424324.5866703572 4576544.879768438, 424333.184783024 4576541.80564053, 424341.67273407953 4576538.438442244, 424354.1760214835 4576532.846555712, 424362.3435564608 4576528.763248305, 424370.367625327 4576524.402760397, 424382.1093104883 4576517.352155268, 424389.7297471931 4576512.3197230855, 424396.65274489793 4576507.412255789, 424402.9149175675 4576502.690436382, 424410.5734435993 4576496.57175851, 424423.94746990805 4576485.063030528, 424435.48975920933 4576474.44276223, 424449.633138869 4576460.865360904, 424750.7444143911 4576167.184843301, 424764.4982652358 4576153.21353199, 424776.45738492167 4576140.240128478, 424786.58494060533 4576128.265005142, 424794.96085905435 4576116.603383433, 424802.7387637861 4576105.1344970465, 424809.7610059107 4576093.585733834, 424814.33935749426 4576085.003465145, 424820.4400287097 4576072.788088723, 424825.7582020169 4576060.326563982, 424830.57899754454 4576047.109641663, 424834.37036853074 4576034.450758561, 424836.7354760968 4576025.164180679, 424838.8435407765 4576016.107875956, 424840.823020553 4576006.271255213, 424842.7703380433 4575994.701796604, 424844.49048138846 4575982.852675757, 424846.99433723616 4575961.582355037, 424854.2214532864 4575899.387608468, 424856.1073967523 4575886.087841208, 424858.53473648085 4575872.618147145, 424860.7799197025 4575861.681813473, 424864.3445384375 4575848.607829267, 424867.7352827868 4575837.33099456, 424872.25498978375 4575824.433660265, 424876.1277578365 4575814.849483612, 424880.68095963995 4575804.700900213, 424885.31759221776 4575794.525920082, 424891.37293873273 4575782.342174789, 424901.86518590373 4575762.108417909, 424943.14729199006 4575681.380516894))",2026.8460975028959,6.944444444444445,4.86443063400695,False
M-L9S-909,M-L9S-910,Les Moreres - Mercabarna,L9S,"MULTILINESTRING ((424943.14729199006 4575681.380516894, 424974.29133396066 4575620.533101078, 424980.80014983274 4575608.467997191, 424988.57977317023 4575594.895313138, 424995.96162258595 4575582.512542331, 425002.94640563364 4575571.95587475, 425010.8828616765 4575561.080722829, 425018.97980059043 4575551.317548104, 425027.87024155766 4575541.236416762, 425033.9821632427 4575534.649215034, 425040.3316343032 4575528.69576471, 425047.39600437705 4575522.107623494, 425054.93730986945 4575516.07415446, 425065.01665584673 4575508.216930996, 425072.79558470176 4575502.66067577, 425080.09897011676 4575497.898755484, 425090.4968281318 4575491.785884767, 425103.67273346096 4575484.801657575, 425111.5308198731 4575480.991121014, 425120.8970990425 4575477.100641138, 425129.1518078877 4575473.766790742, 425138.12210288894 4575470.513284568, 425150.90064898686 4575466.543248756, 425163.6807315132 4575463.289359353, 425172.8088691659 4575461.543158793, 425181.06404044334 4575459.955855505, 425190.7477889661 4575458.765760567, 425199.87576078455 4575457.733514766, 425213.2110214559 4575456.860014339, 425223.44942839356 4575456.621322776, 425230.5140132114 4575456.93938873, 425241.2293294149 4575457.336450128, 425251.5486081956 4575458.368251314, 425260.51787179796 4575459.479471699, 425267.66172920004 4575460.669448145, 425276.6307880637 4575462.574550085, 425285.04498946853 4575464.321049569, 425298.14226716466 4575467.812495982, 425307.19055236335 4575470.749392751, 425316.47812339105 4575474.004713901, 425327.82834274846 4575478.766595286, 425335.96413774823 4575482.416838243, 425344.1797469229 4575486.585886572, 425351.0260902166 4575490.101736426, 425359.4421435527 4575495.126997208, 425374.2285824772 4575504.7555670785, 425385.46264132834 4575512.637543612, 425399.67006303597 4575523.101503445, 425480.2332733878 4575584.302859105, 425504.9732110666 4575604.3961835, 425518.3020838046 4575616.384933098, 425533.696515471 4575631.970962874, 425547.35765528074 4575648.132166365, 425561.94909505465 4575668.753893678, 425577.697062079 4575696.96707657, 425588.62756366964 4575723.050164822, 425593.8426051351 4575739.15924201, 425598.67837435816 4575758.522036322, 425601.4498747287 4575773.84120756, 425603.7591004976 4575793.705104046, 425604.2766975671 4575800.684650848, 425605.05015876924 4575818.6667968165, 425605.187323915 4575838.666204194, 425604.9156517608 4575856.663502964, 425603.5071189562 4575918.395785461, 425603.34364046814 4575937.394572433, 425603.95396865834 4575960.037183069, 425605.18702044635 4575978.196711148, 425607.0806228344 4575996.299507094, 425609.84529978473 4576016.106559198, 425632.69439130736 4576159.033628299))",1295.503296226943,6.944444444444445,3.109207910944663,False
M-L9S-910,M-L9S-911,Mercabarna - Parc Logístic,L9S,"MULTILINESTRING ((425632.69439130736 4576159.033628299, 425649.80038002244 4576265.211161783, 425653.64544055506 4576285.8554314505, 425657.7827747078 4576304.398255277, 425662.9703778921 4576323.354457035, 425668.3362698029 4576339.784029388, 425674.4442675636 4576355.953969636, 425681.2806150019 4576371.828890998, 425688.8324272055 4576387.376728824, 425697.0834726938 4576402.565452899, 425706.01668371505 4576417.363041699, 425715.6124941523 4576431.738609692, 425725.8538713745 4576445.663466098, 425736.71708935057 4576459.108988708, 425748.1800733991 4576472.044317874, 425760.21999219 4576484.446373761, 425772.8114706854 4576496.288771676, 425785.92829771555 4576507.545135437, 425799.5434827351 4576518.1946482435, 425813.62915364484 4576528.21206105, 425818.62215817405 4576531.539648724, 425827.0520034391 4576536.917245958, 425836.4665996783 4576542.605664762, 425846.01114981726 4576548.0740399705, 425855.667450501 4576553.342543346, 425866.30897084816 4576558.886341116, 425877.0464897652 4576564.2448650785, 425902.3716181972 4576576.187274946, 425930.65981580294 4576588.867853556, 426358.4316120211 4576778.342820247, 426384.29077425867 4576789.220021703, 426410.3801330732 4576799.535392464, 426436.68377361627 4576809.286875843, 426466.03956014337 4576819.415003166, 426545.2874193546 4576845.236120344, 426563.3024624804 4576851.272539189, 426569.9047127536 4576853.593968174, 426587.7415426548 4576860.298424666, 426605.35726531676 4576867.565857432, 426622.7333916195 4576875.388679716, 426638.9307405206 4576883.239003044, 426764.70504475484 4576946.779631276, 426993.0128500314 4577053.324219932))",1718.9106425210284,6.944444444444445,4.125385542050468,False
M-L9S-911,M-L9S-912,Parc Logístic - Fira,L9S,"MULTILINESTRING ((426993.0128500314 4577053.324219932, 427331.58529253147 4577203.473234953, 427358.34900906484 4577215.5805381825, 427379.49627392204 4577225.827787098, 427389.9177069167 4577231.254955788, 427398.49791558087 4577235.973321963, 427406.96380699216 4577240.891583429, 427414.80119086266 4577245.715105341, 427423.64644405793 4577251.504498573, 427432.3152499872 4577257.556584802, 427444.9709165214 4577267.109525748, 427457.1878081348 4577277.218688283, 427468.94061386597 4577287.863227717, 427480.20735871064 4577299.021155664, 427490.9635804117 4577310.672729136, 427501.1889338301 4577322.79150225, 427510.86311867903 4577335.355469841, 427519.96663849696 4577348.339287863, 427528.48165946285 4577361.71648543, 427536.3895115678 4577375.460600063, 427543.67737056623 4577389.544000702, 427550.3282294492 4577403.93909816, 427556.32924256934 4577418.616041235, 427561.669248962 4577433.54607233, 427566.3370879714 4577448.700433999, 427570.32409801055 4577464.049233715, 427572.59839371167 4577474.3722008625, 427575.4332599972 4577489.974547416, 427577.56722412026 4577505.687148147, 427578.9974815355 4577521.480052745, 427579.5588518189 4577532.036626423, 427579.8108138276 4577547.8912558565, 427579.58497566346 4577558.460128611, 427578.6569541901 4577574.289897295, 427577.02303528576 4577590.062316044, 427575.5428383723 4577600.530461407, 427572.7401090436 4577616.138013585, 427569.24321199994 4577631.604829035, 427566.5289329121 4577641.822159082, 427561.8919876639 4577656.986149394, 427556.58098012535 4577671.927044146, 427552.672201301 4577681.749942229, 427546.60016848426 4577695.549295806, 427538.84996618214 4577711.3772600675, 427530.5481335813 4577726.924289248, 427520.8612962659 4577743.944085652, 427508.86955289124 4577764.153471943, 427362.82026894274 4578007.3199788425, 427348.9934827278 4578030.8367124675, 427341.85605412594 4578043.528867891, 427333.6647677651 4578058.587624132, 427259.7106169961 4578196.964905916))",1553.584119772538,6.944444444444445,3.7286018874540914,False
M-L9S-912,M-L9S-913,Fira - Europa | Fira,L9S,"MULTILINESTRING ((427259.7106169961 4578196.964905916, 427046.5794576374 4578595.818181095, 427006.39065398637 4578670.665429559, 426982.97805213527 4578708.9330665115, 426961.28320058645 4578737.734894043, 426934.5838502521 4578768.076109816, 426887.1858237899 4578819.407424827))",728.3844235155566,6.944444444444445,1.7481226164373358,False
M-L9S-913,M-L9S-914,Europa | Fira - Can Tries | Gornal,L9S,"MULTILINESTRING ((426887.1858237899 4578819.407424827, 426798.50771639746 4578915.35529694, 426757.9660276463 4578955.654155234, 426739.61121539853 4578971.186034821, 426712.9166104214 4578991.472134437, 426675.95239475777 4579016.25781825, 426537.17463162803 4579107.510702698, 426507.4495422125 4579125.980756047, 426481.4014916864 4579139.704893514, 426460.4792635265 4579149.179117439, 426429.83700983686 4579160.158751904, 426402.7347768458 4579167.163260473, 426366.86454880174 4579173.9482327765, 426317.40954282647 4579181.979477406, 426227.53183803166 4579196.171288421))",781.5323500488722,6.944444444444445,1.8756776401172932,False
M-L9S-914,M-L9S-915,Can Tries | Gornal - Torrassa,L9S,"MULTILINESTRING ((426227.53183803166 4579196.171288421, 426150.90153415775 4579208.403973571, 426129.2230703083 4579212.149965973, 426116.4790297148 4579214.712457728, 426105.7609688075 4579217.187709311, 426099.3701453014 4579218.839448848, 426085.58841568755 4579222.9181332365, 426072.0200763854 4579227.659736716, 426058.69677888864 4579233.05061188, 426045.6502196678 4579239.081551834, 426032.9103427846 4579245.735595278, 426021.6750104331 4579252.273275614, 426009.88706349506 4579259.823652103, 425998.4202344793 4579267.853750799, 425987.23667071253 4579276.342860919, 425973.83490746445 4579287.389442216, 425960.92841471103 4579299.011678248, 425948.5420588923 4579311.18710653, 425936.7006945526 4579323.892154325, 425925.4258300363 4579337.103283024, 425914.7389504602 4579350.794733645, 425904.6606926396 4579364.939645567, 425895.210867787 4579379.512276933, 425886.4075797474 4579394.483572479, 425878.2664339997 4579409.825612853, 425870.8046969974 4579425.509351513, 425864.03543003753 4579441.503564422, 425857.97171669436 4579457.779248042, 425852.625769698 4579474.304077, 425848.8539334441 4579487.78614009, 425845.8204698877 4579500.425710191, 425844.0084766301 4579509.241135476, 425842.41174636874 4579518.3297139015, 425840.4681548131 4579532.679103677, 425839.21879730036 4579547.105776654, 425838.66666328127 4579561.5752825495, 425838.81309207523 4579576.055408756, 425839.6577161451 4579590.510629425, 425841.19852927525 4579604.908766557, 425843.4309934708 4579619.215447656, 425846.351429929 4579633.398512218, 425849.95279178256 4579647.423613788, 425854.2263823201 4579661.258643554, 425859.16184367426 4579674.872620158, 425864.7479478229 4579688.231240409, 425869.4076646214 4579698.195160508, 425875.7592637089 4579710.67104703, 425883.9215583638 4579725.582189365, 426048.76707605965 4580011.728274667))",1091.4755273944527,6.944444444444445,2.6195412657466863,False
M-L9S-915,M-L9S-916,Torrassa - Collblanc,L9S,"MULTILINESTRING ((426048.76707605965 4580011.728274667, 426138.2871709007 4580167.056877463, 426145.67176133255 4580180.113143571, 426151.3839611638 4580190.6660753405, 426158.9727805997 4580205.876473675, 426165.2346861677 4580220.229920035, 426169.7245740665 4580232.068827358, 426173.69441494416 4580244.091791508, 426177.1347857052 4580256.276701681, 426179.4844882467 4580265.996754055, 426181.55881652486 4580275.779567431, 426183.76986909745 4580287.572850246, 426186.09842026833 4580301.377908743, 426278.4923864866 4580879.180950854))",908.0637693907979,6.944444444444445,2.1793530465379147,False
M-L9S-916,M-L9S-918,Collblanc - Zona Universitària,L9S,"MULTILINESTRING ((426278.4923864866 4580879.180950854, 426302.9159988947 4581031.977340449, 426305.17175433517 4581046.8068792205, 426306.7963076752 4581058.69610204, 426308.65408252965 4581075.592625477, 426309.7421558857 4581091.554331501, 426310.0284716132 4581106.882436955, 426309.54534620745 4581122.205042812, 426308.2923894403 4581137.483292818, 426306.2742507902 4581152.6805003155, 426303.4947095316 4581167.756656822, 426299.9617483156 4581182.673931941, 426295.6841970307 4581197.395597172, 426290.67254637065 4581211.88379702, 426284.93895907095 4581226.100659169, 426278.4989874104 4581240.012718192, 426271.36816065595 4581253.584288437, 426263.5645161733 4581266.779658857, 426255.1077970881 4581279.56643205, 426246.0194183751 4581291.912193673, 426236.32247812906 4581303.785622596, 426226.0417688482 4581315.157601062, 426215.202071163 4581325.997901126, 426203.8323912348 4581336.280692981, 426191.9600623021 4581345.980163789, 426179.61576174636 4581355.070466562, 426166.8302003157 4581363.529084744, 426153.6357718877 4581371.334594787, 426149.2506499552 4581373.736450162, 426139.48710199515 4581378.802331337, 426127.79559081874 4581384.485221067, 425957.20078244695 4581462.270804301, 425940.002202664 4581470.346350482, 425925.67135844566 4581477.4599702, 425916.82042534626 4581482.114901002, 425908.0777276717 4581486.967480254, 425899.46533531597 4581492.049680651, 425891.77702352527 4581496.888167431, 425880.99271000526 4581504.238743291, 425870.54013708944 4581512.053379227, 425858.92391953024 4581521.622000305, 425849.2842902559 4581530.342129212, 425840.0040037106 4581539.444979139, 425831.7482774135 4581548.153190345, 425822.0030579973 4581559.213844853, 425812.70662207983 4581570.652972952, 425803.87386063737 4581582.454876216, 425795.51709904324 4581594.598330987, 425787.6511935299 4581607.064308317, 425784.08951508574 4581613.090867695, 425778.6919546092 4581622.674767241, 425772.56694055506 4581634.141423941, 425763.0492320494 4581652.859810528, 425720.5778586484 4581738.173263531))",1142.7252349100652,6.944444444444445,2.7425405637841562,False
M-L10N-930,M-L10N-932,La Sagrera - Onze de Setembre,L10N,"MULTILINESTRING ((432035.5361591794 4585752.178536271, 432113.6571878769 4585707.911985048, 432135.88208539615 4585694.73647991, 432163.5057229989 4585680.289119596, 432188.905437379 4585670.288312319, 432214.1465336733 4585662.350885519, 432245.41989016184 4585656.000294243, 432278.7584166715 4585652.507267954, 432300.5061233619 4585652.506972011, 432327.4942018771 4585654.411841717, 432351.6242845003 4585658.2221327955, 432376.23057953134 4585664.25417932, 432400.04376880266 4585672.349968548, 432422.42802987946 4585682.351107217, 432444.9699571134 4585693.939662603, 432462.90895110415 4585705.210399228, 432477.51407634164 4585715.847223605, 432485.769176724 4585722.3553144345, 432496.8809891217 4585732.198714951, 432506.2487020802 4585741.246778845, 432514.66154329473 4585749.978445094, 432523.7101125617 4585760.297454488, 432531.64899266465 4585770.45694675, 432546.57069615676 4585791.412180005, 432559.9063778809 4585814.907015467, 432571.3359554728 4585838.878183665, 432580.22666658106 4585862.0547415605, 432585.9418173125 4585883.011452165, 432617.53476314247 4586011.12185941, 432655.79496832145 4586162.887190587, 432678.8136991745 4586256.549972494, 432682.14778191276 4586276.55297202, 432684.0529466708 4586299.889025969, 432684.0530590425 4586314.811284224, 432683.2592215318 4586337.989253249, 432681.1961547678 4586360.372963964, 432675.9575861416 4586384.820270331, 432665.16273008473 4586419.587228435, 432652.93935359287 4586451.337529374, 432646.2723274782 4586472.768186429, 432639.92113184085 4586503.883170289, 432634.84209710197 4586539.602893276, 432631.3501142706 4586568.336347371, 432627.0643689469 4586605.959499774, 432625.6349916553 4586628.344001694, 432625.15913290123 4586653.426506831, 432626.28054516506 4586758.048498391))",1575.6544497787734,6.944444444444445,3.781570679469056,False
M-L10N-932,M-L10N-933,Onze de Setembre - Bon Pastor,L10N,"MULTILINESTRING ((432626.28054516506 4586758.048498391, 432627.22381927364 4586853.769874281, 432627.0666090825 4586869.010045591, 432625.7963272695 4586891.870500284, 432623.73287346977 4586912.825316718, 432620.7167923584 4586937.271982667, 432614.2080325833 4586982.357031207, 432612.36931644985 4586997.829377043, 432611.6685349987 4587012.838125233, 432611.45622761024 4587028.078814802, 432611.8803272601 4587043.1070623435, 432612.9389321922 4587058.347015874, 432615.0553766461 4587073.58710801, 432618.2310103435 4587088.614151521, 432621.82884953637 4587103.219795204, 432627.26890152827 4587121.839740679, 432634.2153686561 4587140.360168426, 432643.80621448014 4587161.196466954, 432654.7204908239 4587181.040070948, 432668.61156828067 4587201.215714125, 432687.1328290646 4587225.0277899075, 432705.32311979274 4587242.556535745, 432731.45067950856 4587263.723200058, 432827.6943193327 4587331.852074806, 432850.514510271 4587345.412199591, 432894.50153143075 4587364.924760089, 432972.5539122239 4587394.6906512445, 433004.6349921236 4587403.949674129, 433036.716010207 4587411.225863938, 433066.4817027808 4587416.51733053, 433184.4202838675 4587430.274746329, 433607.40999185515 4587478.764001446))",1462.4979348415188,6.944444444444445,3.509995043619645,False
M-L10N-933,M-L10N-934,Bon Pastor - Llefià,L10N,"MULTILINESTRING ((433607.40999185515 4587478.764001446, 433722.1212224248 4587491.892485926, 433745.8289419106 4587495.596803384, 433757.8939232698 4587498.242022073, 433768.7945815333 4587501.205471827, 433803.19105831964 4587512.847241265, 433813.7892059528 4587517.5444621295, 433835.5763098191 4587528.232579011, 433845.9623600774 4587534.318533208, 433856.1318980774 4587540.75955289, 433866.0731556007 4587547.54797275, 433875.7751797299 4587554.673899408, 433885.2253772626 4587562.130785309, 433893.9961007228 4587570.2078816, 433902.7803912546 4587578.674574433, 433910.9298011748 4587587.247004755, 433919.0797249779 4587596.243568324, 433926.3816551491 4587605.979565951, 433933.895973556 4587615.187355263, 433941.093031176 4587624.6056732945, 433947.76102072047 4587634.553995174, 433954.0052182812 4587645.032468373, 433970.51575737237 4587676.887908674, 433975.0398438962 4587687.577514252, 433993.05802486266 4587727.369994579, 433997.0799990444 4587735.413944851, 434011.1563989768 4587761.87127624, 434015.38908145746 4587770.761571791, 434019.25766826456 4587780.313590818, 434031.27769821207 4587796.505147196, 434043.97783260903 4587812.063208888, 434064.69485847617 4587833.811315043, 434078.824054344 4587847.226879431, 434086.9196020185 4587854.528715287, 434102.6374651676 4587866.990543999, 434110.58722538635 4587872.784856289, 434118.9482050628 4587879.240491801, 434135.97393838334 4587890.009504664, 434144.86422689824 4587895.3267474165, 434163.6972074744 4587904.648209149, 434183.2787958343 4587912.875936608, 434203.1788801407 4587920.485720471, 434223.3356215113 4587927.383751665, 434243.72471758473 4587933.561371123, 434383.99908784905 4587973.357771829, 434416.5130046158 4587983.67714705, 434448.6452697319 4587995.130395829, 434480.35564044287 4588007.703443789, 434581.6558611097 4588049.939748473))",1189.6244322877246,6.944444444444445,2.8550986374905394,False
M-L10N-934,M-L10N-935,Llefià - La Salut,L10N,"MULTILINESTRING ((434581.6558611097 4588049.939748473, 434824.12635165104 4588151.035539009, 434840.05250501743 4588156.881989827, 434856.1586395601 4588162.215013125, 434872.4263299835 4588167.029224684, 434888.8404826731 4588171.318099859, 434905.3827226448 4588175.081805117, 434922.03794657445 4588178.31270534, 434938.78774975165 4588181.007636118, 434955.6154182947 4588183.165638236, 434972.50337306975 4588184.782429263, 435237.27300922945 4588205.864295813))",680.9978825306343,6.944444444444445,1.6343949180735222,False
M-L10N-935,M-L10N-936,La Salut - Gorg,L10N,"MULTILINESTRING ((435237.27300922945 4588205.864295813, 435464.61013875663 4588223.966735106, 435495.21952874155 4588226.669169302, 435525.903194316 4588228.335177663, 435556.6260433361 4588228.962853576, 435563.204279485 4588228.87203202, 435569.77630104055 4588228.5525538605, 435576.21798958216 4588226.919669761, 435582.88868489646 4588226.422789705, 435595.4802059747 4588224.061198766, 435608.1796850313 4588220.781576251, 435620.8897994899 4588216.349409714, 435632.94970220263 4588211.231348587, 435638.87122551916 4588208.503972925, 435650.19618073746 4588202.470949451, 435661.5197941805 4588195.90946232, 435667.34085079754 4588192.310323546, 435999.68010063947 4587935.511299003))",858.5019069001058,6.944444444444445,2.060404576560254,False
M-L10S-951,M-L10S-952,ZAL | Riu Vell - Ecoparc,L10S,"MULTILINESTRING ((427449.5049284538 4575054.928802838, 427473.360435409 4575105.857963319, 427526.17211192084 4575213.703323981, 427564.16642524884 4575295.195473326, 427702.92602712347 4575586.676680907, 427713.81741779717 4575608.248761837, 427730.3273712754 4575645.079084583, 427789.3606203556 4575767.989753478))",789.9391857714369,6.944444444444445,1.8958540458514483,False
M-L10S-952,M-L10S-953,Ecoparc - Port Comercial | La Factoria,L10S,"MULTILINESTRING ((427789.3606203556 4575767.989753478, 428095.8527356745 4576411.614946327))",712.8750280536672,6.944444444444445,1.710900067328801,False
M-L10S-953,M-L10S-954,Port Comercial | La Factoria - Zona Franca,L10S,"MULTILINESTRING ((428095.8527356745 4576411.614946327, 428463.9074733507 4577184.405475025))",855.9611505033886,6.944444444444445,2.0543067612081325,False
M-L10S-954,M-L10S-956,Zona Franca - Foc,L10S,"MULTILINESTRING ((428463.9074733507 4577184.405475025, 428649.3108600882 4577574.356251204, 428657.14323391713 4577590.7070095185, 428662.32876553474 4577602.084186349, 428668.9964113278 4577618.434195969, 428673.4940417818 4577629.9702526815, 428677.3043333793 4577641.294342741, 428680.85048598575 4577653.836793489, 428683.6017249004 4577665.266781913, 428684.81857175904 4577671.087148849, 428686.51271759265 4577683.416867709, 428687.72974548955 4577695.640248237, 428687.9939899453 4577708.393717953, 428687.5709168983 4577720.935217548, 428686.4600060364 4577733.211458634, 428684.55519994063 4577745.753090206, 428681.9621520253 4577757.817403791, 428678.9462186854 4577769.247461867, 428672.4377232469 4577789.408724009, 428665.5584847623 4577806.237230904, 428663.33538268664 4577812.269065609, 428658.4147052397 4577824.492843252, 428652.87325973785 4577837.143527975, 428647.4843985804 4577848.973326118, 428640.5892968348 4577863.4115718, 428596.5586621931 4577953.4326612605, 428584.2696946531 4577977.53580572, 428544.5613828044 4578052.746789108, 428419.3080486092 4578289.882080406, 428380.51642999717 4578365.6490560025, 428346.89270483365 4578424.253459337, 428317.9206138643 4578470.973064586, 428299.66873693105 4578499.062772238, 428285.9603611592 4578520.3725988865, 428274.3180255254 4578539.528049122, 428263.15373631066 4578558.967466848, 428243.65912749164 4578595.172504854, 428225.0243441573 4578629.903512133, 428214.00153152976 4578650.761673443))",1632.0825056538797,6.944444444444445,3.9169980135693114,False
M-L10S-956,M-L10S-957,Foc - Foneria,L10S,"MULTILINESTRING ((428214.00153152976 4578650.761673443, 428168.9395497232 4578735.616408918, 428156.2178162761 4578760.844938167, 428126.48793839035 4578822.001105277, 428114.61519390595 4578845.415973841, 428036.19583963417 4578992.858496853, 428023.8827380114 4579015.758287345, 428013.31160589686 4579034.722596491, 427977.1530896106 4579096.984724462, 427963.0939028305 4579122.008192483, 427920.37337110186 4579201.976116358))",624.6625982991274,6.944444444444445,1.4991902359179055,False
M-L10S-957,M-L10S-958,Foneria - Ciutat de la Justícia,L10S,"MULTILINESTRING ((427920.37337110186 4579201.976116358, 427876.17776763067 4579284.9256916, 427869.4750712069 4579297.2166628335, 427863.5485979199 4579307.651284785, 427856.84618987096 4579318.789784191, 427850.19856597704 4579329.042843423, 427841.6181735985 4579341.094938659, 427832.4563163988 4579352.713156536, 427822.7361163121 4579363.867291251, 427812.4807389602 4579374.531577723, 427801.71502226545 4579384.680234201, 427790.46381469525 4579394.288589073, 427778.7561683196 4579403.334149377, 427766.6177891196 4579411.7944553755, 427754.080259493 4579419.649209259, 427741.171837909 4579426.880366769, 427727.9249643788 4579433.469841821, 427714.3704167681 4579439.400674989, 427700.54237347073 4579444.661424215, 427686.4716226907 4579449.236239842, 427672.19488456036 4579453.1169848675, 427657.74382737797 4579456.292241549, 427643.1551818618 4579458.754982546, 427628.46319153544 4579460.50042564, 427613.70292510476 4579461.522669809, 427598.91033190466 4579461.820246129, 427584.12136123946 4579461.391685377, 427571.15810360434 4579460.429742447, 427556.25602710707 4579458.727752653, 427540.4353530888 4579456.342150316, 427526.6532708682 4579453.884022911, 427509.977692659 4579450.577716441, 427427.9835028837 4579433.167987522))",614.728797092584,6.944444444444445,1.4753491130222016,False
M-L10S-958,M-L10S-959,Ciutat de la Justícia - Provençana,L10S,"MULTILINESTRING ((427427.9835028837 4579433.167987522, 427306.2967204976 4579407.3001814075, 427288.64269830205 4579403.78990171, 427271.51131063415 4579400.765172244, 427254.31446275493 4579398.137514316, 427241.4287840833 4579396.421489771, 427146.23842452955 4579385.164020372, 427130.3682118493 4579383.125104997, 427116.5118323773 4579381.128159023, 427097.7802389888 4579377.950046199, 427080.97804882936 4579374.487218825, 427066.2460375977 4579370.930328423, 427051.6331416855 4579366.909276776, 427037.1553060495 4579362.429454145, 427025.79373842524 4579358.567820573, 427011.70643429033 4579353.415720939, 426994.9326668704 4579346.887282813, 426738.8695902973 4579242.07763209))",719.354662602223,6.944444444444445,1.7264511902453352,False
M-L10S-959,M-L10S-914,Provençana - Can Tries | Gornal,L10S,"MULTILINESTRING ((426738.8695902973 4579242.07763209, 426644.12538200023 4579203.362365586, 426627.3077481324 4579196.949567634, 426608.9127740103 4579190.653808225, 426590.2882626675 4579185.072117615, 426571.4618997028 4579180.211989401, 426552.4622299195 4579176.083128807, 426533.3177534223 4579172.69080005, 426514.05695928226 4579170.039156885, 426494.7066751467 4579168.133479907, 426475.29871361615 4579166.975668009, 426455.85986882704 4579166.567670648, 426436.42026942817 4579166.910292871, 426417.83993991296 4579169.248332215, 426402.493840344 4579171.364844508, 426384.91697379696 4579173.995895496, 426227.73676241346 4579198.882768333))",525.9064687165294,6.944444444444445,1.2621755249196704,False
M-L10S-914,M-L10S-915,Can Tries | Gornal - Torrassa,L10S,"MULTILINESTRING ((426227.73676241346 4579198.882768333, 426157.75351122225 4579209.730951509, 426136.1900674694 4579213.435781197, 426122.29968949314 4579216.2131234845, 426106.6888781019 4579219.9184669, 426093.06328507833 4579223.886736928, 426078.37861903483 4579228.915059548, 426065.94281042635 4579233.80945408, 426052.000135484 4579239.0811932925, 426039.2602530363 4579245.735225506, 426028.0249151913 4579252.2728959285, 426016.23696188466 4579259.82326201, 426004.7701260738 4579267.853350575, 425993.5873915195 4579276.342442269, 425980.18563020625 4579287.3901218865, 425967.2782911308 4579299.01235502, 425954.89274998393 4579311.186653595, 425943.0505496912 4579323.892809598, 425931.7756625024 4579337.102818093, 425921.0887711592 4579350.794259198, 425911.0105125052 4579364.940272316, 425901.5606750904 4579379.5128952395, 425892.7581991818 4579394.483064177, 425884.61704016826 4579409.825097244, 425877.15446453734 4579425.509947921, 425870.3851837154 4579441.5041547185, 425864.3214448985 4579457.77872266, 425858.9754835452 4579474.303546747, 425855.2036355658 4579487.785606382, 425852.17100874847 4579500.426275308, 425850.35900780995 4579509.241698907, 425848.76143323665 4579518.330284384, 425846.8178178055 4579532.678562109, 425845.5692954265 4579547.106335454, 425845.01713739603 4579561.574730517, 425845.1635535087 4579576.054856687, 425846.00732852565 4579590.5100864805, 425847.54812901944 4579604.908224798, 425849.78142837354 4579619.216009315, 425852.7018410004 4579633.397966091, 425856.30320185266 4579647.424180835, 425860.5759438175 4579661.259222737, 425865.51221816964 4579674.872084772, 425871.09832185775 4579688.231819945, 425875.7571821196 4579698.19464238, 425882.10960652004 4579710.670525768, 425890.27189929946 4579725.582785264, 426052.1866536448 4580009.626018494))",1081.3948982633344,6.944444444444445,2.5953477558320026,False
M-L10S-915,M-L10S-916,Torrassa - Collblanc,L10S,"MULTILINESTRING ((426052.1866536448 4580009.626018494, 426144.6369331442 4580169.173921952, 426152.0214986557 4580182.229084207, 426157.7336988748 4580192.7831310555, 426165.3225027707 4580207.993535883, 426171.584393955 4580222.346987587, 426176.0751065053 4580234.185890213, 426180.0441107337 4580246.209976425, 426183.4853061712 4580258.394880984, 426185.83415195666 4580268.11383366, 426187.909296112 4580277.8955300655, 426190.11951278767 4580289.689933412, 426192.44805127836 4580303.494993827, 426284.3698225351 4580878.33952017))",910.1871672260684,6.944444444444445,2.1844492013425643,False
M-L11-1136,M-L11-1137,Trinitat Nova - Casa de l'Aigua,L11,"MULTILINESTRING ((431774.76593479957 4589024.087104231, 431904.4976127234 4589166.078609019, 431913.20226598845 4589175.790526461))",205.37471828937254,6.944444444444445,0.4928993238944941,False
M-L11-1137,M-L11-1138,Casa de l'Aigua - Torre Baró | Vallbona,L11,"MULTILINESTRING ((431913.20226598845 4589175.790526461, 431920.19493398734 4589184.134039547, 431927.00173818157 4589193.144375987, 431936.8691570937 4589208.361315587, 431945.3516854967 4589224.390718291, 431952.3846696045 4589241.107724745, 431957.9125721783 4589258.379618341, 431961.8923863815 4589276.0735653, 431964.29273742926 4589294.049961485, 431965.0947696659 4589312.167975623, 431964.2929813512 4589330.28554149, 431961.8935745926 4589348.261594045, 431957.91361964773 4589365.956077269, 431954.69137958717 4589376.647461933, 431950.6193936514 4589387.934194176, 431946.06201002 4589399.033418123, 431939.9260531247 4589412.721172862, 431882.57163331227 4589535.357293664, 431875.8418697242 4589550.092164217, 431866.5807060903 4589572.484185945, 431857.1528909583 4589599.165754704, 431849.25167729286 4589626.3392387545, 431842.8987733403 4589653.916714744, 431838.1158651539 4589681.808039798, 431834.9188122327 4589709.925347514, 431833.3184516119 4589738.179709537, 431833.134406283 4589748.333992309, 431833.1865239348 4589763.335821067, 431834.33731901593 4589857.276006822, 431833.9432449392 4589875.270964079, 431833.4656218507 4589883.256278598, 431832.84312984993 4589890.228148867, 431832.18821497314 4589895.799131173, 431830.6797084639 4589905.447401016, 431826.6868551366 4589922.943364319, 431821.14060372615 4589940.012087099, 431814.0880843485 4589956.5132310875, 431805.58404673607 4589972.317489811, 431795.6982612766 4589987.294305336, 431784.5089525936 4590001.324143268, 431772.10695429327 4590014.296232745, 431758.5923157772 4590026.103046733, 431744.07440703595 4590036.651403765, 431728.66852567455 4590045.856948277, 431712.500062387 4590053.643000735, 431695.6987284569 4590059.948384035, 431678.39934929623 4590064.722974654, 431663.87226565916 4590067.479518759, 431654.94782543945 4590068.633129797, 431646.97971683287 4590069.343580341, 431642.6957934257 4590069.608380385, 431630.31566546764 4590069.933119172, 431616.4947494345 4590069.550929597, 431600.5380975148 4590068.37069113, 431507.5703185914 4590058.7455689125))",1171.837731095109,6.944444444444445,2.812410554628261,False
M-L11-1138,M-L11-1139,Torre Baró | Vallbona - Ciutat Meridiana,L11,"MULTILINESTRING ((431507.5703185914 4590058.7455689125, 431359.171528715 4590043.304779739, 431341.2295216762 4590041.874166396, 431326.2403548573 4590041.351518547, 431314.923949796 4590041.554548525, 431297.05091278127 4590043.1633859, 431279.392678501 4590046.3679444585, 431262.09350940783 4590051.142424174, 431245.29170465545 4590057.44886712, 431229.12375437224 4590065.234897485, 431213.7177108009 4590074.439336276, 431199.19899187755 4590084.987705072, 431185.6845559782 4590096.794502283, 431178.1363300438 4590104.4019803945, 431172.7443852447 4590110.311268337, 431167.52849848615 4590116.37654607, 431156.2798091218 4590130.426830603, 431072.1789740897 4590241.916460512))",521.4495645505208,6.944444444444445,1.25147895492125,False
M-L11-1139,M-L11-1140,Ciutat Meridiana - Can Cuiàs,L11,"MULTILINESTRING ((431072.1789740897 4590241.916460512, 430983.97691255447 4590358.952291794, 430980.0810281161 4590364.322272891, 430970.9288346707 4590378.832492884, 430968.6555570478 4590382.869054327, 430960.10529085837 4590396.036737866, 430941.05083521415 4590421.3593427725))",222.36371072194342,6.944444444444445,0.5336729057326642,False
M-FM-9901,M-FM-9902,Paral·lel - Parc de Montjuïc,FM,"MULTILINESTRING ((430495.4173585194 4580592.260217852, 430307.14946591645 4580355.658734912, 430283.6763366778 4580326.371974092, 430266.21294475894 4580303.670304865, 430248.19461591705 4580282.239740054, 430237.6381998061 4580269.142259275, 430227.5571196876 4580257.554646383, 430215.09434669453 4580243.742757996, 430205.64946068346 4580234.217510358, 430023.1721230631 4580053.7167041795))",717.4054408014147,6.944444444444445,1.7217730579233952,False
