id,stop_id,name,stop_type,geometry
SB-2,2,Av Icària - Àlaba,Bus,POINT (2.198984998801282 41.393104003754864)
SB-3,3,València - Muntaner,Bus,POINT (2.1578909990979396 41.388546000808674)
SB-4,4,Mallorca - Balmes,Bus,POINT (2.1587319985704574 41.3910210013052)
SB-7,7,Pl Universitat,Bus,POINT (2.163310002198641 41.385906997198724)
SB-8,8,Pl de Carles Buïgas,Bus,POINT (2.150117999333274 41.37104500250685)
SB-12,12,Llinars - Santander,Bus,POINT (2.207305000530648 41.43475499562166)
SB-13,13,Sas - Claramunt,Bus,POINT (2.204183000631267 41.43759099894411)
SB-15,15,Via Favència - Almagro,Bus,POINT (2.172054997977336 41.443910002795576)
SB-16,16,Via Favència - Castor,Bus,POINT (2.1701980040345346 41.442689996995604)
SB-17,17,Les Torres - Mina de la Ciutat,Bus,POINT (2.1716099982294024 41.44665200010537)
SB-18,18,Antonio Machado - E M de Natació,Bus,POINT (2.1705049974447705 41.44429500110895)
SB-20,20,Antonio Machado - Artesania,Bus,POINT (2.1708209987695013 41.44438500256856)
SB-21,21,Palau Reial,Bus,POINT (2.116137003046015 41.38559299631731)
SB-22,22,Av República Argentina - Vallcarca,Bus,POINT (2.14397300571118 41.4113650013362)
SB-24,24,Ronda Guineueta Vella - Barri Canyelles,Bus,POINT (2.165218994958609 41.44432500392026)
SB-25,25,Ronda Guineueta Vella - Escola Deià,Bus,POINT (2.1677870058146613 41.444835001400655)
SB-27,27,Metro Marina,Bus,POINT (2.18760533049506 41.39442794991222)
SB-28,28,Hospital Vall d'Hebron,Bus,POINT (2.1429920031165883 41.4268919977002)
SB-29,29,Sant Genís dels Agudells - Natzaret,Bus,POINT (2.138050002578791 41.4291970016704)
SB-30,30,Sant Genís dels Agudells,Bus,POINT (2.1381450003053604 41.42942999716765)
SB-31,31,Llull - Àlaba,Bus,POINT (2.1955200031368363 41.39601999691652)
SB-32,32,Metro Glòries,Bus,POINT (2.188084289126144 41.40302045927813)
SB-34,34,Av Icària - Av Bogatell,Bus,POINT (2.199317998139265 41.39302500168205)
SB-36,36,Metro Marina,Bus,POINT (2.1875449941364367 41.39415300216471)
SB-38,38,Marina - Ribes,Bus,POINT (2.1829320058197403 41.39770899748059)
SB-39,39,Pg de Sant Joan - Alí-Bei,Bus,POINT (2.1787870054690397 41.392553003918394)
SB-41,41,Diagonal - Doctor Fleming,Bus,POINT (2.1363220050508174 41.390710003087634)
SB-42,42,Diagonal - L'Illa Diagonal,Bus,POINT (2.133482709741999 41.38959884966507)
SB-43,43,Pg Zona Franca - Foneria,Bus,POINT (2.139078999232422 41.3598259993702)
SB-44,44,Pg Zona Franca - Foc,Bus,POINT (2.1415390038260873 41.35686299617301)
SB-47,47,Parc Sanitari Pere Virgili,Bus,POINT (2.1419290055753337 41.41626700233695)
SB-48,48,Palau d'Esports Vall d'Hebron,Bus,POINT (2.1441649994430696 41.42792000286568)
SB-51,51,Hospital Vall d'Hebron - Natzaret,Bus,POINT (2.138265997037395 41.4293840018422)
SB-52,52,Metro Montbau - Hospital Vall d'Hebron,Bus,POINT (2.144496994140368 41.43014500366116)
SB-54,54,Comte d'Urgell - Aragó,Bus,POINT (2.155466994268264 41.384574002126335)
SB-55,55,Pg de Gràcia - Aragó,Bus,POINT (2.165503005376477 41.39179999656287)
SB-56,56,Casanova - Aragó,Bus,POINT (2.158016997454297 41.38603899873723)
SB-58,58,Aribau - Aragó,Bus,POINT (2.1600790041403255 41.387898995771614)
SB-59,59,Entença - Consell de Cent,Bus,POINT (2.150087999115627 41.38008300122494)
SB-60,60,Llúria - Aragó,Bus,POINT (2.1679250003994155 41.39389799940192)
SB-61,61,Independència - Consell de Cent,Bus,POINT (2.1850299976545102 41.40661000177663)
SB-63,63,Pg de Sant Joan - Aragó,Bus,POINT (2.172390995741327 41.39738599883251)
SB-65,65,Josep Tarradellas - Francesc Macià,Bus,POINT (2.143748997380758 41.39160300194199)
SB-69,69,Pg Sant Gervasi - Mas Yebra,Bus,POINT (2.1381900009495136 41.41210100094163)
SB-70,70,Terré - Pl de Benet XV,Bus,POINT (2.1205959994825228 41.40600199728708)
SB-71,71,Ronda de Dalt - Bellesguard,Bus,POINT (2.126512996912636 41.41047899629088)
SB-73,73,Josep Garí - Collserola,Bus,POINT (2.1355860028560474 41.415726000988066)
SB-74,74,Benedetti - Ronda de Dalt,Bus,POINT (2.1242560051346184 41.408843999456096)
SB-82,82,Tamariu - Palamós,Bus,POINT (2.185429997506914 41.449495999301725)
SB-83,83,Via Favència - Aiguablava,Bus,POINT (2.1805600045671993 41.446461003457486)
SB-94,94,Diagonal - Balmes,Bus,POINT (2.1553819990085774 41.39540399875068)
SB-95,95,Gran Via - Balmes,Bus,POINT (2.165804005613366 41.38785400043566)
SB-96,96,Mitre - Muntaner,Bus,POINT (2.138465000100013 41.40309499607215)
SB-97,97,Pg Sant Gervasi - Folgueroles,Bus,POINT (2.135209998066093 41.409380003886746)
SB-98,98,València - Balmes,Bus,POINT (2.1600810020410814 41.390197995831265)
SB-99,99,Mitre - Saragossa,Bus,POINT (2.143469996268997 41.40539799708094)
SB-100,100,París - Enric Granados,Bus,POINT (2.1533920044252164 41.39367900354418)
SB-103,103,Bisbe Català - Pl Pedralbes,Bus,POINT (2.1145089953927267 41.39605799878687)
SB-105,105,Guipúscoa - Bac de Roda,Bus,POINT (2.195546997393494 41.414969998564395)
SB-106,106,Guipúscoa - Bac de Roda,Bus,POINT (2.1950570006046606 41.41504699913778)
SB-108,108,Pl Espanya - FGC,Bus,POINT (2.1471761999103136 41.373762229350035)
SB-109,109,Numància - Marquès de Sentmenat,Bus,POINT (2.1374559943286395 41.38460700158861)
SB-110,110,Nicaragua - Josep Tarradellas,Bus,POINT (2.1418360054738814 41.38290299590532)
SB-114,114,Bifurcació - Ctra Nacional 152,Bus,POINT (2.1789617796236818 41.46693095971647)
SB-115,115,Ctra Nacional 152 - Bifurcació,Bus,POINT (2.178990994953336 41.4670710025809)
SB-118,118,Bolívar - Ballester,Bus,POINT (2.147711996838646 41.409253999672046)
SB-119,119,Av de Vallcarca - Pl Lesseps,Bus,POINT (2.1489510029833183 41.40859799658633)
SB-120,120,Av Riera de Cassoles - Rambla de Prat,Bus,POINT (2.1512299950951532 41.4015260008447)
SB-123,123,Arc de Triomf,Bus,POINT (2.1787179980896663 41.39127400400647)
SB-125,125,Metro Tetuan,Bus,POINT (2.1742190011435536 41.393789999271355)
SB-126,126,Mercat de la Concepció,Bus,POINT (2.1691089979307705 41.39698800246433)
SB-127,127,Segre - Pl de Can Fabra,Bus,POINT (2.191862004653198 41.435138004133414)
SB-128,128,Segre - Pl Orfila,Bus,POINT (2.191468004520367 41.435750002654935)
SB-129,129,Av de Vallcarca - Ballester,Bus,POINT (2.147621002678155 41.409625000799856)
SB-130,130,Pg Lluís Companys - Parc de la Ciutadella,Bus,POINT (2.183527995902255 41.389500996126046)
SB-133,133,Via Augusta - Pau Alcover,Bus,POINT (2.12593400132568 41.39843099778637)
SB-134,134,Pg Bonanova,Bus,POINT (2.1240379955583917 41.39994300399216)
SB-136,136,Josep Tarradellas - Av de Sarrià,Bus,POINT (2.144052998054572 41.39095800311765)
SB-137,137,Floridablanca - Viladomat,Bus,POINT (2.1581579970053095 41.37817100225228)
SB-138,138,València - Comte d'Urgell,Bus,POINT (2.154537005318992 41.38602000275879)
SB-139,139,Mallorca - Comte d'Urgell,Bus,POINT (2.1531190008859338 41.38679100315257)
SB-140,140,Paral·lel - Ronda Sant Pau,Bus,POINT (2.1671709990510752 41.37506200297803)
SB-146,146,Rosselló - Bruc,Bus,POINT (2.1637439960838596 41.39807499904345)
SB-148,148,Ronda Sant Pere - Girona,Bus,POINT (2.1759619972233786 41.39024899863415)
SB-149,149,Gran Via - Llúria,Bus,POINT (2.171674994015393 41.39187000410936)
SB-154,154,Pg Valldaura - Pg Andreu Nin,Bus,POINT (2.1825029988264624 41.43928000004163)
SB-156,156,Espronceda - Pl Islàndia,Bus,POINT (2.1882439968188216 41.417606001087705)
SB-159,159,Caracas - Potosí,Bus,POINT (2.2026929940039954 41.44406000174283)
SB-160,160,Badal - Canalejas,Bus,POINT (2.1310359983789278 41.373488996886486)
SB-161,161,Badal - Casteràs,Bus,POINT (2.1304559958262486 41.37504899629185)
SB-162,162,Sagrera - Múrcia,Bus,POINT (2.191487994007996 41.417652002246285)
SB-164,164,Santa Rosalia - Besòs,Bus,POINT (2.146679001016752 41.42168999614823)
SB-165,165,València - Villarroel,Bus,POINT (2.155607996359519 41.38683100352833)
SB-166,166,Mallorca - Muntaner,Bus,POINT (2.1567210034169846 41.38951199895145)
SB-167,167,Gran Via - Casanova,Bus,POINT (2.160999005294107 41.38425000091652)
SB-168,168,Diagonal - Francesc Macià,Bus,POINT (2.146355004332398 41.393117997108945)
SB-171,171,París - Casanova,Bus,POINT (2.149973999789219 41.39110099768703)
SB-172,172,Av. Pedralbes - Cavallers,Bus,POINT (2.1152409993752976 41.39305399572439)
SB-173,173,Villarroel - Aragó,Bus,POINT (2.156551004988856 41.38529099740502)
SB-174,174,Pau Claris - Aragó,Bus,POINT (2.1669889982216 41.392751003354)
SB-175,175,Balmes - Aragó,Bus,POINT (2.1623999953168203 41.38938000377548)
SB-179,179,Sants - Gayarre,Bus,POINT (2.1396619983457645 41.375257000756086)
SB-180,180,Creu Coberta - Pl Espanya,Bus,POINT (2.1475369954916723 41.375222003899644)
SB-181,181,Metro Hostafrancs,Bus,POINT (2.1445629959605297 41.37528100108431)
SB-182,182,Pg de Gràcia - Consell de Cent,Bus,POINT (2.1654300031081006 41.39161500244255)
SB-183,183,Gran Via - Ildefons Cerdà,Bus,POINT (2.136560005549156 41.365825999607644)
SB-187,187,Escorial - Clínica Nostra Senyora del Remei,Bus,POINT (2.1590310009630698 41.40980399586584)
SB-189,189,Via Favència - Trinitat Nova,Bus,POINT (2.1842139951240584 41.44682499574868)
SB-191,191,Bac de Roda - Cristóbal de Moura,Bus,POINT (2.203268995755724 41.40815199631737)
SB-193,193,Rambla Prim - Cristóbal de Moura,Bus,POINT (2.2124399988928047 41.41615600119529)
SB-195,195,Can Caralleu,Bus,POINT (2.111630002891496 41.40196900279586)
SB-198,198,Camí de Can Caralleu - Ronda de Dalt,Bus,POINT (2.1143630020773196 41.40183699943648)
SB-199,199,Pg Zona Franca - Cisell,Bus,POINT (2.1429759985374326 41.35439599976107)
SB-200,200,Pg Zona Franca - Motors,Bus,POINT (2.145338998129743 41.351695002812086)
SB-204,204,Floridablanca - Av Mistral,Bus,POINT (2.156056005428932 41.37657700065967)
SB-205,205,Calàbria - Floridablanca,Bus,POINT (2.1570880016038148 41.37821099911567)
SB-206,206,Gran Via - Calàbria,Bus,POINT (2.1555120045282536 41.38011999977864)
SB-207,207,Mallorca - Viladomat,Bus,POINT (2.1500580059512746 41.384497001170175)
SB-208,208,París - Viladomat,Bus,POINT (2.1454930016501224 41.387721997938534)
SB-209,209,Paral·lel - Marquès de Campo Sagrado,Bus,POINT (2.1637200040836833 41.375096000721726)
SB-211,211,Via Laietana - Comtal,Bus,POINT (2.174463001930526 41.38709200253734)
SB-212,212,Indústria - Independència,Bus,POINT (2.1784749999664554 41.41260699677004)
SB-213,213,Pg de Sant Joan - Còrsega,Bus,POINT (2.165947629935785 41.4024280399149)
SB-214,214,Casanova - Hospital Clínic,Bus,POINT (2.152571002234539 41.39043899771348)
SB-216,216,Padilla - Provença,Bus,POINT (2.1762244094290444 41.40649654928444)
SB-217,217,Josep Tarradellas - Rosselló,Bus,POINT (2.142700996420627 41.382887996901545)
SB-218,218,Torrent de l'Olla - Penedès,Bus,POINT (2.1587270035470096 41.40091500321957)
SB-219,219,Torrent de l'Olla - Còrsega,Bus,POINT (2.160995003417366 41.398687996726466)
SB-220,220,Independència - Freser,Bus,POINT (2.179502998066063 41.41080900025288)
SB-221,221,Balmes - Rosselló,Bus,POINT (2.1568830035766244 41.39356000371346)
SB-222,222,Aribau - Còrsega,Bus,POINT (2.1543190048548486 41.39224899870528)
SB-224,224,Dos de Maig - Indústria,Bus,POINT (2.1769390045206656 41.410830004230284)
SB-226,226,Pau Claris - Gran Via,Bus,POINT (2.1693740045466305 41.390946000440834)
SB-227,227,Marina - Ausiàs Marc,Bus,POINT (2.1843228492803943 41.39690290981445)
SB-230,230,Llúria - Urquinaona,Bus,POINT (2.1728369996082826 41.39018699711523)
SB-231,231,Ronda Guineueta Vella - Antonio Machado,Bus,POINT (2.1620560021833697 41.44153699903565)
SB-232,232,Pl Karl Marx - Pg Vall d'Hebron,Bus,POINT (2.1617210038494017 41.440676997446936)
SB-233,233,Sant Antoni Maria Claret - Independència,Bus,POINT (2.176982002458418 41.41325699749608)
SB-234,234,Mallorca - Dos de Maig,Bus,POINT (2.180416997838099 41.40731100157042)
SB-236,236,Aragó - Enamorats,Bus,POINT (2.1829550054294886 41.405833999623475)
SB-237,237,Diagonal - Pl Reina Maria Cristina,Bus,POINT (2.1274302594852137 41.38848222996782)
SB-238,238,Sinaí,Bus,POINT (2.138359005336534 41.42484800226422)
SB-239,239,Manuel Girona - Carles III,Bus,POINT (2.128123000169094 41.39212699946447)
SB-241,241,Arquitectura - Àngel Marquès,Bus,POINT (2.1411860049993883 41.429314997242926)
SB-243,243,Av Gaudí - Castillejos,Bus,POINT (2.1734800005739268 41.41061999558079)
SB-244,244,València - Padilla,Bus,POINT (2.1794030040791723 41.40468800050055)
SB-245,245,Pl de la Font Castellana,Bus,POINT (2.1668819966814685 41.41516400138154)
SB-246,246,Camèlies - Abd el-Kader,Bus,POINT (2.164368000707267 41.413863997663)
SB-247,247,Metro Glòries,Bus,POINT (2.1870925597179918 41.402431089947754)
SB-250,250,Diagonal - Manuel Ballbé,Bus,POINT (2.1100760101783558 41.384080219994516)
SB-251,251,Diagonal - Parc de Cervantes,Bus,POINT (2.108386005547379 41.38363100196348)
SB-252,252,Portal de la Pau,Bus,POINT (2.1785409965971176 41.37669500026655)
SB-253,253,Moll de la Fusta,Bus,POINT (2.180277998213883 41.378844999791646)
SB-254,254,Pg Colom - Via Laietana,Bus,POINT (2.1819211197441337 41.38088678952919)
SB-255,255,Pg Colom - Via Laietana,Bus,POINT (2.181714688944227 41.38074582939776)
SB-256,256,Moll de la Fusta,Bus,POINT (2.1803789962424123 41.37909800203089)
SB-257,257,Portal de la Pau,Bus,POINT (2.178442000321652 41.37670000428282)
SB-258,258,Pg Santa Coloma - Pg Torras i Bages,Bus,POINT (2.1891610006157576 41.444686002371654)
SB-259,259,Ctra Nacional 152 - Av l'Alzinar,Bus,POINT (2.183157006004366 41.46090999628797)
SB-261,261,Pg Sant Gervasi - Pl Kennedy,Bus,POINT (2.137659005184857 41.410352996996515)
SB-262,262,Av República Argentina - Baixada Gomis,Bus,POINT (2.1424360016088544 41.411608997904416)
SB-263,263,Av Madrid - Arizala,Bus,POINT (2.1251509993954953 41.37704199796619)
SB-264,264,Av Ferrer i Guàrdia - Mèxic,Bus,POINT (2.149874999401543 41.37116799784746)
SB-265,265,Poble Espanyol,Bus,POINT (2.146282996917801 41.369413004040155)
SB-266,266,Gran Vista - Doctor Bové,Bus,POINT (2.1581980014883317 41.419148004349964)
SB-267,267,Doctor Bové - Penyal,Bus,POINT (2.162703997636673 41.42106300357845)
SB-268,268,Doctor Bové - Gran Vista,Bus,POINT (2.158381994052417 41.419353000084456)
SB-269,269,Doctor Bové - Ptge de la Cadernera,Bus,POINT (2.160418995370121 41.42065199557425)
SB-270,270,Doctor Bové - Baixada Passerell,Bus,POINT (2.160177999220189 41.420639004308946)
SB-271,271,Doctor Bové - Conca de Tremp,Bus,POINT (2.1578330051062613 41.419021003167146)
SB-272,272,Doctor Bové - Pg de la Font de la Mulassa,Bus,POINT (2.1630919953120973 41.420910997534996)
SB-273,273,Hospital del Mar,Bus,POINT (2.1950210023215417 41.383580003728504)
SB-278,278,Poble Sec,Bus,POINT (2.160473997652338 41.37152600101885)
SB-279,279,França Xica - Concòrdia,Bus,POINT (2.159497003516284 41.37216299759902)
SB-280,280,França Xica - Grases,Bus,POINT (2.1563419972965154 41.37208100036037)
SB-281,281,Pg de Gràcia - Diagonal,Bus,POINT (2.1601250020105565 41.39613999634887)
SB-282,282,Casanova - Diagonal,Bus,POINT (2.148577001550876 41.39318100254519)
SB-284,284,Lepant - Diagonal,Bus,POINT (2.1792610008113495 41.402421000846715)
SB-285,285,Muntaner - Diagonal,Bus,POINT (2.1489149997327783 41.39447399784877)
SB-286,286,Via Augusta - Diagonal,Bus,POINT (2.155035996796164 41.396420998440334)
SB-287,287,Calvet - Diagonal,Bus,POINT (2.144983003659208 41.39346000296257)
SB-289,289,Balmes - Diagonal,Bus,POINT (2.1540220007492756 41.39577599716259)
SB-291,291,Carles III - Mejía Lequerica,Bus,POINT (2.1275190031973965 41.38524000079196)
SB-293,293,Av Joan XXIII - Pl Pius XII,Bus,POINT (2.1226140051328013 41.385640999749015)
SB-295,295,González Tablas - Sor Eulàlia d'Anzizu,Bus,POINT (2.1088590013125663 41.385765002004774)
SB-296,296,Av Doctor Marañón - Baldiri i Reixac,Bus,POINT (2.113964997014834 41.38205499899533)
SB-297,297,Av Pedralbes - Pg Manuel Girona,Bus,POINT (2.1189359981953735 41.390002004246846)
SB-300,300,Pujades - Ciutat de Granada,Bus,POINT (2.196766997646853 41.39877999652986)
SB-306,306,Pg Verdum - Doctor Pi i Molist,Bus,POINT (2.172375003380434 41.43586900353616)
SB-307,307,Av Gaudí,Bus,POINT (2.1751540028661562 41.4100320031327)
SB-308,308,València - Dos de Maig,Bus,POINT (2.1818039949640005 41.40648799640799)
SB-309,309,Diagonal - Complex Esportiu Universitari,Bus,POINT (2.1078740040249984 41.38326800357717)
SB-310,310,Diagonal - Av Doctor Marañón,Bus,POINT (2.1116120041899697 41.38422200355385)
SB-312,312,Comte d'Urgell - Gran Via,Bus,POINT (2.157997994974492 41.38266799667085)
SB-313,313,Pg de Gràcia - Gran Via,Bus,POINT (2.1675600045190624 41.39013799673378)
SB-314,314,Calàbria - Gran Via,Bus,POINT (2.154744005014642 41.37997899584596)
SB-315,315,Pg de Sant Joan - Diputació,Bus,POINT (2.174671001746342 41.39541899712183)
SB-316,316,Aribau - Gran Via,Bus,POINT (2.162533005903802 41.38604199694226)
SB-317,317,Pl Tetuan - Pg de Sant Joan,Bus,POINT (2.1752719974322017 41.3954710012137)
SB-319,319,Entença - Gran Via,Bus,POINT (2.1523500030745595 41.37837399936969)
SB-320,320,Tarragona - Parc de Joan Miró,Bus,POINT (2.1474189981579603 41.37670400188018)
SB-321,321,Llúria - Gran Via,Bus,POINT (2.1704230021576665 41.392008995569356)
SB-327,327,Pare Manyanet - Virgili,Bus,POINT (2.1942570001894848 41.428153997859475)
SB-328,328,Meridiana - Pegaso,Bus,POINT (2.1864900000463847 41.425401001384756)
SB-330,330,Pg de Santa Eulàlia - Can Caralleu,Bus,POINT (2.1153490041054432 41.40382700300974)
SB-336,336,Balmes - Via Augusta,Bus,POINT (2.147888005727081 41.4008600018209)
SB-337,337,València - Muntanya,Bus,POINT (2.1880889991748598 41.411226003463675)
SB-342,342,Cementiri de l'Est,Bus,POINT (2.202388003140805 41.394275002386564)
SB-343,343,Pl de Sant Jordi,Bus,POINT (2.144752004515101 41.3663280040724)
SB-344,344,Piscines Picornell - Museu Nacional,Bus,POINT (2.151357996673868 41.366472003729655)
SB-345,345,Av de l'Estadi - Estadi Olímpic,Bus,POINT (2.1545439998798406 41.36600199559337)
SB-346,346,Estadi Olímpic,Bus,POINT (2.1553170037332845 41.36616399811797)
SB-347,347,Piscines Picornell - Museu Nacional,Bus,POINT (2.1517180023753717 41.366539998788596)
SB-348,348,Av Estadi - INEFC,Bus,POINT (2.1473730034723846 41.365477001563974)
SB-349,349,Av Estadi - INEFC,Bus,POINT (2.146806995330185 41.36553000428433)
SB-350,350,Av de Vallcarca - Baixada de la Glòria,Bus,POINT (2.1470099953912376 41.41038499940315)
SB-360,360,Sant Adrià - Formiga,Bus,POINT (2.201628005909703 41.435793001610726)
SB-362,362,Meridiana - Escòcia,Bus,POINT (2.183648005720055 41.42914300385431)
SB-363,363,Felip II - Pl del Congrés,Bus,POINT (2.1798470008566433 41.425886995897436)
SB-364,364,Felip II - Arnau d'Oms,Bus,POINT (2.1780640051214215 41.42724699792524)
SB-365,365,Lletres - Dante Alighieri,Bus,POINT (2.157915000707638 41.42793599871785)
SB-366,366,Pl de l'Estatut,Bus,POINT (2.1552549986265923 41.430511001110155)
SB-368,368,Trav de Dalt - Torrent de les Flors,Bus,POINT (2.156636001748346 41.410459998571504)
SB-369,369,Pi i Margall - Escorial,Bus,POINT (2.1631649944276266 41.40665400412001)
SB-370,370,Pg Maragall - Amílcar,Bus,POINT (2.173041999614413 41.42639699628192)
SB-371,371,Pg Maragall - Sabastida,Bus,POINT (2.1684629984516666 41.427478995797216)
SB-373,373,Diagonal - Entença,Bus,POINT (2.1364049960852523 41.39034000359323)
SB-374,374,Ctra d'Horta - Pg de Valldaura,Bus,POINT (2.153559001612552 41.43727399905685)
SB-375,375,Josep Tarradellas - Av. Sarrià,Bus,POINT (2.143135994141172 41.38950699668602)
SB-376,376,Les Corts - Pl Dr Ignasi Barraquer,Bus,POINT (2.1406340057522226 41.390114997960254)
SB-377,377,Paral·lel - Rocafort,Bus,POINT (2.159400005666472 41.3751080030625)
SB-378,378,Av de Roma - Entença,Bus,POINT (2.1462740033444048 41.382013000375345)
SB-380,380,València - Entença,Bus,POINT (2.1479479953056244 41.38104800303677)
SB-381,381,Clot - Biscaia,Bus,POINT (2.1906309997182007 41.41398799689234)
SB-382,382,Pujades - Espronceda,Bus,POINT (2.205948094456184 41.40571079692167)
SB-383,383,Gran Via - Espronceda,Bus,POINT (2.1976429969766325 41.411676998885746)
SB-384,384,Sant Antoni Maria Claret - Espronceda,Bus,POINT (2.1859719899535524 41.4199150192908)
SB-387,387,Mallorca - Clot,Bus,POINT (2.1905140023160152 41.414916997360734)
SB-388,388,Saldes,Bus,POINT (2.134467776177349 41.42890393660651)
SB-391,391,Metro Hostafrancs,Bus,POINT (2.1448949966384885 41.37515300378189)
SB-392,392,Creu Coberta - Pl Espanya,Bus,POINT (2.1468540030176704 41.37512000315223)
SB-393,393,Av Reina Maria Cristina - Pl Espanya,Bus,POINT (2.1500696898779634 41.37396974022153)
SB-394,394,Tarragona - Pl. Espanya,Bus,POINT (2.1486924072347047 41.37566421941635)
SB-395,395,Marquès de Sentmenat - Equador,Bus,POINT (2.141561002705215 41.38542100182414)
SB-396,396,Berlín - Nicaragua,Bus,POINT (2.1407930053722573 41.38412999763276)
SB-397,397,Josep Tarradellas - Entença,Bus,POINT (2.142476997755231 41.386403002408144)
SB-398,398,Guipúscoa - Julián Besteiro,Bus,POINT (2.1975699950856686 41.416480997000996)
SB-399,399,Llull - Selva de Mar,Bus,POINT (2.2102070031577608 41.40702400270016)
SB-400,400,Hospital HM Delfos,Bus,POINT (2.1429029952334475 41.41342299603056)
SB-402,402,Dante Alighieri - Santa Joana d'Arc,Bus,POINT (2.1601009999599228 41.42845399969366)
SB-406,406,Pg Valldaura - Rambla Caçador,Bus,POINT (2.173478997594824 41.43862999996457)
SB-409,409,Sagrera - Parc de la Pegaso,Bus,POINT (2.190916003287306 41.426316997843095)
SB-410,410,Pl Eivissa - Horta,Bus,POINT (2.1611009982595433 41.43048199878358)
SB-411,411,Tajo - Metro Horta,Bus,POINT (2.161085005280934 41.42952100425227)
SB-412,412,Carles III - Les Corts,Bus,POINT (2.128008003456732 41.38183299831759)
SB-413,413,Av Litoral - Trelawny,Bus,POINT (2.1948027703109134 41.386229829903854)
SB-420,420,Can Clos,Bus,POINT (2.1472939949175323 41.36071200344398)
SB-421,421,Gran Via - Farell,Bus,POINT (2.144950001049232 41.37199299655576)
SB-422,422,Via Sant Antoni Abat,Bus,POINT (2.1509450047744125 41.35656100062373)
SB-423,423,Gran Vista - Turó de la Rovira,Bus,POINT (2.164007998544717 41.42021200408036)
SB-424,424,Garriga i Roca - Camil Oliveras,Bus,POINT (2.1697139985418006 41.42123600281112)
SB-425,425,Montserrat de Casanovas - Parc del Guinardó,Bus,POINT (2.169516001506622 41.42317699571636)
SB-426,426,Montserrat de Casanovas - Ptge Pedrell,Bus,POINT (2.1679809947485884 41.424000004005244)
SB-427,427,Pedrell - Canonge Almera,Bus,POINT (2.162028995618568 41.42388399761568)
SB-428,428,Pg Valldaura - Fabra i Puig,Bus,POINT (2.1657599952692315 41.43919800170623)
SB-430,430,Parc Turó de la Peira,Bus,POINT (2.163192997802744 41.43357599566879)
SB-431,431,Meridiana - Dublín,Bus,POINT (2.1851500005024813 41.42745100063479)
SB-432,432,Meridiana - Parc de Can Dragó,Bus,POINT (2.183797998468321 41.4356299960351)
SB-435,435,Arenys - Rossell,Bus,POINT (2.1454770033287818 41.42275999577186)
SB-436,436,Arenys - Fastenrath,Bus,POINT (2.1430059981417946 41.42204799688772)
SB-437,437,Pl del Nen de la Rutlla,Bus,POINT (2.1719430017816057 41.41858000444061)
SB-440,440,Via Júlia - Sant Francesc Xavier,Bus,POINT (2.177584994323826 41.44159500299127)
SB-441,441,Gran Vista - Pl de la Mitja Lluna,Bus,POINT (2.1649190011430703 41.42012599655469)
SB-442,442,Comte d'Urgell - Floridablanca,Bus,POINT (2.160363002759621 41.38088600003416)
SB-445,445,Pedrell - Ptge Gabarnet,Bus,POINT (2.1587649982541213 41.42312899714801)
SB-446,446,Montserrat de Casanovas - Pg Font d'En Fargas,Bus,POINT (2.1649549969767627 41.42371100004521)
SB-447,447,Av Mare de Déu de Montserrat - França,Bus,POINT (2.164890994793352 41.41482999974886)
SB-449,449,Pg Zona Franca - Ctra del Prat,Bus,POINT (2.1374500009631747 41.362070000839886)
SB-450,450,Pg Zona Franca - Foneria,Bus,POINT (2.139622001455555 41.35957300313494)
SB-453,453,Via Barcino - Foradada,Bus,POINT (2.19377899842338 41.45281099859041)
SB-454,454,Sagrera - Martí Molins,Bus,POINT (2.1910819967547406 41.42302600189548)
SB-455,455,Meridiana - La Sagrera,Bus,POINT (2.1867599954368595 41.421937002037474)
SB-458,458,Pl Pius XII,Bus,POINT (2.1215530054008918 41.386963996477775)
SB-459,459,Av Mare de Déu de Montserrat - Gènova,Bus,POINT (2.1701289992938784 41.41649900036562)
SB-460,460,Av Mare de Déu de Montserrat - Francesc Alegre,Bus,POINT (2.1675797997647956 41.415661630102335)
SB-464,464,Gran Via - Bac de Roda,Bus,POINT (2.1974279978781555 41.411084995870056)
SB-466,466,Gran Via - Pl dels Porxos,Bus,POINT (2.2006179993322115 41.41390499953283)
SB-469,469,Rambla Prim - Ferrer Bassa,Bus,POINT (2.2151019889986077 41.41480413959914)
SB-471,471,Aiguablava - Via Favència,Bus,POINT (2.180759995995179 41.44744900180069)
SB-475,475,Pg Maragall - Dante Alighieri,Bus,POINT (2.1628469984928675 41.42868800448602)
SB-476,476,Rambla del Carmel,Bus,POINT (2.158312999971833 41.42603699802895)
SB-477,477,Rambla del Carmel - Dante Alighieri,Bus,POINT (2.1572410042096286 41.427200001062154)
SB-478,478,Av Vallcarca - Hospital HM Delfos,Bus,POINT (2.1431189957475287 41.41400999992696)
SB-479,479,Av Madrid - Carles III,Bus,POINT (2.1284679997577993 41.37893100331009)
SB-481,481,Maria Cristina - Carles III,Bus,POINT (2.12802799461774 41.389326003162374)
SB-482,482,Les Corts - Maternitat,Bus,POINT (2.126647998075236 41.38121500149172)
SB-483,483,Diagonal - Numància,Bus,POINT (2.131638459427172 41.38954116967683)
SB-484,484,Les Corts - Vallespir,Bus,POINT (2.1327249978005574 41.385516002815024)
SB-485,485,Mercat de Les Corts,Bus,POINT (2.129907997245556 41.38369100133153)
SB-487,487,Mitre - Prat de la Riba,Bus,POINT (2.131301000580248 41.393274000803615)
SB-491,491,Diagonal - Joan Güell,Bus,POINT (2.128121997125069 41.388025997063615)
SB-492,492,Diagonal - Av Joan XXIII,Bus,POINT (2.1229850039220697 41.38693199938228)
SB-493,493,Diagonal - Gran Via Carles III,Bus,POINT (2.1255769965450284 41.38758899781322)
SB-494,494,Diagonal - Gandesa,Bus,POINT (2.128934000089846 41.38844299701231)
SB-495,495,Av Mare de Déu de Montserrat - Cartagena,Bus,POINT (2.1698919999071142 41.416050997696736)
SB-496,496,Pg Torras i Bages - Residència,Bus,POINT (2.1909089990435793 41.439415000585214)
SB-497,497,Alcántara - Garigliano,Bus,POINT (2.172429998586486 41.445521003532804)
SB-499,499,Gran Via - Padilla,Bus,POINT (2.183267003015758 41.40038899827895)
SB-501,501,Colònia Tibidabo,Bus,POINT (2.1192017899964237 41.42066252965669)
SB-503,503,Metro Tetuan,Bus,POINT (2.173665995213939 41.39376199706256)
SB-504,504,Mallorca - Girona,Bus,POINT (2.1679219958152327 41.39794900019919)
SB-505,505,Trav de Dalt - La Granja,Bus,POINT (2.153525996392289 41.408840999449914)
SB-508,508,Pl dels Indians,Bus,POINT (2.182623000840673 41.42356000369989)
SB-509,509,Pl dels Indians,Bus,POINT (2.1828389975353053 41.42359999994708)
SB-510,510,Meridiana - La Sagrera,Bus,POINT (2.1870900007695324 41.42140200311687)
SB-511,511,Meridiana - Cardenal Tedeschini,Bus,POINT (2.186340998019887 41.42502000412932)
SB-512,512,Av de Sarrià - Mestre Villa,Bus,POINT (2.132753996808595 41.392242002286615)
SB-515,515,Balmes - Pàdua,Bus,POINT (2.143959005352065 41.40305000047951)
SB-516,516,Carles III - Numància,Bus,POINT (2.129243997502404 41.39168599655763)
SB-517,517,Balmes - Pl Kennedy,Bus,POINT (2.1372629985444815 41.40923600274836)
SB-519,519,Balmes - Pl Joaquim Folguera,Bus,POINT (2.1392260050113756 41.405439996335474)
SB-520,520,Av de Sarrià - Diagonal,Bus,POINT (2.1369949948810163 41.39159200439814)
SB-522,522,Via Augusta - Pl Orient,Bus,POINT (2.1288589953286086 41.39768499600936)
SB-523,523,Via Augusta - Ronda General Mitre,Bus,POINT (2.132077000415774 41.397695002615315)
SB-524,524,Diagonal - Ganduxer,Bus,POINT (2.1400229968550923 41.39165000313343)
SB-526,526,Ganduxer - Alacant,Bus,POINT (2.133574003351368 41.4001859999661)
SB-527,527,Ganduxer - Emancipació,Bus,POINT (2.131277000017369 41.40315300089843)
SB-528,528,Via Augusta - Alt de Gironella,Bus,POINT (2.133682003420402 41.39769900076585)
SB-529,529,Mitre - Mandri,Bus,POINT (2.1353669962115327 41.400649997065855)
SB-531,531,Pg Bonanova - Anglí,Bus,POINT (2.1234470025947467 41.40097700204862)
SB-532,532,Pg Bonanova - Escoles Pies,Bus,POINT (2.127723005243812 41.40336599871854)
SB-533,533,Av de Vallcarca - Gomis,Bus,POINT (2.1443999979858015 41.411881999387326)
SB-534,534,Pl Alfonso Comín - Av República Argentina,Bus,POINT (2.1382620005221376 41.41449600265102)
SB-540,540,Gran Via - Agricultura,Bus,POINT (2.203369999643473 41.41596800131812)
SB-541,541,Guipúscoa - Treball,Bus,POINT (2.199803997559482 41.418160002611586)
SB-542,542,Guipúscoa - Cantàbria,Bus,POINT (2.2017540033705814 41.420063000885186)
SB-544,544,Gran Vista - Doctor Bové,Bus,POINT (2.1580389977463366 41.419004000546494)
SB-545,545,Gran Vista - IES Ferran Tallada,Bus,POINT (2.161667002637069 41.42079100191251)
SB-546,546,IES Ferran Tallada,Bus,POINT (2.161841002408547 41.42069199868205)
SB-547,547,Metro Zona Universitària,Bus,POINT (2.1114429969054043 41.384729000634714)
SB-548,548,Zona Universitària - Facultat d'Economia i Empresa,Bus,POINT (2.111023998084714 41.3846950036497)
SB-549,549,Av d'Esplugues - Av Pearson,Bus,POINT (2.111624995133029 41.39213799552182)
SB-550,550,Av d'Esplugues - Dr Joaquim Albarrán,Bus,POINT (2.1090289948512804 41.38994000256022)
SB-552,552,Av d'Esplugues - Eduard Toldrà,Bus,POINT (2.1065760004092153 41.38788100178284)
SB-554,554,Sor Eulàlia d'Anzizu - González Tablas,Bus,POINT (2.1086659965107555 41.38703499582197)
SB-556,556,Zona Universitària,Bus,POINT (2.1109140006935547 41.38459499924312)
SB-557,557,Lesseps - Av Riera de Cassoles,Bus,POINT (2.149836002101013 41.406117999376484)
SB-559,559,Pl Molina,Bus,POINT (2.147376998385616 41.40140699670393)
SB-560,560,Villarroel - Gran Via,Bus,POINT (2.1592010051361132 41.38329099782077)
SB-561,561,Pg de Gràcia - Casp,Bus,POINT (2.1692509948792655 41.388912001123856)
SB-562,562,Balmes - Gran Via,Bus,POINT (2.164736005015333 41.38761300320176)
SB-564,564,Muntaner - Diputació,Bus,POINT (2.1599510024322326 41.38614000295141)
SB-565,565,Rambla Prim - Bernat Metge,Bus,POINT (2.2112788590188637 41.41767480972768)
SB-567,567,Bilbao - Andrade,Bus,POINT (2.193691002667824 41.410072998261924)
SB-569,569,Extremadura - Pl Clementina Arderiu,Bus,POINT (2.2112719980882938 41.422486999937945)
SB-571,571,Sant Pere d'Abanto - Moianès,Bus,POINT (2.142974999550928 41.371723003820456)
SB-572,572,Besòs - Verneda,Bus,POINT (2.2103910049459556 41.42229399776561)
SB-574,574,Rambla Prim - Andrade (Besòs),Bus,POINT (2.207256994733412 41.42001000335471)
SB-577,577,Metro Pg de Gràcia,Bus,POINT (2.1675200018406544 41.38991899607807)
SB-578,578,Bac de Roda - Bolívia,Bus,POINT (2.201133005581061 41.40976300035332)
SB-584,584,Metro Pl de Sants,Bus,POINT (2.1368099945831176 41.375311998633514)
SB-586,586,Pg Valldaura - Mercat Guineueta,Bus,POINT (2.16972800485847 41.43901199846851)
SB-588,588,Sant Adrià - Bon Pastor,Bus,POINT (2.2078960037958226 41.43647600287886)
SB-589,589,Lima - Sas,Bus,POINT (2.2048190020534726 41.43920799916086)
SB-591,591,Av d'Esplugues - Hospital Sant Joan de Déu,Bus,POINT (2.1039729972153656 41.38492400323297)
SB-603,603,Lima - Ciutat d'Asunción,Bus,POINT (2.2007920027282912 41.43919799981147)
SB-604,604,Pi i Margall - Pl Joanic,Bus,POINT (2.1633429952221555 41.406378003408776)
SB-605,605,Pg Vall d'Hebron - Av de Vallcarca,Bus,POINT (2.1394150056381553 41.418432001199456)
SB-607,607,Pg Vall d'Hebron - Velòdrom,Bus,POINT (2.149734994681037 41.43718999802623)
SB-610,610,Santaló - Plató,Bus,POINT (2.140716994564306 41.399791004197496)
SB-611,611,Pl d'Adrià,Bus,POINT (2.1392399951260113 41.400995001209075)
SB-612,612,Muntaner - Pl Bonanova,Bus,POINT (2.1341699992670025 41.405792001487164)
SB-613,613,Muntaner - Mitre,Bus,POINT (2.137540004416487 41.40305499955769)
SB-614,614,Pg Vall d'Hebron - Av Can Marcet,Bus,POINT (2.1483449963762435 41.435624997808866)
SB-615,615,Campoamor - Av Estatut de Catalunya,Bus,POINT (2.154372999231519 41.43513100162537)
SB-616,616,Campoamor - Rectoria,Bus,POINT (2.158050997217813 41.43291900053262)
SB-618,618,Cantàbria - Pl del Ram de l'Aigua,Bus,POINT (2.20116199808114 41.42000999928842)
SB-619,619,Cantàbria - Menorca,Bus,POINT (2.198677001719468 41.42155799953171)
SB-621,621,Bac de Roda - Rambla de Guipúscoa,Bus,POINT (2.194211998860061 41.41499100250075)
SB-622,622,Pg Bonanova,Bus,POINT (2.1233449991084132 41.39996899988409)
SB-626,626,Av Mare de Déu de Montserrat - La Bisbal,Bus,POINT (2.1716960016260654 41.41798800336364)
SB-627,627,Londres - Calàbria,Bus,POINT (2.1440360042370763 41.388472995935345)
SB-628,628,París - Josep Tarradellas,Bus,POINT (2.1431900045849974 41.38599099625973)
SB-629,629,Numància - Berlín,Bus,POINT (2.1394509991861446 41.38275899755587)
SB-630,630,Av de Sarrià - Josep Tarradellas,Bus,POINT (2.1448073599629067 41.39040344957521)
SB-634,634,Lepant - Sant Antoni Maria Claret,Bus,POINT (2.1715700037917287 41.40820500037636)
SB-635,635,Dos de Maig - Sant Antoni Maria Claret,Bus,POINT (2.1759789990738314 41.411569996397304)
SB-641,641,Gran de Sant Andreu - Fabra i Puig,Bus,POINT (2.189992994278767 41.42932700007369)
SB-649,649,Pg Maragall - Mossèn Josep Bundó,Bus,POINT (2.1681420003723786 41.42736800032179)
SB-651,651,Mercat Mare de Déu de la Mercè,Bus,POINT (2.1732119987896237 41.43027599668535)
SB-652,652,Pg Maragall - Amílcar,Bus,POINT (2.1729630052388695 41.42627499898193)
SB-654,654,Av Miramar - Fundació Joan Miró,Bus,POINT (2.1597739954592905 41.36777000135593)
SB-655,655,Av Miramar - Estació del Funicular,Bus,POINT (2.1629429943410345 41.36887600077113)
SB-656,656,Av Miramar - Escoles del Bosc,Bus,POINT (2.1619440057355304 41.368936997783095)
SB-657,657,Fundació Joan Miró - Pl Neptú,Bus,POINT (2.1596310033076964 41.3678609962078)
SB-661,661,Aragó - Independència,Bus,POINT (2.1848291255245047 41.40720939509749)
SB-662,662,Marina - Pl dels Voluntaris,Bus,POINT (2.1956165004298587 41.38838506995279)
SB-667,667,Via Laietana - Correus,Bus,POINT (2.1797058889445284 41.38314714931683)
SB-681,681,Av Jordà - Idumea,Bus,POINT (2.1389190058219945 41.42664700000502)
SB-682,682,Cementiri de l'Est,Bus,POINT (2.201576998574853 41.394426999990436)
SB-683,683,Natzaret - Lledoner,Bus,POINT (2.136233003911343 41.425866996798696)
SB-684,684,Pl Sant Agustí,Bus,POINT (2.1559139993951573 41.357840002391015)
SB-685,685,Via Santa Eulàlia - Rda Litoral,Bus,POINT (2.15452700131333 41.35312600338612)
SB-686,686,Pl de l'Esperança,Bus,POINT (2.156254001336583 41.35385600422062)
SB-687,687,Pl de la Caritat,Bus,POINT (2.1546729955743387 41.35525600293657)
SB-688,688,Pl Sant Rafael,Bus,POINT (2.1538480019168857 41.355067996324195)
SB-689,689,Pl Sant Francesc,Bus,POINT (2.1576999955132052 41.35642800357744)
SB-690,690,Via Sant Jordi - Via Sant Sever,Bus,POINT (2.1579989959053547 41.355329000016894)
SB-691,691,Via Sant Jaume - Via Santíssima Trinitat,Bus,POINT (2.1547399988499776 41.356267998423355)
SB-692,692,Via Santíssima Trinitat,Bus,POINT (2.1520340047639963 41.35620499889036)
SB-693,693,Via Santíssima Trinitat - Pl Sant Agustí,Bus,POINT (2.154374005320658 41.35688100288935)
SB-694,694,Via Sant Antoni Abat - Via Santíssima Trinitat,Bus,POINT (2.1513790013050538 41.35555700428258)
SB-695,695,Via Sant Jaume,Bus,POINT (2.1532180037513897 41.35569999833436)
SB-696,696,Via Sant Francesc,Bus,POINT (2.1535380037159033 41.35472499678016)
SB-697,697,Pallars - Zamora,Bus,POINT (2.190915000226239 41.39597399803267)
SB-698,698,Av Icària - Joan Miró,Bus,POINT (2.1963110056527575 41.39042299831602)
SB-699,699,Benet Mateu - Manuel de Falla,Bus,POINT (2.1262399988971965 41.3938529984152)
SB-700,700,Pg Calvell - Rambla del Poblenou,Bus,POINT (2.2065190008195708 41.39744699556359)
SB-701,701,Els Vergós,Bus,POINT (2.1270029956155043 41.39707600251049)
SB-702,702,Pl Artós,Bus,POINT (2.125618995902081 41.3955470026369)
SB-703,703,Ronda Sant Antoni - Pl Goya,Bus,POINT (2.1637750056902734 41.38304399772029)
SB-704,704,Parc de la Vall d'Hebron,Bus,POINT (2.145727996713024 41.43131200323899)
SB-705,705,Meridiana - Josep Estivill,Bus,POINT (2.187081629521355 41.41794463997854)
SB-707,707,Sants - Badal,Bus,POINT (2.131880005174098 41.37541800427265)
SB-708,708,Pl de Sants,Bus,POINT (2.1343169975392575 41.37536799685674)
SB-709,709,Les Corts - Carles III,Bus,POINT (2.1288360039916134 41.38273200399146)
SB-711,711,Av Pedralbes - Cavallers,Bus,POINT (2.1151929998515233 41.3929030034513)
SB-712,712,Av de l'Exèrcit - Trias i Giró,Bus,POINT (2.110182219516637 41.385126629784445)
SB-713,713,CAP Vallcarca,Bus,POINT (2.1422550004175536 41.41548500070938)
SB-716,716,Gran Via - Bilbao,Bus,POINT (2.1948689988178263 41.409605004144304)
SB-717,717,Gran Via - Selva de Mar,Bus,POINT (2.2008839992637537 41.413668995922905)
SB-719,719,Pg de Josep Carner - Jardins de Walter Benjamin,Bus,POINT (2.175363001266132 41.37307200413157)
SB-721,721,Pg de Josep Carner - Pg de Montjuïc,Bus,POINT (2.1743190050952905 41.37145299774382)
SB-722,722,Paral·lel - Cabanes,Bus,POINT (2.1706349963968408 41.37479399782006)
SB-723,723,Paral·lel - Drassanes,Bus,POINT (2.1745576004389275 41.374549229722454)
SB-725,725,Mina de la Ciutat - Les Torres,Bus,POINT (2.174268003571266 41.44735599839298)
SB-731,731,Pg Torras i Bages - Els Segadors,Bus,POINT (2.1912779961119617 41.4369760029813)
SB-732,732,Hospital Sant Rafael,Bus,POINT (2.1407039953959486 41.42516000374303)
SB-733,733,Escola Oficial d'Idiomes Vall d'Hebron,Bus,POINT (2.1385430054811434 41.42661700065185)
SB-734,734,Centre Cívic Casa Groga,Bus,POINT (2.13698800090582 41.427023003161274)
SB-744,744,Felip II - Meridiana,Bus,POINT (2.186077005628056 41.42111699678237)
SB-749,749,Santa Rosalia - Castellbisbal,Bus,POINT (2.143730000490074 41.42075400001772)
SB-752,752,Aiguablava - Pedrosa,Bus,POINT (2.182142994993306 41.44892299891655)
SB-753,753,Aiguablava - La Fosca,Bus,POINT (2.1817629984117977 41.44839600176623)
SB-754,754,Pg Vall d'Hebron - L'Arrabassada,Bus,POINT (2.1390620045997215 41.41862300236761)
SB-755,755,Pg Valldaura - Guineueta,Bus,POINT (2.16538399454511 41.439436997767416)
SB-760,760,Badal - Av Carrilet,Bus,POINT (2.134608004630681 41.36661699725089)
SB-761,761,Av d'Esplugues - González Tablas,Bus,POINT (2.106660996961792 41.38748399901989)
SB-762,762,Av d'Esplugues,Bus,POINT (2.109145999841358 41.38989599718423)
SB-763,763,Av d'Esplugues - Av Pearson,Bus,POINT (2.112004004883896 41.39332000095271)
SB-764,764,Bisbe Català - Pl de Pedralbes,Bus,POINT (2.1142809986291 41.39601299898649)
SB-765,765,Pl Pius XII,Bus,POINT (2.121618005383787 41.38811600193336)
SB-766,766,Diagonal - Pl Pius XII,Bus,POINT (2.122614996445706 41.38723800060718)
SB-768,768,Grècia - Pl del Nen de la Rutlla,Bus,POINT (2.1714469989199907 41.41911299894634)
SB-769,769,Via Favència - Rambla Caçador,Bus,POINT (2.1670940031220702 41.44147699939824)
SB-770,770,Paral·lel - Margarit,Bus,POINT (2.1645059993348923 41.374866001323774)
SB-772,772,Doctor Pi i Molist - Pl Virrei Amat,Bus,POINT (2.1746199981284233 41.430841001694375)
SB-773,773,Doctor Pi i Molist - Orduña,Bus,POINT (2.173054998398178 41.43342099690031)
SB-776,776,Sepúlveda - Av Mistral,Bus,POINT (2.152409002777773 41.3756829956789)
SB-777,777,Av Roma - Tarragona,Bus,POINT (2.1436143295190133 41.380472159447905)
SB-778,778,Av Sant Ramon Nonat - Cardenal Reig,Bus,POINT (2.1164460031717036 41.3774340040467)
SB-780,780,Trafalgar - Bruc,Bus,POINT (2.1770009954894003 41.38971500254741)
SB-783,783,Sant Antoni Maria Claret - Lepant,Bus,POINT (2.170400000657914 41.40831200081118)
SB-784,784,València - Lepant,Bus,POINT (2.1774169951326514 41.40320800341996)
SB-785,785,Gran Via - Padilla,Bus,POINT (2.1829380690810827 41.40058499619476)
SB-787,787,Escorial - Legalitat,Bus,POINT (2.160790995261843 41.407944003801205)
SB-789,789,Pg de l'Exposició - Santa Madrona,Bus,POINT (2.1585909979748896 41.370517996465765)
SB-793,793,Rambla del Carmel,Bus,POINT (2.1575619958524355 41.42575000035757)
SB-797,797,Costa Pacheco - Font del Roure,Bus,POINT (2.1296340039690747 41.428405998973986)
SB-800,800,Natzaret - Cànoves,Bus,POINT (2.135451002297943 41.42701300323724)
SB-803,803,Pg Verdum - Pl Jardins d'Alfàbia,Bus,POINT (2.173484004284166 41.436940997971526)
SB-804,804,Via Júlia - Font de Canyelles,Bus,POINT (2.1762529941437516 41.44042100117906)
SB-805,805,Pg Valldaura - Font de Canyelles,Bus,POINT (2.179161998046628 41.43903499591237)
SB-806,806,Mercat de la Guineueta,Bus,POINT (2.170002001276591 41.438790996706196)
SB-807,807,Pg Valldaura - Pg de Verdum,Bus,POINT (2.173494998486418 41.438433996092996)
SB-808,808,Via Júlia - Pl Francesc Layret,Bus,POINT (2.177865999293262 41.44251700330637)
SB-810,810,Via Júlia - Ptge Quintana,Bus,POINT (2.178941002374727 41.44500000277419)
SB-813,813,Via Favència - Almansa,Bus,POINT (2.174626001618524 41.44488300393244)
SB-814,814,Villarroel - Buenos Aires,Bus,POINT (2.147597000524724 41.39205299794752)
SB-817,817,Via Favència - Biblioteca Les Roquetes,Bus,POINT (2.177482000361501 41.44585299558605)
SB-818,818,Pg Valldaura - Escultor Ordóñez,Bus,POINT (2.1792710012954735 41.438894996451616)
SB-819,819,Pg Verdum - Pl de la República,Bus,POINT (2.1740510023950046 41.43775600056994)
SB-820,820,Metro Maragall,Bus,POINT (2.17612499443525 41.42451800278659)
SB-822,822,Diagonal - Av de Sarrià,Bus,POINT (2.1403099996229207 41.39133200345739)
SB-823,823,Av Mare de Déu de Montserrat - Periodistes,Bus,POINT (2.174119995306825 41.421681996147264)
SB-824,824,Alt de Pedrell - Aguilar,Bus,POINT (2.168776995128422 41.42564499721283)
SB-825,825,Alt de Pedrell - Palautordera,Bus,POINT (2.169577998324987 41.426011998623586)
SB-826,826,Arc de Sant Martí - Camil Oliveras,Bus,POINT (2.171801001681411 41.423723997829754)
SB-827,827,Llull - Bilbao,Bus,POINT (2.2034310017399545 41.40189100103083)
SB-828,828,Guipúscoa - Bilbao,Bus,POINT (2.1920440003014496 41.412351001366204)
SB-830,830,Llull - Ciutat de Granada,Bus,POINT (2.1989129960705296 41.398485000716306)
SB-835,835,Pujades - Àlaba,Bus,POINT (2.1932870048430044 41.39614999586701)
SB-839,839,Bruc - Provença,Bus,POINT (2.165625998340079 41.397189002768236)
SB-841,841,Llúria - Mallorca,Bus,POINT (2.1657059950305095 41.39557599816347)
SB-842,842,Aribau - Mallorca,Bus,POINT (2.157710005596018 41.389686998699084)
SB-843,843,Mercabarna,Bus,POINT (2.1155450020334947 41.33117399756304)
SB-844,844,Carrer número 6 - Carrer F,Bus,POINT (2.1181230049830555 41.324991003533555)
SB-845,845,Pg Mare de Déu del Coll - Ramon Rocafull,Bus,POINT (2.152115001435449 41.42483600120951)
SB-847,847,Vallcarca,Bus,POINT (2.1443709986106496 41.41302600191297)
SB-848,848,Pg Mare de Déu del Coll - Cartago,Bus,POINT (2.146380003292119 41.41542900163053)
SB-849,849,Pg Mare de Déu del Coll - Baixada de Sant Marià,Bus,POINT (2.147739000157181 41.41783199829484)
SB-850,850,Pg Mare de Déu del Coll - Santuari,Bus,POINT (2.149115995425957 41.42014899999148)
SB-851,851,Pg Mare de Déu del Coll - Santuari,Bus,POINT (2.1489179951381017 41.42007399857076)
SB-852,852,Pg Mare de Déu del Coll - Baixada Solanell,Bus,POINT (2.147553001867762 41.417603001858566)
SB-853,853,Pg Mare de Déu del Coll - Pl Flandes,Bus,POINT (2.1459239996856647 41.41530599830427)
SB-855,855,Vallespir - Jardí de Magalí,Bus,POINT (2.133990002732209 41.383906999264106)
SB-856,856,Arizala - Av Madrid,Bus,POINT (2.1251039966768155 41.376424004423065)
SB-857,857,Rambla del Brasil - Miquel Àngel,Bus,POINT (2.1300949998128305 41.37732499810918)
SB-858,858,Carles III - Av Madrid,Bus,POINT (2.128728998686933 41.37978799975069)
SB-859,859,Sant Antoni Maria Claret - Rambla Volart,Bus,POINT (2.179667996396681 41.41526900239648)
SB-861,861,Pl Maragall - Navas de Tolosa,Bus,POINT (2.1813769955946345 41.41979399734664)
SB-863,863,Jaume Puigvert - José Millán González,Bus,POINT (2.1601299957479405 41.41611899878041)
SB-866,866,Capità Arenas - Pg Manuel Girona,Bus,POINT (2.1257770041148505 41.39083499904546)
SB-867,867,Pg Zona Franca - Mineria,Bus,POINT (2.1376400003406406 41.36230299965029)
SB-868,868,La Campana,Bus,POINT (2.139983998832136 41.36802499917103)
SB-871,871,Mallorca - Meridiana,Bus,POINT (2.1873589957272848 41.412523997438335)
SB-872,872,Estació d'Autobusos Fabra i Puig,Bus,POINT (2.1832539949931715 41.43162800136446)
SB-873,873,Fabra i Puig - Gran de Sant Andreu,Bus,POINT (2.18915599897663 41.43020199650871)
SB-874,874,Fabra i Puig - Llenguadoc,Bus,POINT (2.185483003813473 41.430251001003185)
SB-875,875,Escòcia,Bus,POINT (2.1794360053626747 41.428618997769604)
SB-877,877,Ctra de Ribes - Meridiana,Bus,POINT (2.1897439965074477 41.4494590008065)
SB-878,878,Av Rasos de Peguera - Meridiana,Bus,POINT (2.1796739972084875 41.46214800220511)
SB-879,879,Ctra C-17 Estació de Torre Baró,Bus,POINT (2.1814449965908373 41.46072600099227)
SB-880,880,Felip II - Palència,Bus,POINT (2.1896869953825924 41.41841300113082)
SB-882,882,Consell de Cent - Meridiana,Bus,POINT (2.186509995909502 41.406595002378666)
SB-883,883,Meridiana - Pl de Mossèn Clapés,Bus,POINT (2.1864380051274126 41.44233699653277)
SB-884,884,Av Sivatte - Ctra Nacional 152,Bus,POINT (2.180783996887256 41.46387400180788)
SB-885,885,Meridiana - Garbí,Bus,POINT (2.188590409611172 41.45211153029564)
SB-887,887,Metro Maresme - Fòrum,Bus,POINT (2.2166849978675356 41.41218100229273)
SB-888,888,Gran Via - Maresme,Bus,POINT (2.2061849963124742 41.41763099836312)
SB-889,889,Gran Via - Maresme,Bus,POINT (2.2069659985553027 41.418658003063925)
SB-894,894,Pl Can Baró,Bus,POINT (2.162287996452316 41.41619500101298)
SB-895,895,La Campana,Bus,POINT (2.1400170052528478 41.368295999615704)
SB-897,897,Pl Sanllehy,Bus,POINT (2.1608139957377297 41.41394100378027)
SB-898,898,Pl Catalana - Amílcar,Bus,POINT (2.1729089975377907 41.42122199577958)
SB-907,907,Gran Via - Moianès,Bus,POINT (2.142617002439329 41.37023199619949)
SB-908,908,Ctra de la Bordeta - Àliga,Bus,POINT (2.143915994856617 41.373185002901366)
SB-909,909,Gavà - Ptge Solsona,Bus,POINT (2.139993996152574 41.37112900165993)
SB-913,913,Indústria - Lepant,Bus,POINT (2.1727208989331537 41.40820830935741)
SB-914,914,Gran Via - Marina,Bus,POINT (2.1806489995239926 41.39861099580233)
SB-915,915,Vila Olímpica,Bus,POINT (2.193668002467456 41.388445003594484)
SB-921,921,Pl de Sarrià,Bus,POINT (2.1213789972644705 41.39987899824512)
SB-922,922,Ronda de Dalt - Ràfols,Bus,POINT (2.1148360030710758 41.401582998650724)
SB-923,923,Les Corts - Mejía Lequerica,Bus,POINT (2.127254995172241 41.38191099616975)
SB-925,925,Mini Estadi - Palau Blaugrana,Bus,POINT (2.119226996322486 41.38083399552591)
SB-927,927,Gran Via - Muntaner,Bus,POINT (2.1616849997065786 41.384376998555915)
SB-928,928,Diagonal - Muntaner,Bus,POINT (2.150403005689941 41.39430199856323)
SB-929,929,Diagonal - Muntaner,Bus,POINT (2.150519999031113 41.39417100166793)
SB-930,930,Còrsega - Aribau,Bus,POINT (2.1534729988631818 41.392176995842036)
SB-933,933,Mitre - Balmes,Bus,POINT (2.141066998434747 41.40467700431772)
SB-934,934,Mitre - Mandri,Bus,POINT (2.1362809967705663 41.4011309977066)
SB-936,936,Pg Sant Gervasi - Pl Bonanova,Bus,POINT (2.1338799952094054 41.40711799724988)
SB-937,937,Pg Sant Gervasi - Pl Kennedy,Bus,POINT (2.135810995309201 41.4100350028588)
SB-938,938,Provença - Aribau,Bus,POINT (2.1555089945213033 41.39030200331524)
SB-940,940,Mitre - Av Sarrià,Bus,POINT (2.1311470029306676 41.393020997616716)
SB-941,941,Gran Via - Mandoni,Bus,POINT (2.141952997245189 41.36950400353499)
SB-943,943,Pl Espanya - Av Reina Maria Cristina,Bus,POINT (2.1495700014861567 41.37412399619849)
SB-945,945,Poble Espanyol,Bus,POINT (2.1470000034857444 41.369420996473536)
SB-946,946,Berenguer de Palou - Pont del Treball,Bus,POINT (2.191778002622111 41.42368799684947)
SB-947,947,Berenguer de Palou - Pare Manyanet,Bus,POINT (2.1917110009633483 41.427012998611936)
SB-949,949,Indústria - Sardenya,Bus,POINT (2.170284519841767 41.4063806399776)
SB-950,950,Almogàvers - Marina,Bus,POINT (2.1861514420174855 41.394276612540835)
SB-954,954,Pg Joan de Borbó - Almirall Aixada,Bus,POINT (2.1883620055859314 41.37764899672298)
SB-955,955,Pg Joan de Borbó,Bus,POINT (2.187433003869681 41.37999499957555)
SB-956,956,Pg Joan de Borbó,Bus,POINT (2.1872549987293213 41.379834002953054)
SB-957,957,Pg Joan de Borbó - Pepe Rubianes,Bus,POINT (2.188154994576569 41.3775590013721)
SB-959,959,Pg Joan de Borbó - Judici,Bus,POINT (2.1889419961524483 41.376098998698076)
SB-960,960,Pg Joan de Borbó - Pl del Mar,Bus,POINT (2.188566995962131 41.374332004134075)
SB-962,962,Metro Besòs,Bus,POINT (2.207703999745226 41.42048100264786)
SB-963,963,Cantàbria - Andrade,Bus,POINT (2.2035520027865654 41.41824300007753)
SB-965,965,Pont del Treball - Santander,Bus,POINT (2.1974469993888297 41.422092999331625)
SB-969,969,Pg Enric Sanchís - Sant Adrià,Bus,POINT (2.2048469971309683 41.43551899610373)
SB-970,970,Pg Enric Sanchís - Santander,Bus,POINT (2.2059719971780973 41.433497001141376)
SB-971,971,Rambla Prim - Santander,Bus,POINT (2.2012819950330518 41.42527300247476)
SB-972,972,Pl Botticelli,Bus,POINT (2.1531520025856534 41.433116001449854)
SB-973,973,Artesania - Pl de la República,Bus,POINT (2.1747169970183418 41.43947400303424)
SB-974,974,Artesania - Góngora,Bus,POINT (2.172807001597492 41.4418380030533)
SB-975,975,Almansa - Via Favència,Bus,POINT (2.174337002542358 41.443974999360655)
SB-977,977,Via Barcino - Ausona,Bus,POINT (2.1924270045229326 41.44984600089872)
SB-988,988,Santaló - Trav de Gràcia,Bus,POINT (2.1469140033367817 41.394837998443315)
SB-989,989,Santaló - Mercat Galvany,Bus,POINT (2.1442270031322224 41.39694100214654)
SB-990,990,Numància - Parc Les Corts,Bus,POINT (2.135868998049556 41.386137998524994)
SB-991,991,Les Corts - Numància,Bus,POINT (2.13579500310809 41.38731100311013)
SB-993,993,Mandri - Artesa de Segre,Bus,POINT (2.1340249987978375 41.40296800401963)
SB-994,994,Mitre - Muntaner,Bus,POINT (2.1375717505475844 41.402652189858266)
SB-995,995,Pg Bonanova - Ganduxer,Bus,POINT (2.1301209990637306 41.40484300409077)
SB-996,996,Pg Bonanova - Horaci,Bus,POINT (2.1304850020452872 41.404907997214295)
SB-997,997,Mandri - Jardins Ca n'Altimira,Bus,POINT (2.1326819947186224 41.40419300186205)
SB-998,998,Santuari - Ceuta,Bus,POINT (2.1513570046807713 41.420126000784435)
SB-999,999,Santuari - La Murtra,Bus,POINT (2.1550203973697655 41.419897495825644)
SB-1000,1000,Santuari - La Murtra,Bus,POINT (2.15508499903155 41.419944998208315)
SB-1001,1001,Santuari - l'Hortal,Bus,POINT (2.1510039963739565 41.42023499865426)
SB-1002,1002,Av de Vallcarca - Metro Penitents,Bus,POINT (2.1409200021548043 41.41808199608492)
SB-1003,1003,Pl Alfonso Comín - Pg Vall d'Hebron,Bus,POINT (2.1382260019381207 41.41621099621556)
SB-1004,1004,Metro Paral·lel,Bus,POINT (2.1706189991168574 41.37503099673165)
SB-1005,1005,Pl Josep Maria Folch,Bus,POINT (2.166602002923556 41.37615600010244)
SB-1006,1006,Ronda Sant Pau - Parlament,Bus,POINT (2.163580999794691 41.378446996649565)
SB-1007,1007,Meridiana - Biscaia,Bus,POINT (2.1867499950103606 41.41760699772238)
SB-1008,1008,Pg Maragall - Trinxant,Bus,POINT (2.180738004001839 41.419027003033406)
SB-1010,1010,Olvan,Bus,POINT (2.133241770614606 41.42964295288665)
SB-1011,1011,Pl del Nou,Bus,POINT (2.141139003222646 41.35325000112369)
SB-1019,1019,Pg Vall d'Hebron - Av Jordà,Bus,POINT (2.1417200026928067 41.424328004127254)
SB-1020,1020,Pg Vall d'Hebron - Natzaret,Bus,POINT (2.1405011996427605 41.42157553924782)
SB-1021,1021,Ardena - Ronda de Dalt,Bus,POINT (2.1073320038500563 41.390617003178114)
SB-1022,1022,Pg Calvell - Rambla del Poblenou,Bus,POINT (2.2059159961497334 41.39701199752278)
SB-1023,1023,Sant Adrià - Pg Enric Sanchís,Bus,POINT (2.2040509942115727 41.43601499899902)
SB-1025,1025,Ronda de Dalt - Moneders,Bus,POINT (2.108094000268095 41.38997800331214)
SB-1028,1028,Pg Torras i Bages - Joan Torras,Bus,POINT (2.191087999348094 41.43698199922006)
SB-1030,1030,Av Ferrer i Guàrdia - Av Montanyans,Bus,POINT (2.14513800299557 41.367804000400064)
SB-1033,1033,Guipúscoa - Verneda,Bus,POINT (2.208421996309189 41.42506599862171)
SB-1035,1035,Via Favència - Molí,Bus,POINT (2.180146005142402 41.44594599966713)
SB-1036,1036,Aribau - Laforja,Bus,POINT (2.1473230045020184 41.39792599635299)
SB-1037,1037,Pg Maragall - Manigua,Bus,POINT (2.1795680003014986 41.42179899888)
SB-1039,1039,Via Laietana - Comtal,Bus,POINT (2.1744258705926547 41.3873306396663)
SB-1040,1040,Pl Urquinaona,Bus,POINT (2.1733219966254085 41.3887829964454)
SB-1045,1045,Pg Zona Franca - Motors,Bus,POINT (2.145139004115807 41.35147600285701)
SB-1047,1047,Felip II - Ramon Albó,Bus,POINT (2.177781004238827 41.427260999934184)
SB-1048,1048,Felip II - Pl Congrés,Bus,POINT (2.1798019974227807 41.42572100095829)
SB-1051,1051,Jerez - Pl de la Ciutadella,Bus,POINT (2.1552610003292156 41.43134699858174)
SB-1057,1057,Constitució - Mossèn Amadeu Oller,Bus,POINT (2.137749999441674 41.36992799838554)
SB-1058,1058,Viladomat - Manso,Bus,POINT (2.1614399959441855 41.376480997027464)
SB-1059,1059,Vilamarí - Av Mistral,Bus,POINT (2.153416005501986 41.375730996652784)
SB-1061,1061,Paral·lel - Vila i Vilà,Bus,POINT (2.167040994103924 41.37486099576644)
SB-1062,1062,Av Paral·lel - Lleida,Bus,POINT (2.1530570596380905 41.3748245997682)
SB-1065,1065,Pl de la Font Castellana - Tenerife,Bus,POINT (2.1663459978241697 41.41520600282084)
SB-1066,1066,Mallorca - Pau Claris,Bus,POINT (2.164453998659267 41.39533799667856)
SB-1067,1067,Pl Urquinaona - Pau Claris,Bus,POINT (2.172543000840403 41.389101000841976)
SB-1069,1069,Metro Urquinaona,Bus,POINT (2.172785995640468 41.38901999605681)
SB-1070,1070,Gran Via - Pau Claris,Bus,POINT (2.1693770016360205 41.390143002977105)
SB-1071,1071,Pl Urquinaona,Bus,POINT (2.172851996169299 41.3893370033829)
SB-1072,1072,Mallorca - Padilla,Bus,POINT (2.1781239987773935 41.405589996473815)
SB-1075,1075,Pl Universitat,Bus,POINT (2.1639699981421163 41.38607000236647)
SB-1076,1076,Pl Universitat - Pelai,Bus,POINT (2.1644929981278525 41.38562900125375)
SB-1078,1078,València - Pg de Gràcia,Bus,POINT (2.162947996452736 41.392346000894904)
SB-1079,1079,Ronda Sant Pere - Pl Urquinaona,Bus,POINT (2.1714479971835883 41.38858099921297)
SB-1080,1080,Diagonal - Pau Claris,Bus,POINT (2.1606490021196096 41.39673699957311)
SB-1082,1082,Rda. Sant Pere - Pl. de Catalunya,Bus,POINT (2.170599778023858 41.38823324780973)
SB-1086,1086,Camèlies - Praga,Bus,POINT (2.162951997770753 41.41307699933364)
SB-1088,1088,Casanova - París,Bus,POINT (2.151078004430286 41.39128600151839)
SB-1089,1089,Rosselló - Bailèn,Bus,POINT (2.1659910043005586 41.39976499952874)
SB-1090,1090,Metro Maresme - Fòrum,Bus,POINT (2.217166997603997 41.412236003868365)
SB-1092,1092,Metro La Pau,Bus,POINT (2.2054850020039387 41.42286600081383)
SB-1095,1095,Av dels Quinze - Pg Maragall,Bus,POINT (2.175873996345208 41.42639999684875)
SB-1098,1098,Diagonal - Francesc Macià,Bus,POINT (2.1458550057201027 41.39315400053753)
SB-1099,1099,Josep Tarradellas - Comte Borrell,Bus,POINT (2.144260996137228 41.39152399601225)
SB-1103,1103,Pl Catalunya - Portal de l'Àngel,Bus,POINT (2.170845003553975 41.38643500288393)
SB-1104,1104,Sardenya - Camèlies,Bus,POINT (2.1615329946572315 41.413114000966566)
SB-1108,1108,Av Marquès de l'Argentera - Pg Picasso,Bus,POINT (2.185188999639114 41.38509099933115)
SB-1109,1109,Pallars - Pere IV,Bus,POINT (2.1946179959768926 41.39871400072229)
SB-1111,1111,Rambla Prim - Pere IV,Bus,POINT (2.2112069999731183 41.417085998297736)
SB-1113,1113,Rambla Prim - Cristóbal de Moura,Bus,POINT (2.2129000039111175 41.416464998074325)
SB-1116,1116,Gran de Gràcia - Lesseps,Bus,POINT (2.1500789999263845 41.40617600133496)
SB-1117,1117,Gran de Gràcia - Pl Trilla,Bus,POINT (2.152180996787531 41.403473998665156)
SB-1118,1118,Av Riera de Cassoles - Pl Lesseps,Bus,POINT (2.150126000970919 41.40574399868861)
SB-1119,1119,Av República Argentina - Escipió,Bus,POINT (2.1470609976742234 41.408629002012326)
SB-1120,1120,Mitre - Berna,Bus,POINT (2.1466370005664466 41.405622000774734)
SB-1122,1122,Pl Lesseps - Riera de Vallcarca,Bus,POINT (2.1495109957379728 41.40674500369818)
SB-1123,1123,Av Riera de Cassoles - Carolines,Bus,POINT (2.1500810045011267 41.40363799720156)
SB-1124,1124,Ronda Universitat - Pl Universitat,Bus,POINT (2.1652640019303337 41.38626199724515)
SB-1127,1127,Pg Lluís Companys - Arc de Triomf,Bus,POINT (2.1802519969213754 41.39068999713138)
SB-1128,1128,Pg Lluís Companys - Parc de la Ciutadella,Bus,POINT (2.182697001547054 41.388837998566885)
SB-1129,1129,Parc de la Ciutadella - Princesa,Bus,POINT (2.1830539984127704 41.38780400326466)
SB-1130,1130,Pg Picasso - Comerç,Bus,POINT (2.18208699752018 41.388363003543816)
SB-1131,1131,Bac de Roda - Llull,Bus,POINT (2.2067120039996753 41.40556800130662)
SB-1135,1135,Pau Claris - Rosselló,Bus,POINT (2.1620740032029873 41.39646700077837)
SB-1136,1136,Pg de Gràcia - Mallorca,Bus,POINT (2.163363002758875 41.39352200290079)
SB-1137,1137,Casanova - Mercat del Ninot,Bus,POINT (2.154626001352101 41.38859700151367)
SB-1138,1138,Pg de Sant Joan - València,Bus,POINT (2.170461994917299 41.39884300430766)
SB-1140,1140,Padilla - Mallorca,Bus,POINT (2.1781761194998372 41.40501557953052)
SB-1141,1141,Av Gaudí,Bus,POINT (2.174816998915844 41.405772002886394)
SB-1142,1142,Independència - Mallorca,Bus,POINT (2.181904004292528 41.408977997411704)
SB-1143,1143,Dos de Maig - Còrsega,Bus,POINT (2.1782769952845435 41.40981700326321)
SB-1144,1144,Pg de Gràcia - Rosselló,Bus,POINT (2.160116004335041 41.395892999224166)
SB-1146,1146,Montbau,Bus,POINT (2.1415040016698352 41.433033000556605)
SB-1147,1147,Metro Montbau,Bus,POINT (2.1447539975050827 41.43066700395715)
SB-1148,1148,Pg Vall d'Hebron - Mundet,Bus,POINT (2.1470400056176677 41.43503299905229)
SB-1150,1150,Vayreda - Arquitectura,Bus,POINT (2.140175999080216 41.43038500354958)
SB-1158,1158,Pg Torras i Bages - Residència,Bus,POINT (2.191109001414191 41.43934799558737)
SB-1159,1159,Pg Torras i Bages - Palomar,Bus,POINT (2.1909349969657703 41.44180899920394)
SB-1161,1161,Pg Torras i Bages - Palomar,Bus,POINT (2.1907069994913546 41.44229800326963)
SB-1163,1163,Pg Picasso - Princesa,Bus,POINT (2.1835229966699687 41.38713300262634)
SB-1164,1164,Pla de Palau - Pl Pau Vila,Bus,POINT (2.185004997371699 41.38254999887679)
SB-1166,1166,Meridiana - Estació d'Autobusos Fabra i Puig,Bus,POINT (2.1829843102484334 41.43070208992237)
SB-1167,1167,CAP Sant Andreu,Bus,POINT (2.183621004045892 41.433331995605805)
SB-1168,1168,S'Agaró - Llosa,Bus,POINT (2.1875409970245925 41.44923700354118)
SB-1172,1172,Via Favència - IES Guineueta,Bus,POINT (2.1722569995091505 41.44344999711213)
SB-1173,1173,Gran Via - Química,Bus,POINT (2.1363992198180717 41.36522286911445)
SB-1174,1174,Artesania - Antonio Machado,Bus,POINT (2.1709699954811486 41.44516700194315)
SB-1176,1176,Via Favència - Palamós,Bus,POINT (2.184238000826203 41.446495998710795)
SB-1178,1178,Pont del Treball - Santander,Bus,POINT (2.1964939977817837 41.422072998336645)
SB-1180,1180,Rambla Prim - Cantàbria,Bus,POINT (2.200924999986578 41.42488099579225)
SB-1181,1181,Rambla Prim - Guipúscoa,Bus,POINT (2.2042689963456703 41.42235899740432)
SB-1185,1185,Paral·lel - Av Mistral,Bus,POINT (2.152629005564002 41.37512799606243)
SB-1187,1187,Universitat Autònoma de Barcelona,Bus,POINT (2.137190996360799 41.42808799805684)
SB-1188,1188,Natzaret - Av Jordà,Bus,POINT (2.1368400024439396 41.42751399627329)
SB-1190,1190,Bac de Roda - Gran Via,Bus,POINT (2.197520997796572 41.41249300036972)
SB-1191,1191,Bilbao - Concili de Trento,Bus,POINT (2.19202500175277 41.41133600429217)
SB-1193,1193,Jorge Manrique - Can Travi,Bus,POINT (2.149490003455104 41.4315610009642)
SB-1195,1195,Vallcarca,Bus,POINT (2.144236001097511 41.41306200052249)
SB-1196,1196,Isaac Newton - Lleó XIII,Bus,POINT (2.135835997063286 41.414895004482986)
SB-1204,1204,Pg Santa Coloma - Pl de la Modernitat,Bus,POINT (2.19344999752326 41.44617899589073)
SB-1205,1205,Pg Santa Coloma - Tiana,Bus,POINT (2.1995440054667164 41.44831299576884)
SB-1207,1207,Mallorca - Pg de Gràcia,Bus,POINT (2.1617990016607624 41.3933360006578)
SB-1208,1208,Pl Catalunya - Rambla Catalunya,Bus,POINT (2.1688309997691277 41.387575001021965)
SB-1209,1209,Gran Via - Balmes,Bus,POINT (2.1664310022929905 41.3879310007609)
SB-1210,1210,Pl Catalunya - Pg de Gràcia,Bus,POINT (2.1693160045011775 41.38775699626139)
SB-1214,1214,Ana María Matute - Pl Sanllehy,Bus,POINT (2.1606940034970172 41.413970997077534)
SB-1215,1215,Ana María Matute - Miquel Sants Oliver,Bus,POINT (2.158412004624028 41.415207004245815)
SB-1217,1217,Ctra. del Carmel - Albert Llanas,Bus,POINT (2.1564690010973435 41.41646199838415)
SB-1218,1218,Ctra. del Carmel - Pl. Raimon Casellas,Bus,POINT (2.158832998114051 41.41683500234418)
SB-1219,1219,Ctra. del Carmel - Can Xirot,Bus,POINT (2.156457998634867 41.41697200124117)
SB-1221,1221,Ctra. del Carmel - Pg. Josefina Torrens Illas,Bus,POINT (2.156803997343156 41.4156459999879)
SB-1222,1222,Ana María Matute - Av Pompeu Fabra,Bus,POINT (2.1586039977565754 41.41488399566712)
SB-1223,1223,Ana María Matute - C N Catalunya,Bus,POINT (2.1567930007861533 41.4157820041443)
SB-1224,1224,Mallorca - Rogent,Bus,POINT (2.184429003633548 41.410323995751575)
SB-1225,1225,Sant Antoni Maria Claret - Nàpols,Bus,POINT (2.1658760045498 41.40490000030701)
SB-1226,1226,Pg Pujades - Parc de la Ciutadella,Bus,POINT (2.1853650029404847 41.39046100321469)
SB-1227,1227,Mallorca - Pg Sant Joan,Bus,POINT (2.17042799947932 41.39983899683911)
SB-1228,1228,València - Pg Sant Joan,Bus,POINT (2.1716279947727535 41.398872995878946)
SB-1230,1230,Gran Via - Roger de Flor,Bus,POINT (2.176898001798824 41.39619100334436)
SB-1231,1231,Almogàvers - Roger de Flor,Bus,POINT (2.182800590975886 41.391857872255805)
SB-1232,1232,Pg Maragall - Ronda Guinardó,Bus,POINT (2.1770859987599063 41.42424200164388)
SB-1233,1233,Padilla - Trav de Gràcia,Bus,POINT (2.1711440018443953 41.41035299879813)
SB-1234,1234,Padilla - Llorens i Barba,Bus,POINT (2.1699067593741166 41.41130634916183)
SB-1235,1235,Pg Maragall - Av Frederic Rahola,Bus,POINT (2.1646939973423724 41.42776299819988)
SB-1236,1236,Pedrell - Font d'en Fargas,Bus,POINT (2.1661700016686414 41.42446499912833)
SB-1237,1237,Pedrell - Av Frederic Rahola,Bus,POINT (2.168549001759657 41.4241749998673)
SB-1240,1240,Meridiana - Av Rio de Janeiro,Bus,POINT (2.186210003094333 41.44304099887853)
SB-1242,1242,Pg Valldaura - Av Rio de Janeiro,Bus,POINT (2.18260400552711 41.439439996233766)
SB-1243,1243,Montserrat de Casanovas - Marí,Bus,POINT (2.161913996456883 41.4224139993039)
SB-1244,1244,Montserrat de Casanovas - Passerell,Bus,POINT (2.1592410037501284 41.42154700283725)
SB-1246,1246,Gran Via - Llúria,Bus,POINT (2.1712359986070435 41.391937002413314)
SB-1247,1247,València - Roger de Llúria,Bus,POINT (2.1660279942313094 41.39466599914011)
SB-1252,1252,Mercat Vall d'Hebron,Bus,POINT (2.1429079949837995 41.42519899943006)
SB-1253,1253,Josep Tarradellas - París,Bus,POINT (2.142975998971082 41.38640999889868)
SB-1254,1254,Gran Via - Entença,Bus,POINT (2.1537189960568717 41.37838500368264)
SB-1255,1255,Sepúlveda - Rocafort,Bus,POINT (2.154669995374899 41.37737699954295)
SB-1257,1257,Pl de Catalunya - Ronda Sant Pere,Bus,POINT (2.1703422197837305 41.38789891931856)
SB-1259,1259,Collblanc - Cardenal Reig,Bus,POINT (2.1146389988320626 41.37591900413184)
SB-1260,1260,Gran de Gràcia - Trav de Gràcia,Bus,POINT (2.1550289946590144 41.400278998726236)
SB-1261,1261,Gran de Gràcia - Metro Fontana,Bus,POINT (2.1532740005951965 41.40180899785232)
SB-1262,1262,Pl Gal·la Placídia,Bus,POINT (2.1520822793519994 41.399901169114656)
SB-1263,1263,Bruc - Còrsega,Bus,POINT (2.1634389994111514 41.39884000398834)
SB-1264,1264,Villarroel - Hospital Clínic,Bus,POINT (2.151134004315156 41.389382003923814)
SB-1265,1265,Pg de Sant Joan - Còrsega,Bus,POINT (2.1656551894493417 41.40207425925485)
SB-1267,1267,Calàbria - Provença,Bus,POINT (2.147954002287175 41.385099004214155)
SB-1268,1268,Muntaner - Rosselló,Bus,POINT (2.153439000487843 41.39105899614794)
SB-1271,1271,Pl Catalunya - Bergara,Bus,POINT (2.169525004815105 41.38655200291615)
SB-1273,1273,Llull - Llacuna,Bus,POINT (2.2010200044295583 41.400066001597594)
SB-1274,1274,Pujades - Bilbao,Bus,POINT (2.202359996632508 41.403014004024314)
SB-1275,1275,Pallars - Rambla del Poblenou,Bus,POINT (2.199050149580061 41.4020292299666)
SB-1278,1278,Marina - Doctor Trueta,Bus,POINT (2.1922011203437197 41.390954060394805)
SB-1279,1279,Av Elies Pagès,Bus,POINT (2.132870003975125 41.428363996770926)
SB-1281,1281,Ramon Trias Fargas - Pg Marítim,Bus,POINT (2.1964589995366293 41.385810003495834)
SB-1282,1282,Platja de la Barceloneta,Bus,POINT (2.1928409999682326 41.38030799844851)
SB-1283,1283,Platja de la Barceloneta,Bus,POINT (2.1931299964707556 41.38051300091653)
SB-1284,1284,Hospital del Mar,Bus,POINT (2.1946089982508856 41.383168998817666)
SB-1285,1285,Ramon Trias Fargas - Ronda Litoral,Bus,POINT (2.1958520045659946 41.38627400094604)
SB-1297,1297,Mallorca - Marina,Bus,POINT (2.175937000359616 41.40395399673105)
SB-1298,1298,Gran Via - Sardenya,Bus,POINT (2.180294996943799 41.39873900197583)
SB-1299,1299,Av Mare de Déu de Montserrat - Sanllehy,Bus,POINT (2.1607589997387193 41.41319200101474)
SB-1301,1301,Pi i Margall - Sardenya,Bus,POINT (2.164270999995094 41.409788997728846)
SB-1302,1302,Buenaventura Muñoz - Sardenya,Bus,POINT (2.1875460029976774 41.393583996162505)
SB-1305,1305,Pg Maragall - Indústria,Bus,POINT (2.1807840053221543 41.41515500219095)
SB-1306,1306,Marina - Còrsega,Bus,POINT (2.1727954101234754 41.40908523041568)
SB-1307,1307,Pg de Sant Joan - Trav de Gràcia,Bus,POINT (2.163187995094421 41.403929003119)
SB-1310,1310,Gran Via - Santa Dorotea,Bus,POINT (2.144880005611626 41.371705001207765)
SB-1313,1313,Via Augusta - Tres Reis,Bus,POINT (2.118015994975201 41.40414299549856)
SB-1314,1314,Josep Sangenís - Dante Alighieri,Bus,POINT (2.152039004866528 41.4252179963807)
SB-1315,1315,Josep Sangenís - Santa Gemma,Bus,POINT (2.1487920047623246 41.42398000325572)
SB-1316,1316,Av Mare de Déu de Montserrat - Praga,Bus,POINT (2.162302998517533 41.414179996123984)
SB-1318,1318,València - Diagonal,Bus,POINT (2.17405800125958 41.40068800042198)
SB-1319,1319,Gran Via - Roger de Flor,Bus,POINT (2.1773039956733076 41.3961010036345)
SB-1321,1321,Mare de Déu de la Salut - Hospital de l'Esperança,Bus,POINT (2.154881997810349 41.410346001030405)
SB-1323,1323,Pg Zona Franca - Cisell,Bus,POINT (2.1431690025405423 41.354767998653095)
SB-1324,1324,Santa Rosalia - Sant Dalmir,Bus,POINT (2.148815002764439 41.42323799568878)
SB-1326,1326,Paral·lel - Drassanes,Bus,POINT (2.1746400017346557 41.37478799792861)
SB-1327,1327,Pi i Margall - Pau Alsina,Bus,POINT (2.163955997927606 41.40957599731859)
SB-1328,1328,Camèlies - Pau Alsina,Bus,POINT (2.159769998021465 41.41134899723153)
SB-1335,1335,Escorial - Pl Joanic,Bus,POINT (2.1625170041610757 41.40611400176215)
SB-1338,1338,Segre - Sant Adrià,Bus,POINT (2.192413004961748 41.433581000440604)
SB-1339,1339,Dublín - Meridiana,Bus,POINT (2.1851399946112635 41.428612999182434)
SB-1340,1340,Meridiana - Riera de Sant Andreu,Bus,POINT (2.184425005383432 41.43549499869391)
SB-1341,1341,Bartrina - Pont del Dragó,Bus,POINT (2.186132995550513 41.43952499748024)
SB-1342,1342,Pl de Mossèn Clapés,Bus,POINT (2.1875200022215617 41.44172600410279)
SB-1344,1344,Onze de Setembre - Virgili,Bus,POINT (2.1931249989127197 41.43016300383239)
SB-1345,1345,Pg Maragall - Segle XX,Bus,POINT (2.179092000650815 41.422075996637034)
SB-1347,1347,Les Agudes 27,Bus,POINT (2.1783380049494125 41.46363999975615)
SB-1350,1350,Torrent del Bosc,Bus,POINT (2.174039002441969 41.46220000370644)
SB-1351,1351,Rovira i Virgili - Parc de la Pegaso,Bus,POINT (2.189330005301588 41.42789999936675)
SB-1352,1352,Balmes - Mitre,Bus,POINT (2.1401690046991235 41.40484299723505)
SB-1353,1353,Balmes - Joaquim Folguera,Bus,POINT (2.138735002720634 41.40678400188013)
SB-1354,1354,Balmes - Pl Kennedy,Bus,POINT (2.1373640039439907 41.40945300236504)
SB-1358,1358,Av Tibidabo - Josep Maria Florensa,Bus,POINT (2.1349150027300805 41.4129520017165)
SB-1360,1360,Pl Bonanova,Bus,POINT (2.1337620020609966 41.4066029986009)
SB-1362,1362,Badal - Sants,Bus,POINT (2.1307790035255256 41.375223002891964)
SB-1363,1363,Rambla del Brasil - Violant d'Hongria,Bus,POINT (2.1289860057496925 41.37889400444682)
SB-1364,1364,Metro Pl de Sants,Bus,POINT (2.1366039966943062 41.375437999629796)
SB-1365,1365,Sants - Premià,Bus,POINT (2.1393120015725473 41.37538500145499)
SB-1366,1366,Villarroel - Sepúlveda,Bus,POINT (2.1615610057182155 41.381507003520184)
SB-1367,1367,Paral·lel - Tamarit,Bus,POINT (2.1554680031669764 41.374889000227455)
SB-1368,1368,Tamarit - Lleida,Bus,POINT (2.155173001025357 41.374199002063605)
SB-1369,1369,Lleida - Av Paral·lel,Bus,POINT (2.1542010010911183 41.37450799883282)
SB-1370,1370,Calàbria - Av Mistral,Bus,POINT (2.158371999211398 41.37723700144037)
SB-1372,1372,Pg Vall d'Hebron - Patronat Ribes,Bus,POINT (2.141293004131555 41.42234099970392)
SB-1373,1373,Arizala - Les Corts,Bus,POINT (2.1236869950639816 41.3785729979916)
SB-1376,1376,Carles III - Maria Cristina,Bus,POINT (2.1269449982820783 41.387435998823634)
SB-1377,1377,Nicaragua - Parc Les Corts,Bus,POINT (2.1377750015190196 41.38625300069943)
SB-1378,1378,Carles III - Mejía Lequerica,Bus,POINT (2.127233002786335 41.384214003154234)
SB-1379,1379,Gran Via Carles III - Av Madrid,Bus,POINT (2.129228003152705 41.37997999797997)
SB-1380,1380,Numància - Diagonal,Bus,POINT (2.132837540117968 41.38917715017617)
SB-1381,1381,Entença - Montnegre,Bus,POINT (2.1394630003026798 41.38853299644239)
SB-1382,1382,Estació de França,Bus,POINT (2.1853989999743657 41.38483899662346)
SB-1386,1386,Aribau - Diagonal,Bus,POINT (2.150394999522976 41.39520800319358)
SB-1387,1387,Gal·la Placídia,Bus,POINT (2.152383003651582 41.399203003296314)
SB-1388,1388,Pg de Sant Joan - Travessera de Gràcia,Bus,POINT (2.163850994317769 41.40400999954992)
SB-1389,1389,Via Augusta - Diagonal,Bus,POINT (2.1555599977697844 41.39607000420496)
SB-1390,1390,Balmes - Trav de Gràcia,Bus,POINT (2.1511279968709816 41.39828100426782)
SB-1391,1391,Gran de Gràcia - Jesús,Bus,POINT (2.157306999615891 41.398355997066496)
SB-1392,1392,Muntaner - Via Augusta,Bus,POINT (2.1435009947763404 41.39856600013978)
SB-1394,1394,Torrent de l'Olla - Astúries,Bus,POINT (2.155890000512868 41.403263003738)
SB-1395,1395,Lepant - Jardins del Baix Guinardó,Bus,POINT (2.16874149951043 41.410385059146556)
SB-1396,1396,Lepant - Guinardó,Bus,POINT (2.167010995705706 41.41169799647717)
SB-1397,1397,Av Tibidabo - Teodor Roviralta,Bus,POINT (2.129421004742143 41.41541400286298)
SB-1400,1400,Can Tunis,Bus,POINT (2.1582919998936054 41.35208799897546)
SB-1402,1402,Pg de Fabra i Puig - Torrent Can Mariner,Bus,POINT (2.1629899944892057 41.43268599814405)
SB-1403,1403,Fabra i Puig - Petrarca,Bus,POINT (2.1680279978306123 41.43052399748117)
SB-1404,1404,Fabra i Puig - Petrarca,Bus,POINT (2.1680590042548435 41.430348999910514)
SB-1405,1405,Guipúscoa - Selva de Mar,Bus,POINT (2.1982290031115923 41.41741899981885)
SB-1407,1407,Dante Alighieri - Sacedón,Bus,POINT (2.154498996073299 41.42609199850909)
SB-1409,1409,Pare Pérez del Pulgar - Peníscola,Bus,POINT (2.189524994489853 41.453440997359245)
SB-1410,1410,Dante Alighieri - Rambla del Carmel,Bus,POINT (2.1575830050527443 41.42756600134055)
SB-1412,1412,Av Mare de Déu de Montserrat - Periodistes,Bus,POINT (2.1742790055183647 41.42168900136588)
SB-1413,1413,Av Pedralbes - Tòquio,Bus,POINT (2.119079005028209 41.39007899632499)
SB-1414,1414,Josep Tarradellas - Numància,Bus,POINT (2.1420890029065505 41.38116400097015)
SB-1418,1418,Pg Santa Coloma - Baró de Viver,Bus,POINT (2.199741996728785 41.44856800436557)
SB-1419,1419,Pg Santa Coloma - Nus de la Trinitat,Bus,POINT (2.1935680004630447 41.446407999310416)
SB-1420,1420,Pg Torras i Bages - Almirall Pròixida,Bus,POINT (2.1907710035901387 41.44138000166151)
SB-1424,1424,Costa Pacheco 26,Bus,POINT (2.1312490033085143 41.42810199997397)
SB-1425,1425,Diagonal - Balmes,Bus,POINT (2.154912999269627 41.39544599782159)
SB-1426,1426,Calvet - Tenor Viñas,Bus,POINT (2.1418269963676635 41.3960110013278)
SB-1427,1427,Pg Vall d'Hebron - Ctra d'Horta,Bus,POINT (2.153169002958973 41.43797399648443)
SB-1428,1428,Ctra d'Horta - Av Estatut de Catalunya,Bus,POINT (2.153490999623075 41.43742800311359)
SB-1430,1430,Pl de l'Estatut,Bus,POINT (2.1551939957222976 41.430787000482894)
SB-1435,1435,Sant Adrià - Sas,Bus,POINT (2.2036999982707175 41.43612200142822)
SB-1436,1436,Ciutat d'Asunción - Sant Adrià,Bus,POINT (2.200977998676384 41.43646700154228)
SB-1437,1437,Via Júlia - Turó Blau,Bus,POINT (2.1755250018837895 41.4392830024224)
SB-1438,1438,Ctra de Collblanc - Metro Ernest Lluch,Bus,POINT (2.1108099943303946 41.37597299694585)
SB-1440,1440,Pg Vall d'Hebron - Scala Dei,Bus,POINT (2.157768004871039 41.43908800182402)
SB-1441,1441,Pg Vall d'Hebron - Cementiri d'Horta,Bus,POINT (2.1583330002790437 41.43971899981555)
SB-1443,1443,Pl del Doctor Andreu - Funicular del Tibidabo,Bus,POINT (2.13077400139434 41.41644400302141)
SB-1444,1444,Parc Municipal Font del Racó,Bus,POINT (2.129657998164113 41.415507996259116)
SB-1446,1446,Arbeca - Lima,Bus,POINT (2.2080380050824036 41.43925500217637)
SB-1447,1447,Ctra del Carmel - Pasteur,Bus,POINT (2.158452002723816 41.417215997028826)
SB-1448,1448,Ctra del Carmel - Mühlberg,Bus,POINT (2.1576570047847605 41.41795599684096)
SB-1451,1451,Guipúscoa - Cantàbria,Bus,POINT (2.2020780041006196 41.419864003575185)
SB-1453,1453,Pg Guayaquil - Arbeca,Bus,POINT (2.208096997082214 41.43949299755163)
SB-1454,1454,Caracas - Pl Celestí Boada,Bus,POINT (2.2036220052328432 41.43931399637671)
SB-1455,1455,Ciutat d'Asunción - Potosí,Bus,POINT (2.1998230045319755 41.44167100229012)
SB-1463,1463,Rda. Sant Pere - Pl. Urquinaona,Bus,POINT (2.1744554698907237 41.38968812999244)
SB-1464,1464,Ronda Sant Antoni - Comte d'Urgell,Bus,POINT (2.1630683689982577 41.379250199957845)
SB-1466,1466,Còrsega - Hospital Clínic,Bus,POINT (2.1496430028903495 41.389296997899734)
SB-1467,1467,París - Comte d'Urgell,Bus,POINT (2.1477939944309776 41.389461000137366)
SB-1468,1468,Gran Via - Villarroel,Bus,POINT (2.158921998306131 41.38269400345172)
SB-1469,1469,Gran Via - Urgell,Bus,POINT (2.159086000410038 41.38242300402694)
SB-1472,1472,Av Tibidabo - Josep Garí,Bus,POINT (2.1334860022531554 41.41509800286118)
SB-1473,1473,Av Tibidabo - Lluís Muntadas,Bus,POINT (2.131297001320017 41.41539000062014)
SB-1474,1474,Arquitecte Moragas - Jorge Manrique,Bus,POINT (2.147466001148899 41.4326760023461)
SB-1476,1476,Pla de Palau,Bus,POINT (2.1841299954235773 41.38208100060234)
SB-1477,1477,Pas Sota Muralla - Pl Pau Vila,Bus,POINT (2.184435000566256 41.38116399908587)
SB-1479,1479,Port Vell,Bus,POINT (2.1829339986952867 41.37659700108963)
SB-1482,1482,Maremagnum,Bus,POINT (2.1823960018665898 41.375716999145894)
SB-1483,1483,Port Vell,Bus,POINT (2.18350200280398 41.377039996851195)
SB-1484,1484,Jordi Girona - John M Keynes,Bus,POINT (2.1147290009306876 41.38768099951867)
SB-1487,1487,Via Favència - Lucena,Bus,POINT (2.1760110029876447 41.44487399926646)
SB-1488,1488,Villarroel - Mercat del Ninot,Bus,POINT (2.154554003845266 41.38679899780883)
SB-1489,1489,Meridiana - València,Bus,POINT (2.1870529994870687 41.41107100127147)
SB-1490,1490,Pau Claris - Mallorca,Bus,POINT (2.1646089976834233 41.39454800268101)
SB-1491,1491,Calàbria - Aragó,Bus,POINT (2.1513519956291156 41.38254499547577)
SB-1492,1492,Pg de Sant Joan - Pl Mossèn Jacint Verdaguer,Bus,POINT (2.1704289997088586 41.39862400143379)
SB-1493,1493,Balmes - València,Bus,POINT (2.160075001674535 41.391139001837054)
SB-1494,1494,Meridiana - Pl del Doctor Serrat,Bus,POINT (2.1867159951169115 41.41090899801856)
SB-1495,1495,Muntaner - València,Bus,POINT (2.156872999657491 41.388467999138214)
SB-1497,1497,Pg de Gràcia - València,Bus,POINT (2.1632720050544965 41.39334800088518)
SB-1498,1498,Lepant - Mallorca,Bus,POINT (2.177067001607021 41.40407300275298)
SB-1499,1499,Metro Tarragona,Bus,POINT (2.145213001454074 41.37836899719204)
SB-1503,1503,Castelladral - Oristà,Bus,POINT (2.185188005514959 41.463881998522155)
SB-1504,1504,CEIP Ciutat Comtal,Bus,POINT (2.182566004294049 41.46279300122518)
SB-1508,1508,Av de Vallcarca - Viaducte de Vallcarca,Bus,POINT (2.1443329969195393 41.41205500289429)
SB-1509,1509,Av República Argentina - Mare de Déu del Carmel,Bus,POINT (2.1415159975222156 41.41160400130619)
SB-1510,1510,Doctor Pi i Molist - Maladeta,Bus,POINT (2.1731580015618057 41.43348999564815)
SB-1511,1511,Pla de las Madres de la Plaza de Mayo,Bus,POINT (2.172227002782107 41.43521699824755)
SB-1513,1513,Trav de Dalt - Verdi,Bus,POINT (2.1530170026796007 41.408900999416936)
SB-1515,1515,Pg Torras i Bages - Via Favència,Bus,POINT (2.190653996765017 41.4458639957927)
SB-1517,1517,Via Júlia - Mas Duran,Bus,POINT (2.1787360025087343 41.4435109991508)
SB-1518,1518,Via Júlia - Via Favència,Bus,POINT (2.179556001480034 41.445409004124)
SB-1519,1519,Pl Karl Marx - Pg Valldaura,Bus,POINT (2.1632109973535156 41.43973300404145)
SB-1520,1520,Diagonal - Pg de Gràcia,Bus,POINT (2.160304005369442 41.39680900131507)
SB-1522,1522,Av Riera de Cassoles - Via Augusta,Bus,POINT (2.151095909502189 41.401419140366755)
SB-1525,1525,Trav de Gràcia - Balmes,Bus,POINT (2.1523650007094393 41.3978099977493)
SB-1527,1527,Via Augusta - Amigó,Bus,POINT (2.1407660056770816 41.398059996683074)
SB-1528,1528,Via Augusta - Ganduxer,Bus,POINT (2.1358550032924666 41.397705000999466)
SB-1529,1529,Balmes - Mitre,Bus,POINT (2.141039995069827 41.40422199726622)
SB-1530,1530,Balmes - Copèrnic,Bus,POINT (2.1453480043327877 41.402345997394285)
SB-1531,1531,Pg Bonanova - Escoles Pies,Bus,POINT (2.127532003770989 41.40339499576705)
SB-1532,1532,Pg Bonanova - Carrasco i Formiguera,Bus,POINT (2.123720004001074 41.4012659966899)
SB-1533,1533,Av Riera de Cassoles - Guillem Tell,Bus,POINT (2.1500299945347505 41.40280699559661)
SB-1535,1535,Muntaner - Parc de Monterols,Bus,POINT (2.1399280056050527 41.40124499661744)
SB-1536,1536,Muntaner - Plató,Bus,POINT (2.1417799968739524 41.39986099966144)
SB-1538,1538,Pl Borràs,Bus,POINT (2.1171829981978245 41.403957997816384)
SB-1539,1539,Adrià Margarit - Teodor Roviralta,Bus,POINT (2.131206003068079 41.41415800315174)
SB-1540,1540,Rotonda de Bellesguard,Bus,POINT (2.125045995439896 41.41029199661766)
SB-1541,1541,Terré - Iradier,Bus,POINT (2.121427998042577 41.406960001426434)
SB-1542,1542,Av Vallcarca - Capellades,Bus,POINT (2.1409210044013984 41.41911099707843)
SB-1543,1543,Av República Argentina - Pl Alfonso Comín,Bus,POINT (2.1385710011099994 41.41342799621484)
SB-1544,1544,Jardins de Montbau,Bus,POINT (2.144059004929476 41.4319549965993)
SB-1545,1545,Floridablanca - Comte d'Urgell,Bus,POINT (2.1614549945861605 41.38064700391745)
SB-1546,1546,Buenos Aires - Comte d'Urgell,Bus,POINT (2.1466209963120013 41.39202400121693)
SB-1547,1547,Torre de Collserola,Bus,POINT (2.116738003803026 41.41890199883404)
SB-1548,1548,Aiguablava - Nou Barris,Bus,POINT (2.180500002130686 41.44738299906388)
SB-1549,1549,Almansa - Joan Riera,Bus,POINT (2.1755539941327453 41.44243699958125)
SB-1554,1554,Josep Tarradellas - Viladomat,Bus,POINT (2.143560000639712 41.389194999062845)
SB-1555,1555,Londres - Hospital del Sagrat Cor,Bus,POINT (2.145813004058088 41.389811997449435)
SB-1556,1556,Gran Via - Viladomat,Bus,POINT (2.155912994230943 41.38003600141259)
SB-1563,1563,Camí del Polvorí - Estadi Serrahima,Bus,POINT (2.1441029953017328 41.36619400164661)
SB-1564,1564,Segura - Estadi Serrahima,Bus,POINT (2.143509999761019 41.36434000001509)
SB-1565,1565,Segura - Barri del Polvorí,Bus,POINT (2.141489002237716 41.36545699839774)
SB-1566,1566,Segura - Fortuna,Bus,POINT (2.141662005467668 41.36531199756694)
SB-1567,1567,Segura - Polvorí,Bus,POINT (2.1433339983027095 41.36437499930767)
SB-1568,1568,Polvorí - Camí de la Fuxarda,Bus,POINT (2.1449610051680374 41.365382000446814)
SB-1569,1569,Polvorí - Av Ferrer i Guàrdia,Bus,POINT (2.1446279946120868 41.3680740034626)
SB-1570,1570,Av J V Foix - Pedró de la Creu,Bus,POINT (2.1199560055280564 41.395544001296926)
SB-1571,1571,Eduardo Conde - Santa Amèlia,Bus,POINT (2.1210849995450713 41.39333599707266)
SB-1572,1572,Via Augusta - Anglí,Bus,POINT (2.12920000572496 41.397833003199594)
SB-1573,1573,Via Augusta - Els Vergós,Bus,POINT (2.125752995245356 41.39825700323178)
SB-1575,1575,Marquès de Sentmenat - Numància,Bus,POINT (2.136712998410539 41.38496899881203)
SB-1576,1576,Av Madrid - Joan Güell,Bus,POINT (2.132810996469495 41.38081500319409)
SB-1577,1577,Les Corts - Vallespir,Bus,POINT (2.132668997772813 41.38528399782793)
SB-1578,1578,Pl del Centre,Bus,POINT (2.1360629949367396 41.381885003276615)
SB-1580,1580,Guillem Tell - Av Riera de Cassoles,Bus,POINT (2.1489960018727325 41.40279600160916)
SB-1581,1581,Mitre - Saragossa,Bus,POINT (2.144072996455639 41.405285000065355)
SB-1582,1582,Mitre - Pàdua,Bus,POINT (2.146234809735166 41.405820979919305)
SB-1584,1584,Major de Sarrià - Nou de Santa Eulàlia,Bus,POINT (2.1192469986290368 41.40227199886767)
SB-1585,1585,Major de Sarrià - General Vives,Bus,POINT (2.1171589953379084 41.40346599680009)
SB-1587,1587,CAP Sarrià,Bus,POINT (2.121474994758653 41.40191599713073)
SB-1589,1589,Doctor Pi i Molist - Fabra i Puig,Bus,POINT (2.1744910027431805 41.43077099804394)
SB-1590,1590,Fabra i Puig - Meridiana,Bus,POINT (2.18190300151244 41.43027399557285)
SB-1591,1591,Fabra i Puig - Arnau d'Oms,Bus,POINT (2.1777219976285385 41.430324002561356)
SB-1592,1592,Fabra i Puig - Arnau d'Oms,Bus,POINT (2.176722996764245 41.4303379982779)
SB-1594,1594,Pl Karl Marx,Bus,POINT (2.1624860025859878 41.43939500275849)
SB-1595,1595,Centre Esportiu Ciutat Meridiana,Bus,POINT (2.176255996643813 41.45932700345059)
SB-1597,1597,Club Esportiu Hispano Francès,Bus,POINT (2.1492860056758682 41.4314330011887)
SB-1599,1599,Via Laietana - Manresa,Bus,POINT (2.180362995780489 41.38282100367345)
SB-1600,1600,Via Laietana - Pl Ramon Berenguer,Bus,POINT (2.1773900049767634 41.38507099777899)
SB-1602,1602,Via Laietana - Pl Ramon Berenguer,Bus,POINT (2.177278029961023 41.384963379776686)
SB-1604,1604,Pg Marítim - Pepe Rubianes,Bus,POINT (2.1921319999266737 41.379150996031335)
SB-1605,1605,Pepe Rubianes,Bus,POINT (2.1900709979969997 41.37839099962488)
SB-1606,1606,Pg Marítim - Pepe Rubianes,Bus,POINT (2.1922979974383217 41.379164997067775)
SB-1610,1610,Carrer número 4 - Carrer C,Bus,POINT (2.1319489953814585 41.32982699653154)
SB-1614,1614,Carrer número 4 - Carrer B,Bus,POINT (2.133333002611355 41.32961900170443)
SB-1615,1615,Carrer número 4 - Carrer D,Bus,POINT (2.1283529977299915 41.331081003408)
SB-1616,1616,Pg Pujades - Parc de la Ciutadella,Bus,POINT (2.18505299928494 41.389981999289034)
SB-1617,1617,Carrer número 4 - Mercabarna,Bus,POINT (2.1190369993113816 41.33434500145569)
SB-1618,1618,Carrer número 4 - Carrer F,Bus,POINT (2.122904996081097 41.332989998447715)
SB-1619,1619,Carrer número 4 - Carrer E,Bus,POINT (2.1253379984971636 41.332135004278086)
SB-1620,1620,Metro Poble Sec,Bus,POINT (2.1598949987769616 41.37487999844543)
SB-1622,1622,S'Agaró - Sa Tuna,Bus,POINT (2.1879219973100468 41.451405996022494)
SB-1624,1624,Parc del Turó de la Peira,Bus,POINT (2.163352000908262 41.433375998047794)
SB-1625,1625,Mercat Mare de Déu de Núria,Bus,POINT (2.172568994419607 41.45992599687901)
SB-1626,1626,Perafita - Av Rasos de Peguera,Bus,POINT (2.170418004917555 41.45966999756705)
SB-1630,1630,Badajoz - Doctor Trueta,Bus,POINT (2.1987940004493516 41.39617200011276)
SB-1631,1631,Marina - Ramon Turró,Bus,POINT (2.1918990008797925 41.39087099927261)
SB-1632,1632,Àlaba - Bogatell,Bus,POINT (2.198489299427063 41.39312495947352)
SB-1637,1637,Pg Reina Elisenda - Major de Sarrià,Bus,POINT (2.1207950000625853 41.39980599923809)
SB-1638,1638,Carrer A - Carrer número 3,Bus,POINT (2.1403109942320233 41.33494899756606)
SB-1639,1639,Carrer A - Comissaria Portuària,Bus,POINT (2.142163996738796 41.338012997925944)
SB-1640,1640,Carrer A - Comissaria Portuària,Bus,POINT (2.1425830013313716 41.339523997688076)
SB-1641,1641,Carrer A - Carrer número 3,Bus,POINT (2.137357005796565 41.33104100433171)
SB-1642,1642,Carrer A - Carrer número 4,Bus,POINT (2.1361909986565792 41.329164004014245)
SB-1643,1643,Mercabarna - Mercat del Peix,Bus,POINT (2.1173339979590873 41.33405199762282)
SB-1644,1644,Palamós - La Fosca,Bus,POINT (2.1852629941281423 41.44786699559078)
SB-1645,1645,Carrer D - Carrer número 4,Bus,POINT (2.1287570057371674 41.33011000021309)
SB-1646,1646,Carrer D - Carrer número 5,Bus,POINT (2.127203003588936 41.32759199988606)
SB-1647,1647,Carrer D - Carrer número 6,Bus,POINT (2.1255460055786424 41.324900997125205)
SB-1649,1649,Camí de la Torre Melina - Av. de Xile,Bus,POINT (2.1122275894621705 41.376343309875274)
SB-1650,1650,Av Doctor Marañón - Av de Xile,Bus,POINT (2.114349996757622 41.38143900342244)
SB-1659,1659,Ciutat d'Asunción - Tucumán,Bus,POINT (2.199256994191644 41.444586003552004)
SB-1660,1660,Pl Maragall - Xiprer,Bus,POINT (2.1804759942740928 41.41887999968308)
SB-1661,1661,Rambla Prim - Pallars,Bus,POINT (2.21486599476336 41.414336002195135)
SB-1663,1663,Meridiana - Pl dels Jardins d'Elx,Bus,POINT (2.1870789969120406 41.42349999729657)
SB-1665,1665,Guipúscoa - Extremadura,Bus,POINT (2.208522995880496 41.42469200103849)
SB-1666,1666,Bernat Metge - Argentina,Bus,POINT (2.211767002866979 41.42018800209113)
SB-1669,1669,Carrer A - Carrer número 1,Bus,POINT (2.145284005432287 41.34392500310516)
SB-1670,1670,Transports Metropolitans de Barcelona,Bus,POINT (2.142279999197795 41.346736001869544)
SB-1671,1671,Area Metropolitana de Barcelona,Bus,POINT (2.1422190031095756 41.34670500259802)
SB-1672,1672,Pla de Palau - Parc de la Ciutadella,Bus,POINT (2.1831880035085436 41.38278700178926)
SB-1695,1695,Ctra d'Horta,Bus,POINT (2.154217996100845 41.43897099934042)
SB-1699,1699,Bernat Metge - Rambla Prim,Bus,POINT (2.2118989966791434 41.420457995547274)
SB-1702,1702,General Mendoza - Santa Rosalia,Bus,POINT (2.141632995522599 41.421466004201655)
SB-1703,1703,Les Agudes - (a Torre Baró-Vallbona),Bus,POINT (2.175902001499422 41.461546998714226)
SB-1704,1704,Les Agudes - Costabona (a Torre Baró-Vallbona),Bus,POINT (2.1773470010972393 41.46270800109376)
SB-1705,1705,Vallcivera - Pl Roja,Bus,POINT (2.1793949984776213 41.46118099549649)
SB-1706,1706,Av Rasos de Peguera - Pedraforca,Bus,POINT (2.173802995527159 41.460493001252566)
SB-1707,1707,Les Agudes - Costabona (a Can Cuiàs),Bus,POINT (2.1772649947253493 41.46268099587681)
SB-1708,1708,Les Agudes - Av Rasos de Peguera (a Can Cuiàs),Bus,POINT (2.1758809990706833 41.461476995872275)
SB-1709,1709,Meridiana - Ctra de Ribes,Bus,POINT (2.1889279902885908 41.44987866981564)
SB-1710,1710,Pg de Santa Coloma - Ctra de Ribes,Bus,POINT (2.1897909967007894 41.44513000366504)
SB-1711,1711,Via Favència - Ctra de Ribes,Bus,POINT (2.1899229955380872 41.447116998565996)
SB-1712,1712,Pl de Josep Andreu i Abelló,Bus,POINT (2.19050900562261 41.447863002192626)
SB-1714,1714,Pare Manyanet - Sant Sebastià,Bus,POINT (2.1913460025593134 41.4277009991504)
SB-1730,1730,Mercat Ciutat Meridiana,Bus,POINT (2.178201000992677 41.46230399877147)
SB-1731,1731,Les Agudes - Can Cuiàs,Bus,POINT (2.175516995166841 41.46372600225331)
SB-1732,1732,Les Agudes 31,Bus,POINT (2.178124997502762 41.46355499745979)
SB-1733,1733,Les Agudes 118-124,Bus,POINT (2.1740720041756862 41.46121100327398)
SB-1735,1735,Les Agudes - Torrent del Bosc,Bus,POINT (2.1742779952566407 41.46233700164479)
SB-1736,1736,Estació TIR - Pg Zona Franca,Bus,POINT (2.1487190039023623 41.34692499621321)
SB-1741,1741,Cotxeres TB Zona Franca,Bus,POINT (2.1371569953044904 41.32986999582947)
SB-1742,1742,Mitre - Balmes,Bus,POINT (2.140621995650723 41.404253996025034)
SB-1743,1743,Ctra Cementiri de Collserola - Coll de la Ventosa,Bus,POINT (2.1589369940501553 41.449921004394575)
SB-1745,1745,Via Augusta - Margenat,Bus,POINT (2.1204400039861824 41.402008000558695)
SB-1752,1752,Av Madrid - Carles III,Bus,POINT (2.1277060053317456 41.37871300340573)
SB-1753,1753,Av Madrid - Benavent,Bus,POINT (2.125406002446093 41.37739299556625)
SB-1754,1754,Av Madrid - Comte de Güell,Bus,POINT (2.123658996952465 41.376134000921525)
SB-1755,1755,Sants - Munné,Bus,POINT (2.122872994243551 41.37560599974202)
SB-1756,1756,Metro Badal,Bus,POINT (2.1287970033818198 41.37560100295352)
SB-1758,1758,Coll de La Ventosa,Bus,POINT (2.159132004184497 41.450152001923)
SB-1761,1761,Av l'Alzinar - Transversal,Bus,POINT (2.182768005980105 41.46162999606039)
SB-1764,1764,Av Icària - Joan Miró,Bus,POINT (2.195772994021567 41.390328002072316)
SB-1765,1765,Meridiana - Pare Pérez del Pulgar,Bus,POINT (2.189159996634921 41.45343900160974)
SB-1766,1766,Metro Badal,Bus,POINT (2.1279619983910862 41.37549900016157)
SB-1767,1767,Pl de Sants,Bus,POINT (2.1342699992142924 41.37548900156345)
SB-1768,1768,Sants - Rambla del Brasil,Bus,POINT (2.1310289972772445 41.375554998533474)
SB-1769,1769,Badal - Constitució,Bus,POINT (2.13304700482325 41.36937599942795)
SB-1771,1771,Sant Antoni - Pl. de Sants,Bus,POINT (2.136299272362524 41.37602029352765)
SB-1775,1775,Av Tibidabo - Ronda de Dalt,Bus,POINT (2.1341440017002684 41.414288997877655)
SB-1776,1776,Pl Alfonso Comín - Isaac Newton,Bus,POINT (2.136704000361109 41.414643997729044)
SB-1777,1777,Major de Can Caralleu - Ronda de Dalt,Bus,POINT (2.113442002641009 41.40128100008785)
SB-1778,1778,Meridiana - S'Agaró,Bus,POINT (2.1878080001472413 41.44814900006574)
SB-1779,1779,Ctra d'Horta - Ronda de Dalt,Bus,POINT (2.1543599952442367 41.439598996134265)
SB-1780,1780,Lima - Caracas,Bus,POINT (2.204477994236188 41.43922799798916)
SB-1781,1781,Estació TIR - Ronda Litoral,Bus,POINT (2.148775995488304 41.34701499801424)
SB-1784,1784,Trelawny - Pg. Marítim,Bus,POINT (2.195243002270687 41.38519200246456)
SB-1785,1785,Costa Pacheco 21,Bus,POINT (2.131293995776526 41.42803699978286)
SB-1788,1788,Trelawny - Av Litoral,Bus,POINT (2.194599005407755 41.38567200213455)
SB-1791,1791,Berenguer de Palou - Baixada de la Sagrera,Bus,POINT (2.191311003628191 41.42108399948643)
SB-1792,1792,Sagrera - Pl del General Moragues,Bus,POINT (2.191308999159785 41.41821099981201)
SB-1802,1802,Funicular de Vallvidrera - Pl Pep Ventura,Bus,POINT (2.105309995428063 41.41452399711002)
SB-1803,1803,Funicular de Vallvidrera,Bus,POINT (2.1058310033073084 41.4142260007779)
SB-1804,1804,Camí Vell,Bus,POINT (2.1016499993823152 41.408910000476894)
SB-1810,1810,Cruïlla de Carreteres,Bus,POINT (2.1165500052357107 41.41829600256386)
SB-1811,1811,Ctra de Vallvidrera - Accés Escola Judicial,Bus,POINT (2.1122640029191424 41.416667998915656)
SB-1812,1812,Parc de la Budellera,Bus,POINT (2.1099689973462765 41.41580799887482)
SB-1814,1814,Mont d'Orsà - Romanimar,Bus,POINT (2.1030559957528943 41.41131899797714)
SB-1815,1815,Camí Santa Creu d'Olorda,Bus,POINT (2.1016500016772985 41.40902099938227)
SB-1816,1816,Mont d'Orsà,Bus,POINT (2.1031519940665797 41.41129000373427)
SB-1817,1817,Pl de Vallvidrera - Alberes,Bus,POINT (2.104666999272242 41.412983999390796)
SB-1818,1818,Font del Mont - Parc de la Budellera,Bus,POINT (2.1100649940971943 41.41577499957337)
SB-1819,1819,Accés Escola Judicial,Bus,POINT (2.112605994461201 41.41669300277235)
SB-1820,1820,Ctra de Vallvidrera - Cruïlla de Carreteres,Bus,POINT (2.1167019950904793 41.41776999972732)
SB-1821,1821,Mentora Alsina,Bus,POINT (2.1211099991478446 41.421733004481226)
SB-1825,1825,Cardenal Tedeschini - Pl del Congrés Eucarístic,Bus,POINT (2.1815229948384536 41.426184999511044)
SB-1826,1826,Pl Dante,Bus,POINT (2.165211996598212 41.368640002129936)
SB-1827,1827,Costa Pacheco - Av Elies Pagès,Bus,POINT (2.132451995099257 41.42835599929813)
SB-1828,1828,Av Elies Pagès - Natzaret,Bus,POINT (2.134806003900836 41.42746600240972)
SB-1832,1832,Caracas - Clariana,Bus,POINT (2.201121997229056 41.44718600301393)
SB-1835,1835,Olesa - Campo Florido,Bus,POINT (2.1835879946094594 41.42144500431584)
SB-1841,1841,Consell de Cent - Rector Triadó,Bus,POINT (2.1457040054823397 41.37655799792892)
SB-1842,1842,Moianès - Vilardell,Bus,POINT (2.142472000816551 41.374265998890614)
SB-1848,1848,Constitució - Riera de Tena,Bus,POINT (2.1345869984515167 41.36952400140055)
SB-1849,1849,Olzinelles - Constitució,Bus,POINT (2.1377100050002813 41.37035699744408)
SB-1850,1850,Olzinelles - Noguera Pallaresa,Bus,POINT (2.1370489969785225 41.37193699747292)
SB-1851,1851,Pl Bonet i Muixí,Bus,POINT (2.136370994213317 41.37422800044473)
SB-1852,1852,Tajo - Ptge Vila i Rosell,Bus,POINT (2.160350003427889 41.429593997886734)
SB-1855,1855,Lisboa - Alarcón,Bus,POINT (2.1538260000045417 41.4275719998416)
SB-1856,1856,Plàtans - Pl de la Clota,Bus,POINT (2.150605000124928 41.42625400197712)
SB-1857,1857,Granja Vella - Basses d'Horta,Bus,POINT (2.144903994328044 41.427133996157096)
SB-1858,1858,Granja Vella - Pg Vall d'Hebron,Bus,POINT (2.1440500001137566 41.427150001913716)
SB-1859,1859,Coll i Alentorn - Av Martí i Codolar,Bus,POINT (2.1478350058421105 41.42451199626388)
SB-1860,1860,Pantà de Tremp - Pl de la Clota,Bus,POINT (2.149997004382636 41.42568899612846)
SB-1861,1861,Lisboa - Serrallonga,Bus,POINT (2.1539009998876537 41.42745700396665)
SB-1862,1862,Av Joan XXIII - Maternitat,Bus,POINT (2.1223139402192968 41.38265931999871)
SB-1863,1863,Sor Eulàlia d'Anzizu - Gran Capità,Bus,POINT (2.109947995797291 41.38811400086911)
SB-1864,1864,Sor Eulàlia d'Anzizu - Dulcet,Bus,POINT (2.1124359987786425 41.38993799642802)
SB-1865,1865,Miret i Sans - Av d'Esplugues,Bus,POINT (2.1108609970504113 41.39152799817064)
SB-1868,1868,Joan d'Alòs - Av Pearson,Bus,POINT (2.1038300032311863 41.391457003282376)
SB-1869,1869,Torrent de les Roses - Mare de Déu de la Merçé,Bus,POINT (2.103566998517661 41.389235996449536)
SB-1870,1870,Pl Coll de Finestrelles,Bus,POINT (2.1043209962194314 41.38908800237723)
SB-1872,1872,Josep Serrano - Baró Sant Lluís,Bus,POINT (2.1625829983033897 41.41723299788159)
SB-1873,1873,Jaume Puigvert - Josep Serrano,Bus,POINT (2.161193003116994 41.41671500428175)
SB-1874,1874,Av Can Baró - Bismarck,Bus,POINT (2.1611520057321316 41.41521699832714)
SB-1878,1878,Rambla de Prim - Av Diagonal,Bus,POINT (2.2186007996731703 41.4121732692614)
SB-1879,1879,Diagonal - Ciutat de Granada,Bus,POINT (2.191261999383757 41.40418899584714)
SB-1881,1881,Parc de Cervantes,Bus,POINT (2.104711005909056 41.38527699579596)
SB-1885,1885,Ronda Guinardó - Sardenya,Bus,POINT (2.162658998828009 41.41217399962497)
SB-1886,1886,Fabra i Puig,Bus,POINT (2.1838729956081426 41.429358995487824)
SB-1887,1887,Metro Maragall,Bus,POINT (2.177417995232739 41.42475499954433)
SB-1890,1890,Diagonal - Josep Pla,Bus,POINT (2.2128990056135973 41.41000299614278)
SB-1891,1891,Diagonal - Selva de Mar,Bus,POINT (2.2095450022665144 41.40916499551606)
SB-1892,1892,Diagonal - Fluvià,Bus,POINT (2.2045550050749143 41.407909000091536)
SB-1896,1896,Diagonal - Pere IV,Bus,POINT (2.1996110028518805 41.406291998055494)
SB-1897,1897,Diagonal - Bac de Roda,Bus,POINT (2.204837997649156 41.40759200106639)
SB-1898,1898,Diagonal - Metro Selva de Mar,Bus,POINT (2.2099739975471913 41.40888199931922)
SB-1899,1899,Diagonal - Agricultura,Bus,POINT (2.213096997689346 41.409650995721044)
SB-1900,1900,Antonio Machado - Barri de Canyelles,Bus,POINT (2.170233997849714 41.44421799683593)
SB-1901,1901,Metro Fabra i Puig,Bus,POINT (2.1832500050718315 41.43167800039332)
SB-1905,1905,Balmes - Pelai,Bus,POINT (2.166933000412799 41.38595600162902)
SB-1906,1906,Arnau d'Oms - La Jota,Bus,POINT (2.177416005400332 41.42931299898127)
SB-1907,1907,Ramon Albó - Alexandre Galí,Bus,POINT (2.1772810055814347 41.426649998872996)
SB-1908,1908,Meridiana - Navas de Tolosa,Bus,POINT (2.186733000959892 41.41427099665469)
SB-1910,1910,Via Favència - Pablo Iglesias,Bus,POINT (2.1827700016860128 41.44636399697177)
SB-1911,1911,Ctra de Vallvidrera al Tibidabo,Bus,POINT (2.1191819944383408 41.42412800199487)
SB-1912,1912,Mare de Déu de Port - Foneria,Bus,POINT (2.1403300030829175 41.36059400296179)
SB-1913,1913,Alts Forns - Mare de Déu de Port,Bus,POINT (2.1423979976093235 41.359782000132085)
SB-1914,1914,Foc - Mare de Déu de Port,Bus,POINT (2.1440369968118205 41.35841700317731)
SB-1915,1915,Ferrocarrils Catalans - Foc,Bus,POINT (2.144479998312418 41.35946400183084)
SB-1916,1916,Ferrocarrils Catalans - Alts Forns,Bus,POINT (2.1430432193176876 41.36031123951612)
SB-1917,1917,Ferrocarrils Catalans - Aviador Duran,Bus,POINT (2.1413429981708862 41.361311000022354)
SB-1925,1925,Piferrer - Deià,Bus,POINT (2.1777440033357705 41.43211500207851)
SB-1926,1926,Piferrer - Pintor Alsamora,Bus,POINT (2.1796999980915057 41.43448099817205)
SB-1927,1927,Av Rio de Janeiro - Pg Valldaura,Bus,POINT (2.18158999857017 41.438930000884504)
SB-1928,1928,Pl Àngel Pestaña,Bus,POINT (2.179244999092755 41.44100999920908)
SB-1930,1930,Av Rio de Janeiro - Baltasar Gracián,Bus,POINT (2.182542001814019 41.44009899886018)
SB-1932,1932,Pg Andreu Nin - Rosselló i Porcel,Bus,POINT (2.1822860014478698 41.43661600380375)
SB-1933,1933,Pg Ciutat de Mallorca - Av Rio de Janeiro,Bus,POINT (2.1805219955555524 41.43249099638986)
SB-1935,1935,Escultor Ordóñez - Pl de Sóller,Bus,POINT (2.174931999891342 41.433608002253635)
SB-1937,1937,Metro Maragall,Bus,POINT (2.176973004474526 41.42460299581184)
SB-1938,1938,Mitre - Doctor Fleming,Bus,POINT (2.1337179952327237 41.394847997123556)
SB-1939,1939,Mitre - Ganduxer,Bus,POINT (2.133884996621754 41.39889800178778)
SB-1940,1940,Mitre - Ganduxer,Bus,POINT (2.133458996957744 41.39875199860855)
SB-1941,1941,Mitre - Doctor Fleming,Bus,POINT (2.1334139992732104 41.39478199797994)
SB-1943,1943,Virgili - Pl de Montserrat Roca i Baltà,Bus,POINT (2.1934199954097378 41.431303001672184)
SB-1948,1948,Pallars - Bilbao,Bus,POINT (2.201469889735502 41.40385010987336)
SB-1950,1950,La Fosca - Chafarinas,Bus,POINT (2.1832510034830506 41.448161997800895)
SB-1953,1953,Numància - Ronda General Mitre,Bus,POINT (2.1308162590003437 41.3913686199415)
SB-1954,1954,Segura - Anoia,Bus,POINT (2.140537005341069 41.362561003674585)
SB-1955,1955,Segura - Foneria,Bus,POINT (2.1417680035720306 41.36289500288663)
SB-1957,1957,Costa i Cuxart - Av. dels Quinze,Bus,POINT (2.1752904241381037 41.427958696810386)
SB-1958,1958,Av dels Quinze - Costa i Cuxart,Bus,POINT (2.174700997514859 41.4280979955152)
SB-1959,1959,Pl de les Roquetes,Bus,POINT (2.1764084303620264 41.44852137032684)
SB-1961,1961,Fabra i Puig - Pg Urrutia,Bus,POINT (2.164549004019547 41.43664300182049)
SB-1963,1963,Fabra i Puig - Pg Urrutia,Bus,POINT (2.164489005573122 41.4368190036746)
SB-1970,1970,Rambla del Brasil - Roger,Bus,POINT (2.129587004648871 41.37726600358833)
SB-1976,1976,Badal - Av Carrilet,Bus,POINT (2.1341079980922144 41.36654400406486)
SB-1984,1984,Escorial - Sant Lluís,Bus,POINT (2.162298003736567 41.406344998576635)
SB-1985,1985,Sant Salvador - Massens,Bus,POINT (2.15596700156163 41.408397002344394)
SB-1986,1986,Sant Salvador - Verdi,Bus,POINT (2.1534130018607414 41.407009002662505)
SB-1987,1987,Sargelet - Maignon,Bus,POINT (2.150858005615287 41.408954001506835)
SB-1988,1988,Valldoreix - Verdi,Bus,POINT (2.1514939951907586 41.41006799970244)
SB-1989,1989,Av del Coll del Portell - Sostres,Bus,POINT (2.1514080050306528 41.410661002780714)
SB-1990,1990,Sostres - Baixada de la Glòria,Bus,POINT (2.1497379977990527 41.41223899559154)
SB-1991,1991,Arnold Schönberg - Av del Coll del Portell,Bus,POINT (2.1493109941167847 41.41292999945685)
SB-1992,1992,Av del Coll del Portell - Baixada de la Glòria,Bus,POINT (2.1503249984899355 41.41209899654809)
SB-1993,1993,Av del Coll del Portell - Rambla de Mercedes,Bus,POINT (2.1518649948303685 41.41118299553123)
SB-1994,1994,Albigesos - Verdi,Bus,POINT (2.1505960044442474 41.410535004325695)
SB-1995,1995,Verdi - Valldoreix,Bus,POINT (2.1515489966680055 41.40926800147609)
SB-1996,1996,Pl Rovira i Trias,Bus,POINT (2.1587810058682035 41.40758499648665)
SB-2001,2001,Font d'en Fargas - Pedrell,Bus,POINT (2.1654043192943044 41.42391354950343)
SB-2004,2004,Oblit - direcció Font d'en Fargas,Bus,POINT (2.1776089979132003 41.41932100293442)
SB-2005,2005,Rambla Volart - Flors de Maig,Bus,POINT (2.1744180031472014 41.41762500335937)
SB-2006,2006,La Bisbal - Av Mare de Déu de Montserrat,Bus,POINT (2.172274003400383 41.41826499935356)
SB-2007,2007,Aguilar - Alt de Pedrell,Bus,POINT (2.169482004949285 41.4254889996154)
SB-2008,2008,Aguilar - Montserrat de Casanovas,Bus,POINT (2.1697839983441822 41.423091999037176)
SB-2009,2009,Garriga i Roca - Sales Ferrer,Bus,POINT (2.1698719952663907 41.42117400066677)
SB-2010,2010,Garriga i Roca - Ercilla,Bus,POINT (2.170683003269673 41.41978299983643)
SB-2012,2012,Rambla de la Muntanya - Vinyals,Bus,POINT (2.1753469952413362 41.420136002018246)
SB-2020,2020,Torrent de les Flors - Sant Lluís,Bus,POINT (2.160202002315844 41.40615200113804)
SB-2021,2021,Pl Joanic,Bus,POINT (2.162479999175126 41.40492899653051)
SB-2022,2022,Granja Vella - Av Martí i Codolar,Bus,POINT (2.1479469963020863 41.426859003957595)
SB-2023,2023,Calderón de la Barca - Ctra del Carmel,Bus,POINT (2.1573189971997997 41.419014996563114)
SB-2024,2024,Calderón de la Barca - Alcalde de Zalamea,Bus,POINT (2.156840001655934 41.42062900114975)
SB-2025,2025,Segimon - L'Alguer,Bus,POINT (2.1550959991378322 41.420952004391935)
SB-2026,2026,Fastenrath - L'Hortal,Bus,POINT (2.152671996258063 41.42192099755875)
SB-2028,2028,Camí dels Àngels,Bus,POINT (2.148969002715465 41.421661002663335)
SB-2029,2029,Parc de la Creueta del Coll,Bus,POINT (2.146272001514357 41.421294999400935)
SB-2034,2034,Metro Penitents,Bus,POINT (2.140594995164614 41.41744800204528)
SB-2037,2037,Sigüenza - La Murtra,Bus,POINT (2.1526130033446504 41.42325999806509)
SB-2038,2038,Sigüenza - Ramon Rocafull,Bus,POINT (2.1541419940864133 41.42412300335419)
SB-2043,2043,Manso - Comte Borrell,Bus,POINT (2.1604870049713134 41.376670997742565)
SB-2044,2044,Riera Alta - Nou de Dulce,Bus,POINT (2.1637440019584897 41.38034000395266)
SB-2045,2045,Riera Alta - Erasme de Janer,Bus,POINT (2.166460000902398 41.380477997239346)
SB-2046,2046,Rambla del Raval - Aurora,Bus,POINT (2.168224001264395 41.379306002714785)
SB-2047,2047,Rambla del Raval - Sant Pau,Bus,POINT (2.170217998496246 41.37763000213685)
SB-2048,2048,Av Drassanes - Arc del Teatre,Bus,POINT (2.1730820020695667 41.376628003773874)
SB-2049,2049,Av Drassanes - Pl Portal de la Pau,Bus,POINT (2.1767379952997943 41.37600800038713)
SB-2051,2051,Metro Drassanes,Bus,POINT (2.174800995843084 41.37642000188411)
SB-2052,2052,Av Drassanes - Nou de la Rambla,Bus,POINT (2.172727000343053 41.37682900420388)
SB-2053,2053,Rambla del Raval - Sant Josep Oriol,Bus,POINT (2.170526000585872 41.37800799871741)
SB-2054,2054,Rambla del Raval - Hospital,Bus,POINT (2.168797999491091 41.37946099943618)
SB-2055,2055,Pl Joan Amades,Bus,POINT (2.1687240045347638 41.381394001280796)
SB-2056,2056,Pl dels Àngels,Bus,POINT (2.1678899980472357 41.382656997339836)
SB-2057,2057,Montalegre - Valldonzella,Bus,POINT (2.1667830037992784 41.384001996637984)
SB-2059,2059,Mercat de Sant Antoni,Bus,POINT (2.1613819986507865 41.3773419999061)
SB-2061,2061,Mare de Déu del Remei - Grases,Bus,POINT (2.1568809986676127 41.37301299658553)
SB-2063,2063,Elkano - Blasco de Garay,Bus,POINT (2.1629109989114856 41.373174000849296)
SB-2064,2064,Elkano - Poeta Cabanyes,Bus,POINT (2.164823004158173 41.37258000266734)
SB-2067,2067,Vila i Vilà - Puigxuriguer,Bus,POINT (2.1729069984472433 41.372925002238844)
SB-2071,2071,Pg de Solé i Pla,Bus,POINT (2.088598999789813 41.427118000950856)
SB-2072,2072,Pl Major del Rectoret,Bus,POINT (2.092209999927082 41.427376997573724)
SB-2074,2074,Torrent del Rovelló - Camí del Pantà,Bus,POINT (2.09690799633656 41.41937100188425)
SB-2075,2075,Torrent del Rovelló - Camí Baix del Mas Sauró,Bus,POINT (2.0944460053804095 41.41824299582244)
SB-2076,2076,Camí Alt Mas Sauró - Font Mossèn Cinto Verdaguer,Bus,POINT (2.0948920043993584 41.41782700194974)
SB-2077,2077,Camí Alt del Mas Sauró - Camí del Ciureny,Bus,POINT (2.0964940025139844 41.41787000323597)
SB-2078,2078,Camí del Mas Sauró,Bus,POINT (2.0965129989366007 41.41708300107664)
SB-2079,2079,Can Sauró,Bus,POINT (2.0950409986270504 41.415907003660884)
SB-2080,2080,Mas Sauró - Camí del Pebràs,Bus,POINT (2.092830005505875 41.4156679988695)
SB-2081,2081,"Can Sauró, direcció Mas Guimbau",Bus,POINT (2.0951799959633526 41.41592400406061)
SB-2082,2082,"Camí del Mas Sauró, direcció Mas Guimbau",Bus,POINT (2.0963460054586553 41.41705600030747)
SB-2083,2083,"Camí del Ciureny, direcció Mas Guimbau",Bus,POINT (2.09657499399062 41.41789900369252)
SB-2084,2084,"Font Mossèn Cinto Verdaguer, direcció Mas Guimbau",Bus,POINT (2.0951449986386734 41.41789199908959)
SB-2085,2085,"Camí Baix del Mas Sauró, direcció Mas Guimbau",Bus,POINT (2.094499000995841 41.41820699586567)
SB-2086,2086,"Torrent del Rovelló, direcció Mas Guimbau",Bus,POINT (2.0968320054177587 41.41921499999815)
SB-2087,2087,FGC Les Planes,Bus,POINT (2.0914820022513267 41.427192002958336)
SB-2088,2088,Camí dels Verns - Camí del Mas Guimbau,Bus,POINT (2.0897649985486777 41.42615399806132)
SB-2089,2089,Mas Guimbau,Bus,POINT (2.0902789969970232 41.428142003155266)
SB-2090,2090,Mas Sauró,Bus,POINT (2.0928979978292386 41.41561100443359)
SB-2091,2091,"Can Sauró, direcció Vallvidrera",Bus,POINT (2.095213001919623 41.41595299738319)
SB-2092,2092,"Camí del Mas Sauró, direcció Vallvidrera",Bus,POINT (2.096392994448945 41.41706299885452)
SB-2093,2093,"Camí del Ciureny, direcció Vallvidrera",Bus,POINT (2.096506994426702 41.41791599817832)
SB-2094,2094,"Font Mossèn Cinto Verdaguer, direcció Vallvidrera",Bus,POINT (2.0950789993309646 41.417889002936406)
SB-2095,2095,"Camí Baix del Mas Sauró, direcció Vallvidrera",Bus,POINT (2.094659004242404 41.41834199755958)
SB-2096,2096,"Torrent del Rovelló, direcció Vallvidrera",Bus,POINT (2.096853005723515 41.41922800045877)
SB-2097,2097,Camí del Pantà,Bus,POINT (2.097886996291267 41.41844699807511)
SB-2098,2098,FGC Baixador Vallvidrera,Bus,POINT (2.0968660031183846 41.41996200158157)
SB-2099,2099,Camí del Sanatori - Ctra de Vallvidrera,Bus,POINT (2.096588002231722 41.421046998563305)
SB-2100,2100,Major del Rectoret - Parc Municipal de Vallvidrera,Bus,POINT (2.094752002229802 41.42348200309166)
SB-2101,2101,Major del Rectoret - Amarant,Bus,POINT (2.0949469955804068 41.42452900280652)
SB-2102,2102,Bohemis - Savina,Bus,POINT (2.097133998708492 41.42533500389786)
SB-2103,2103,Savina - Pg del Magraner,Bus,POINT (2.096607998602657 41.42414400150932)
SB-2104,2104,Lilà - Boix,Bus,POINT (2.09980300577986 41.42568599662433)
SB-2105,2105,Lilà - Presseguer,Bus,POINT (2.1009199992935343 41.42824299612221)
SB-2108,2108,Major del Rectoret - Costa del Bruc,Bus,POINT (2.0948583416415008 41.4298541705518)
SB-2110,2110,Major del Rectoret - Marco Polo,Bus,POINT (2.094818338732562 41.429602167698775)
SB-2111,2111,Major del Rectoret - Parsifal,Bus,POINT (2.0938092950135947 41.426374134250764)
SB-2112,2112,Margalló - Major del Rectoret,Bus,POINT (2.096158000456158 41.42613000113412)
SB-2113,2113,Av del Rectoret - Baladre,Bus,POINT (2.0930399996044597 41.42592499841706)
SB-2114,2114,Av del Rectoret - Vesc,Bus,POINT (2.0928559987995263 41.4261269984461)
SB-2115,2115,Major del Rectoret - Margalló,Bus,POINT (2.095823316119299 41.42612512023594)
SB-2116,2116,Major del Rectoret - Lohengrin,Bus,POINT (2.093916298034651 41.42650013526193)
SB-2121,2121,Lilà - Geranis,Bus,POINT (2.100831001508303 41.42815999969382)
SB-2122,2122,Lilà - Poncelles,Bus,POINT (2.0996600022826826 41.42563600324183)
SB-2123,2123,Savina - Poncelles,Bus,POINT (2.096498000589317 41.4241729973286)
SB-2124,2124,Bohemis - Amarant,Bus,POINT (2.097343999425916 41.42541999754456)
SB-2125,2125,Major del Rectoret,Bus,POINT (2.0949039953523103 41.424585996811444)
SB-2126,2126,Parc Municipal de Vallvidrera,Bus,POINT (2.0947550023930965 41.42332200065661)
SB-2127,2127,Camí del Sanatori - FGC Baixador de Vallvidrera,Bus,POINT (2.0964950043923176 41.420860003468185)
SB-2128,2128,Capità Arenas - Manuel de Falla,Bus,POINT (2.124832402645055 41.393027011273375)
SB-2130,2130,Pg Maragall - Petrarca,Bus,POINT (2.163332003473838 41.42843000159373)
SB-2134,2134,Llull - Jardins Gandhi,Bus,POINT (2.2067459941402725 41.404421996055305)
SB-2138,2138,IES Ferran Tallada,Bus,POINT (2.161802997864124 41.420810998541434)
SB-2141,2141,Turó de la Rovira,Bus,POINT (2.159524002624316 41.419693003214476)
SB-2142,2142,Gran Vista,Bus,POINT (2.1599539997753863 41.41997199711588)
SB-2143,2143,Ctra de Vallvidrera - El Castanyer,Bus,POINT (2.121347999775624 41.42536600084844)
SB-2149,2149,Pl Tibidabo,Bus,POINT (2.118827000727668 41.421512999616134)
SB-2151,2151,Pg Taulat - Provençals,Bus,POINT (2.2131210026315653 41.40479099643933)
SB-2154,2154,Jericó - Pg Vall d'Hebron,Bus,POINT (2.1394959971929057 41.42079400057769)
SB-2155,2155,Jericó - Romeu,Bus,POINT (2.139022999463447 41.4218280028171)
SB-2156,2156,Ctra Sant Cugat - Samària,Bus,POINT (2.138257998192295 41.42221699958728)
SB-2157,2157,Ctra Sant Cugat - Navata,Bus,POINT (2.1385289969671533 41.42062099965392)
SB-2158,2158,Ctra Sant Cugat - Gutenberg,Bus,POINT (2.1385560007736073 41.41860300126706)
SB-2180,2180,Ctra del Prat - Energia,Bus,POINT (2.134132994244643 41.36061000025329)
SB-2192,2192,Ronda Sant Pere - Pau Claris,Bus,POINT (2.1717129981906678 41.38868099890464)
SB-2194,2194,Francesc Alegre - Av Mare de Déu de Montserrat,Bus,POINT (2.167093001350649 41.41572200140801)
SB-2195,2195,Budapest - Gènova,Bus,POINT (2.1680040046709173 41.41827100385076)
SB-2196,2196,Telègraf - Doctor Cadevall,Bus,POINT (2.1690373402478484 41.41861839016597)
SB-2197,2197,Francesc Alegre,Bus,POINT (2.1662849997233584 41.41639599647189)
SB-2198,2198,França - Polònia,Bus,POINT (2.163582995090965 41.41524100256707)
SB-2199,2199,"Av del Coll del Portell, 74",Bus,POINT (2.151489000575469 41.41146600312159)
SB-2200,2200,Pg Vall d'Hebron - Anna Piferrer,Bus,POINT (2.1391360044053247 41.417830999248444)
SB-2209,2209,Pl de Vallvidrera,Bus,POINT (2.104397996806746 41.413052001655004)
SB-2210,2210,Camí Alt del Mas Sauró,Bus,POINT (2.0963239969686036 41.416477000145875)
SB-2211,2211,"Cami Alt del Mas Sauró, direcció Vallvidrera",Bus,POINT (2.0963879943298815 41.41643699633849)
SB-2212,2212,"Camí Alt del Mas Sauró, direcció Mas Guimbau",Bus,POINT (2.096345001102748 41.416418004237684)
SB-2213,2213,Camí del Mas Guimbau - Gatosa,Bus,POINT (2.090085995772032 41.425528998938404)
SB-2214,2214,Camí del Mas Guimbau - Gespa,Bus,POINT (2.0906330047967345 41.42401099654716)
SB-2215,2215,Gespa - la Gatosa,Bus,POINT (2.0896280018782476 41.424583000471365)
SB-2216,2216,Escala de la Gatosa,Bus,POINT (2.089775998962333 41.42383599640411)
SB-2217,2217,Pg de la Vimetera,Bus,POINT (2.0892680046510064 41.423591000290166)
SB-2218,2218,Pg de la Vimetera - Pg del Pi Forcat,Bus,POINT (2.0873710058460904 41.423281001058285)
SB-2219,2219,Pg del Pi Forcat - Pg d'Anna Rúbies,Bus,POINT (2.0873650001465447 41.42265100073961)
SB-2220,2220,Pg de la Vimetera - Escala de la Gatosa,Bus,POINT (2.089239998550257 41.42350900012101)
SB-2221,2221,Gespa - Pg de la Vimetera,Bus,POINT (2.08983500505048 41.42386799825356)
SB-2222,2222,Gespa,Bus,POINT (2.0896910020483097 41.424551000186064)
SB-2223,2223,Camí del Mas Guimbau,Bus,POINT (2.0906849981568922 41.423988997029994)
SB-2224,2224,Camí del Mas Guimbau - Castellví,Bus,POINT (2.090063004210059 41.425571998696746)
SB-2225,2225,Santuari de la Salut,Bus,POINT (2.089807998454159 41.42608799857622)
SB-2228,2228,Ciutat d'Asunción - La Maquinista,Bus,POINT (2.200090998249917 41.440210004351975)
SB-2231,2231,Pedrell - Rambla del Carmel,Bus,POINT (2.1586459999878853 41.42310099650819)
SB-2233,2233,Rambla del Carmel - Llobregós,Bus,POINT (2.1577700050050255 41.42467199865071)
SB-2234,2234,Llobregós - Pg Maragall,Bus,POINT (2.163266997434719 41.427766004324646)
SB-2235,2235,Llobregós - Torrent del Carmel,Bus,POINT (2.16029600130099 41.42651700280622)
SB-2239,2239,Pg de Valldaura - Canigó,Bus,POINT (2.155958999891616 41.43746299917914)
SB-2241,2241,Pg de Valldaura - Av Estatut de Catalunya,Bus,POINT (2.1540030011438316 41.436535998664155)
SB-2243,2243,Moll de Barcelona,Bus,POINT (2.17976400157233 41.372422002791936)
SB-2246,2246,Parc Logístic,Bus,POINT (2.1247340038268856 41.34059300226359)
SB-2249,2249,Carrer número 2 - Carrer número 62,Bus,POINT (2.1378910012922936 41.34394200084212)
SB-2250,2250,Carrer número 2,Bus,POINT (2.1379810044740557 41.3438160016016)
SB-2251,2251,"Parc Logístic, anada",Bus,POINT (2.131017997458175 41.34300200139403)
SB-2252,2252,"Parc Logístic, tornada",Bus,POINT (2.1308769977843633 41.342760002252064)
SB-2255,2255,Segura - Escales del Polvorí,Bus,POINT (2.140598994954078 41.36373699549682)
SB-2256,2256,Segura - Guadalquivir,Bus,POINT (2.140598005452472 41.36385399602401)
SB-2259,2259,Diagonal - Llull,Bus,POINT (2.2154769989262104 41.41060500052366)
SB-2260,2260,Metro Canyelles,Bus,POINT (2.16679600580928 41.44194900132768)
SB-2261,2261,Via Favència - Pl Karl Marx,Bus,POINT (2.163441005804118 41.440731997248015)
SB-2262,2262,Diagonal - Rambla del Poblenou,Bus,POINT (2.195404997029491 41.405228998403594)
SB-2264,2264,Pg Taulat - Provençals,Bus,POINT (2.212376996952597 41.40493799728327)
SB-2265,2265,Pg Taulat - Diagonal Mar,Bus,POINT (2.2153270009951274 41.40702900386273)
SB-2266,2266,Pg Taulat - Diagonal Mar,Bus,POINT (2.2154809944135474 41.40698699817292)
SB-2268,2268,Llull - Diagonal Mar,Bus,POINT (2.2130339961237047 41.40914800098835)
SB-2269,2269,Via Favència - Barri Canyelles,Bus,POINT (2.1695979987689196 41.44296499663701)
SB-2270,2270,Numància - Av Roma,Bus,POINT (2.141343003021254 41.38121200421567)
SB-2279,2279,Pg Reina Elisenda - Av J V Foix,Bus,POINT (2.1185399988012064 41.39838800186837)
SB-2281,2281,Av de Vallbona - CAP Ctat Meridiana,Bus,POINT (2.1807080033386304 41.46092999601553)
SB-2282,2282,Av de Vallbona,Bus,POINT (2.18395000413656 41.458367997928455)
SB-2287,2287,Via Augusta - Doctor Roux,Bus,POINT (2.1312739963266267 41.39783899814211)
SB-2288,2288,Via Augusta - Ronda General Mitre,Bus,POINT (2.133599001855044 41.39784899892591)
SB-2289,2289,Pujades - Provençals,Bus,POINT (2.2087079996086656 41.40775000236813)
SB-2293,2293,Sardenya - Pg Pujades,Bus,POINT (2.1885360031147645 41.39181299944039)
SB-2294,2294,Ramon Trias Fargas - Doctor Trueta,Bus,POINT (2.1907419978533973 41.390161002377226)
SB-2295,2295,Icària - Parc Carles I,Bus,POINT (2.193924997185269 41.38842899638558)
SB-2298,2298,Júpiter,Bus,POINT (2.098831004626936 41.42881099899478)
SB-2299,2299,Pl de la Tulipa - Satèl·lits,Bus,POINT (2.0964949945864473 41.42789799590618)
SB-2300,2300,Orellana - Passatge Ossa Major,Bus,POINT (2.0961450010183413 41.42939700052235)
SB-2301,2301,"Orellana, direcció El Rectoret",Bus,POINT (2.0966580016978402 41.43162899771062)
SB-2302,2302,"Orellana, direcció Vallvidrera",Bus,POINT (2.096545002085264 41.43163100172348)
SB-2303,2303,Orellana,Bus,POINT (2.0960849975867393 41.42938799904497)
SB-2304,2304,Pl de la Tulipa - Traviata,Bus,POINT (2.0965000016048694 41.427800998228776)
SB-2305,2305,Júpiter - Lilà,Bus,POINT (2.0989679979450524 41.42881399962198)
SB-2306,2306,Pg Marítim,Bus,POINT (2.196300996262761 41.385225996304975)
SB-2307,2307,Doctor Font i Quer - Tarongers,Bus,POINT (2.162499000312661 41.367154996729255)
SB-2308,2308,Doctor Font i Quer - Can Valero,Bus,POINT (2.160554003541823 41.365840000889435)
SB-2309,2309,Av Miramar - Pl Dante,Bus,POINT (2.165787996856097 41.369002003657634)
SB-2310,2310,Av Miramar - Pl Carlos Ibáñez,Bus,POINT (2.168878998008 41.37025599765485)
SB-2311,2311,Museu Nacional - Museu Etnològic,Bus,POINT (2.156169001458734 41.368603004502255)
SB-2315,2315,Castell,Bus,POINT (2.167014998498442 41.36507000298239)
SB-2317,2317,Via Sant Jordi,Bus,POINT (2.1576019977842105 41.35573200211076)
SB-2318,2318,Sagrat Cor,Bus,POINT (2.1499719987229153 41.35533699636532)
SB-2319,2319,Via Sant Oleguer,Bus,POINT (2.154092999380355 41.35446600298403)
SB-2320,2320,Via Santa Eulàlia,Bus,POINT (2.152713996993377 41.35287699562523)
SB-2321,2321,Metro Torras i Bages,Bus,POINT (2.190860999374389 41.442752998054644)
SB-2322,2322,Gran de Sant Andreu - Palomar,Bus,POINT (2.188216996126741 41.44223899785192)
SB-2323,2323,Pl Miquel Casablancas,Bus,POINT (2.1864200025111233 41.43970999563641)
SB-2324,2324,Av de l'Estadi - Vivers,Bus,POINT (2.158379998819981 41.36709900348206)
SB-2325,2325,Can Valero - Pg del Migdia,Bus,POINT (2.161236999989312 41.36270799613024)
SB-2326,2326,Pl de la Sardana,Bus,POINT (2.1688710010935863 41.36792399635573)
SB-2327,2327,Torre Baró,Bus,POINT (2.18401099865049 41.45842999623726)
SB-2328,2328,Estació RENFE,Bus,POINT (2.1804169944754177 41.46128500328388)
SB-2330,2330,Av Rasos de Peguera - Pl Roja,Bus,POINT (2.1784939947158235 41.4615719977151)
SB-2331,2331,Av Rasos de Peguera - Costabona,Bus,POINT (2.1766820018595907 41.460281000704754)
SB-2332,2332,Vallcivera - Moixeró,Bus,POINT (2.1767800055094173 41.45953799707602)
SB-2335,2335,València - Rogent,Bus,POINT (2.185612004578256 41.40934500258032)
SB-2336,2336,Pg Zona Franca - Foc,Bus,POINT (2.141267579595254 41.356828760096555)
SB-2341,2341,Museu Nacional - Museu Etnològic,Bus,POINT (2.156072996206233 41.36854300385222)
SB-2342,2342,Mandri - Maó,Bus,POINT (2.133123368984228 41.40398993997471)
SB-2344,2344,Pg de la Bonanova - Sant Delfí,Bus,POINT (2.132004559553997 41.40575982945091)
SB-2345,2345,València - Viladomat,Bus,POINT (2.151302997792063 41.383576003165935)
SB-2348,2348,Llobregós - Lluís Marià Vidal,Bus,POINT (2.156593999900714 41.424642999434006)
SB-2349,2349,Dante Alighieri - Pantà de Tremp,Bus,POINT (2.153675004748418 41.42553599913971)
SB-2350,2350,Lisboa - Av Estatut de Catalunya,Bus,POINT (2.1575180007719457 41.429242999571336)
SB-2351,2351,Tajo - Baixada Mercat,Bus,POINT (2.160138003834798 41.42973000305252)
SB-2354,2354,Hedilla - Porrera,Bus,POINT (2.159626001556899 41.436786995636965)
SB-2355,2355,Pg Universal - Pg de Valldaura,Bus,POINT (2.159917997284755 41.43852199574344)
SB-2356,2356,Cementiri d'Horta,Bus,POINT (2.1552680003086158 41.44066600330586)
SB-2362,2362,Santa Amèlia - Capità Arenas,Bus,POINT (2.1240729965999665 41.39419400201915)
SB-2363,2363,Gran Via - Radi,Bus,POINT (2.1344400057116872 41.36366200120879)
SB-2367,2367,Ptge Garrofers - Varsòvia,Bus,POINT (2.173158001406797 41.41857199804069)
SB-2383,2383,Ronda de Dalt - Av J V Foix,Bus,POINT (2.1142100030659674 41.40146100271943)
SB-2384,2384,Santa Amèlia,Bus,POINT (2.121974998259382 41.39307499950937)
SB-2385,2385,Av J V Foix - Pedró de la Creu,Bus,POINT (2.1201079997982735 41.39557999568018)
SB-2387,2387,Av J V Foix - Pg Reina Elisenda,Bus,POINT (2.1192189957706566 41.3980979995882)
SB-2388,2388,Av J V Foix - Monestir,Bus,POINT (2.1167070041322575 41.399585999695)
SB-2389,2389,Av J V Foix - Monestir,Bus,POINT (2.1173879972537097 41.39906599972522)
SB-2390,2390,Av J V Foix - Pg Reina Elisenda,Bus,POINT (2.1190890043964785 41.398024998630696)
SB-2392,2392,Cardenal Reig - Pintor Tapiró,Bus,POINT (2.1171659988467915 41.378390002659735)
SB-2394,2394,Tiana - Campins,Bus,POINT (2.200951004271703 41.44763999670632)
SB-2395,2395,Aneto - Montmajor,Bus,POINT (2.170243004618217 41.43282900200825)
SB-2398,2398,Pg d'Urrutia - Cistellet,Bus,POINT (2.1656870053315824 41.435848995553634)
SB-2400,2400,Pg d'Urrutia - Rocabruna,Bus,POINT (2.1676419945209036 41.43533099793668)
SB-2401,2401,Montsant - Cadí,Bus,POINT (2.1702640047478283 41.43346099837089)
SB-2402,2402,Montmajor - Pg de la Peira,Bus,POINT (2.1705030031612127 41.43228099974259)
SB-2404,2404,Cartellà - Pl d'Àlvaro Cunqueiro,Bus,POINT (2.1690809973397136 41.428547997202486)
SB-2405,2405,Cartellà - Amílcar,Bus,POINT (2.1726589946955257 41.42768400132602)
SB-2415,2415,Garriga i Roca - Av Mare de Déu de Montserrat,Bus,POINT (2.1719050032287184 41.41907499726298)
SB-2416,2416,Pl Karl Marx - Via Favència,Bus,POINT (2.163859995150492 41.44020200187948)
SB-2433,2433,Esperança - Vilana,Bus,POINT (2.128548000831672 41.40504600081944)
SB-2434,2434,Esperança - Marquesa de Vilallonga,Bus,POINT (2.126413995734553 41.40395500105124)
SB-2435,2435,Iradier - Planella,Bus,POINT (2.1245870018260415 41.405359998352026)
SB-2436,2436,Planella - Marquesa de Vilallonga,Bus,POINT (2.126214999528437 41.406770999446955)
SB-2437,2437,Bellesguard - Immaculada,Bus,POINT (2.1280320009917504 41.40835700178254)
SB-2438,2438,Bellesguard - Valeta d'Arquer,Bus,POINT (2.126430004608168 41.40908700138198)
SB-2439,2439,Balsareny - Vista Bella,Bus,POINT (2.129405002280273 41.41161400447994)
SB-2440,2440,Jesús Maria - Quatre Camins,Bus,POINT (2.131587003534623 41.410535998242324)
SB-2441,2441,Jesús Maria - Pg Sant Gervasi,Bus,POINT (2.132949000144291 41.40965599977692)
SB-2442,2442,Esteve Terradas - Josep Jover,Bus,POINT (2.1405140050137033 41.41389399980693)
SB-2443,2443,Parc Sanitari Pere Virgili,Bus,POINT (2.1398080012342464 41.41505200083598)
SB-2445,2445,Collserola - Carlos Pirozzini,Bus,POINT (2.1350159963751754 41.41720200209065)
SB-2446,2446,Enric Clarassó - Collserola,Bus,POINT (2.1339089947910828 41.41824799624761)
SB-2447,2447,Salvador Alarma,Bus,POINT (2.1339764702291566 41.41899222965841)
SB-2453,2453,Anna Piferrer - Av Vallcarca,Bus,POINT (2.1407079973099443 41.41740299815836)
SB-2454,2454,Pg Andreu Nin - Parc Esportiu Can Dragó,Bus,POINT (2.1814719974779306 41.43422200035796)
SB-2455,2455,Pg Ciutat de Mallorca - Piferrer,Bus,POINT (2.1786719983029843 41.43292599580816)
SB-2456,2456,Pintor Alsamora - Piferrer,Bus,POINT (2.179209998130745 41.43513700092562)
SB-2457,2457,Escultor Ordóñez - Pintor Alsamora,Bus,POINT (2.175877994865422 41.43503400419304)
SB-2458,2458,Pg de Santa Madrona,Bus,POINT (2.157980998659267 41.36854300129462)
SB-2459,2459,Pg de Santa Madrona - Font del Gat,Bus,POINT (2.1580419962457227 41.368435996716904)
SB-2464,2464,Badajoz - Sancho de Ávila,Bus,POINT (2.1919759977239517 41.4013230000837)
SB-2465,2465,Viver - Av. Elies Pagès,Bus,POINT (2.131990749512513 41.42902195180787)
SB-2466,2466,Viver - Cànoves,Bus,POINT (2.1307939964140434 41.428623003017236)
SB-2467,2467,Cànoves 105,Bus,POINT (2.1287610043169964 41.427980995550264)
SB-2468,2468,Cànoves - Sant Genís,Bus,POINT (2.1299809979208977 41.427770996271285)
SB-2469,2469,Cànoves 49,Bus,POINT (2.131998995950568 41.42749500226555)
SB-2470,2470,Cànoves - Penitents,Bus,POINT (2.133884004851405 41.427162999265725)
SB-2471,2471,Cànoves - Natzaret,Bus,POINT (2.1349709978118865 41.426775003441435)
SB-2472,2472,Av Elies Pagès - Pl Madrona Prat,Bus,POINT (2.13479800022487 41.42753700189809)
SB-2473,2473,Rbla Prim - Santander,Bus,POINT (2.2007830998497027 41.42499146933801)
SB-2479,2479,Encarnació - Escorial,Bus,POINT (2.1617760049093158 41.40752600438064)
SB-2480,2480,Encarnació - Torrent de les Flors,Bus,POINT (2.159707004129235 41.40621799681441)
SB-2481,2481,Pl de la Virreina,Bus,POINT (2.15724699473852 41.40466900282789)
SB-2482,2482,Ros de Olano - Torrent de l'Olla,Bus,POINT (2.1566379989621898 41.40215300232683)
SB-2492,2492,Garcilaso - La Sagrera,Bus,POINT (2.189181998194105 41.42264099709833)
SB-2493,2493,Mare de Déu de Port - Pl Teresa Claramunt,Bus,POINT (2.139498994973631 41.36219199906328)
SB-2494,2494,Mare de Déu de Port - Sant Eloi,Bus,POINT (2.1437030047831054 41.35754500182483)
SB-2495,2495,Mare de Déu de Port - Cisell,Bus,POINT (2.1446900040246066 41.35632400030745)
SB-2502,2502,Mineria - Mare de Déu de Port,Bus,POINT (2.138295005776393 41.36487400058842)
SB-2503,2503,Mare de Déu de Port - Mineria,Bus,POINT (2.139195001099049 41.36400299704445)
SB-2504,2504,Foneria - Pg Zona Franca,Bus,POINT (2.138272519766548 41.36031505996595)
SB-2507,2507,Garigliano - Almansa,Bus,POINT (2.173969005410249 41.446142002457414)
SB-2510,2510,Llobera - Baixada del Pedregar,Bus,POINT (2.1752180016916935 41.449449003728205)
SB-2511,2511,Escales de Llobera,Bus,POINT (2.176429994836769 41.44987000171515)
SB-2512,2512,Cantera - Llobera,Bus,POINT (2.1775849981548605 41.4492270017698)
SB-2513,2513,Mina de la Ciutat - Pla de Fornells,Bus,POINT (2.1757619957646788 41.448172003023075)
SB-2515,2515,Aiguablava - Vila-real,Bus,POINT (2.186287005717368 41.45167099684879)
SB-2530,2530,Gran Via Carles III - Pl Reina Maria Cristina,Bus,POINT (2.1268749957744473 41.386860996460435)
SB-2532,2532,Carles III - Les Corts,Bus,POINT (2.1284659989507677 41.38214600212609)
SB-2533,2533,Francesc Alegre - Budapest,Bus,POINT (2.1662899944440364 41.41654999725793)
SB-2536,2536,Pg de Montjuïc - Nou de la Rambla,Bus,POINT (2.1672199960593277 41.37195000345331)
SB-2539,2539,Panorama - Labèrnia,Bus,POINT (2.165420001175752 41.41907100329948)
SB-2540,2540,Cànoves - Viver,Bus,POINT (2.1286390058793567 41.429309001468425)
SB-2541,2541,Diagonal - Metro Zona Universitària,Bus,POINT (2.1132200705981394 41.384877339604515)
SB-2542,2542,Zona Universitària - Escola T S d'Enginyeria,Bus,POINT (2.1156830014529553 41.385076999436095)
SB-2543,2543,Diagonal - Metro Palau Reial,Bus,POINT (2.1187329946522686 41.38585000347423)
SB-2547,2547,Gran Via - Ca n'Oliva,Bus,POINT (2.2091459958340716 41.42029700226117)
SB-2550,2550,Mini Estadi del F C Barcelona,Bus,POINT (2.117823001105781 41.380693000595116)
SB-2552,2552,Escorial - Mare de Déu de la Salut,Bus,POINT (2.157135998810134 41.411740003094884)
SB-2553,2553,Pare Jacint Alegre - Sant Cugat del Vallès,Bus,POINT (2.155571997373898 41.412064999644514)
SB-2554,2554,Marianao - Mercedes,Bus,POINT (2.1543689992671236 41.41300200197658)
SB-2555,2555,Park Güell,Bus,POINT (2.1529579962007697 41.41334400345744)
SB-2557,2557,Parc de Cervantes - Av d'Esplugues,Bus,POINT (2.1048940049482945 41.38548299772747)
SB-2558,2558,Pg Joan de Borbó - Moll de Catalunya,Bus,POINT (2.18756199919209 41.36922099786708)
SB-2559,2559,Pg Joan de Borbó - Moll de Catalunya,Bus,POINT (2.187718003472299 41.370737996478304)
SB-2564,2564,Sot del Migdia,Bus,POINT (2.1506269950902985 41.359882998123595)
SB-2565,2565,Pg Olímpic - Palau Sant Jordi,Bus,POINT (2.1538699970287207 41.361808003361126)
SB-2566,2566,Jardí Botànic,Bus,POINT (2.156699001286108 41.362745998870444)
SB-2567,2567,Av de l'Estadi - Pg Olímpic,Bus,POINT (2.157458005041552 41.366520998495766)
SB-2568,2568,Radas - Magalhães,Bus,POINT (2.1606150036101566 41.372630001853594)
SB-2569,2569,Pg de l'Exposició - Sant Isidre,Bus,POINT (2.1594830010817496 41.37111700381903)
SB-2572,2572,Santander - Via Trajana,Bus,POINT (2.2024349962393726 41.42817599884142)
SB-2573,2573,Ctra de l'Església - Camí del Faig,Bus,POINT (2.1071030021629107 41.41765499877528)
SB-2574,2574,Ctra de l'Església,Bus,POINT (2.1073969971028115 41.418008002997745)
SB-2581,2581,Vivers Tres Pins,Bus,POINT (2.158747994385544 41.36637400227669)
SB-2582,2582,Ctra d'Horta - Cotxeres,Bus,POINT (2.1544650044666303 41.43987599871727)
SB-2583,2583,Ferran Junoy - Sant Adrià,Bus,POINT (2.194664729561603 41.43606469002656)
SB-2584,2584,Pl Kennedy,Bus,POINT (2.137031997624893 41.41011400254352)
SB-2585,2585,Ronda Guineueta Vella - Juan Ramón Jiménez,Bus,POINT (2.1623049992684784 41.44285500428112)
SB-2586,2586,John M. Keynes - Diagonal,Bus,POINT (2.1165809951093357 41.38627200425359)
SB-2590,2590,Sao Paulo - Centre Comercial La Maquinista,Bus,POINT (2.197689004072454 41.43889199973276)
SB-2592,2592,Ciutat d'Asunción - Fra Juníper Serra,Bus,POINT (2.200968994368414 41.43522100224788)
SB-2593,2593,Pg de l'Havana - Ciutat d'Asunción,Bus,POINT (2.1993860008334982 41.43867299781876)
SB-2594,2594,Parc de la Maquinista,Bus,POINT (2.196137995389134 41.43677899778014)
SB-2595,2595,Ctra de Ribes - Ronda de Dalt,Bus,POINT (2.1890650048404083 41.44610600403667)
SB-2597,2597,Ferran Junoy - Palomar,Bus,POINT (2.196968898920503 41.44297654923058)
SB-2599,2599,Fra Juníper Serra - Formiga,Bus,POINT (2.201895994093011 41.434113999590664)
SB-2600,2600,Fra Juníper Serra,Bus,POINT (2.203279001924664 41.43323700077337)
SB-2601,2601,Fra Juníper Serra - Santander,Bus,POINT (2.204853999112376 41.43271999795935)
SB-2604,2604,Av Rasos de Peguera - Complex Esportiu Can Cuiàs,Bus,POINT (2.1684669971889936 41.45985900025006)
SB-2605,2605,Perafita,Bus,POINT (2.1689099974438255 41.45952200136692)
SB-2606,2606,Alumini - Alts Forns,Bus,POINT (2.135189996152319 41.35608600066233)
SB-2607,2607,Larrard - Rambla Mercedes,Bus,POINT (2.1538600039850686 41.412381995862006)
SB-2610,2610,Les Agudes 140,Bus,POINT (2.17196699920366 41.460483996907975)
SB-2616,2616,Mercat Mare de Déu de la Mercè,Bus,POINT (2.1727300037216652 41.43039599673778)
SB-2617,2617,Les Drassanes,Bus,POINT (2.1767469945723765 41.374786004065996)
SB-2618,2618,Les Drassanes,Bus,POINT (2.1771429948969523 41.37479899699921)
SB-2619,2619,Ctra de Ribes - Via Favència,Bus,POINT (2.1896269992904536 41.44795500013197)
SB-2620,2620,Ctra de Ribes - Tossal,Bus,POINT (2.189624000663808 41.448119004173854)
SB-2622,2622,Camí de l'Església - Rembrandt,Bus,POINT (2.1533979956139424 41.43413600338353)
SB-2625,2625,Ganduxer - Via Augusta,Bus,POINT (2.1349040055274062 41.39846800345323)
SB-2626,2626,Pg Joan de Borbó - Pl del Mar,Bus,POINT (2.18824900564573 41.374129001398856)
SB-2627,2627,Lilà - Júpiter,Bus,POINT (2.1006890034660097 41.42936700175198)
SB-2628,2628,Lilà - Menta,Bus,POINT (2.100864000960865 41.42946600109553)
SB-2630,2630,Tossal - Pl Josep Andreu i Abelló,Bus,POINT (2.190692005084623 41.44872700271488)
SB-2648,2648,Meridiana - Riera d'Horta,Bus,POINT (2.184636999627871 41.427666003857404)
SB-2655,2655,Collserola - Josep Garí,Bus,POINT (2.136103004702666 41.416248002172956)
SB-2656,2656,Vall Park,Bus,POINT (2.1351580051793153 41.42478199983297)
SB-2662,2662,Segura - Jocs del 92,Bus,POINT (2.1454849958191535 41.36319899740727)
SB-2665,2665,Indústria - Freser,Bus,POINT (2.181779996155928 41.415182996154975)
SB-2668,2668,Sant Antoni Maria Claret - Pg Maragall,Bus,POINT (2.1808649979521983 41.41615900201939)
SB-2669,2669,Villar - Pg Maragall,Bus,POINT (2.18007600062185 41.41636700293443)
SB-2670,2670,Rambla Volart - Trobador,Bus,POINT (2.178561999791634 41.416212002619595)
SB-2672,2672,Torrent de Cal Notari,Bus,POINT (2.15096660513343 41.440109285620366)
SB-2674,2674,Mestre Dalmau - Feliu i Codina,Bus,POINT (2.1616939988367725 41.43378999791884)
SB-2675,2675,Congrés - Doctor Letamendi,Bus,POINT (2.1608950013116197 41.43696300436058)
SB-2678,2678,Pg Universal - Doctor Letamendi,Bus,POINT (2.161452000129008 41.437635002840494)
SB-2680,2680,Llull - Rbla. Prim,Bus,POINT (2.2185640127507344 41.41321328755659)
SB-2681,2681,Pg Reina Elisenda - Av J V Foix,Bus,POINT (2.1184569943821674 41.39848599782264)
SB-2683,2683,Rambla Prim - Metro La Pau,Bus,POINT (2.2046130053260398 41.42278699702624)
SB-2685,2685,Cardenal Reig - Av St Ramon Nonat,Bus,POINT (2.117485997246693 41.37854899882837)
SB-2689,2689,Diagonal Mar,Bus,POINT (2.218309004731729 41.41028300072723)
SB-2690,2690,Av Madrid - Joan Güell,Bus,POINT (2.1315840020943826 41.38069400236548)
SB-2691,2691,Via Nostra - Sra de la Mercé,Bus,POINT (2.1549066798025134 41.3586882510775)
SB-2692,2692,Via Sant Salvador,Bus,POINT (2.157071244119706 41.35872045900897)
SB-2693,2693,Via Sant Salvador - Via Sant Lluís,Bus,POINT (2.155153439023006 41.3584164666923)
SB-2694,2694,Via Sant Lluís,Bus,POINT (2.1536513886074102 41.35798563000304)
SB-2695,2695,Dolors Batlle i Sunyer - Numància,Bus,POINT (2.1402069949208373 41.38157500017074)
SB-2698,2698,Espronceda - Marroc,Bus,POINT (2.200099994118997 41.40867899621644)
SB-2699,2699,Espronceda - Pere IV,Bus,POINT (2.202841996980322 41.40659500359305)
SB-2700,2700,Espronceda - Jardins Josep Trueta,Bus,POINT (2.2057759997503377 41.40438400331705)
SB-2701,2701,Palomar - Gran de Sant Andreu,Bus,POINT (2.188647999854164 41.441963997105155)
SB-2704,2704,Pg de Solé i Pla - Pollancres,Bus,POINT (2.088844996240734 41.427195999225276)
SB-2712,2712,Foc - Metal·lúrgia,Bus,POINT (2.1344240044940976 41.35325899601704)
SB-2716,2716,Av de l'Exèrcit - Trias i Giró,Bus,POINT (2.1115249951727293 41.38606700374023)
SB-2717,2717,Camp Municipal de futbol Vallbona,Bus,POINT (2.185423998838491 41.463996001224935)
SB-2718,2718,Pl Primer de Maig,Bus,POINT (2.1860019998015994 41.466134998786735)
SB-2723,2723,Badajoz - Pujades,Bus,POINT (2.1954300005691194 41.39869800061726)
SB-2724,2724,Larrard - Mare de Déu de la Salut,Bus,POINT (2.155676996038325 41.410952996517096)
SB-2725,2725,Coll i Alentorn - Basses d'Horta,Bus,POINT (2.1432610042798808 41.424381996371466)
SB-2728,2728,Pl Karl Marx - Ronda Guineueta Vella,Bus,POINT (2.1632259983491178 41.440523001479185)
SB-2733,2733,Hospital de Sant Pau,Bus,POINT (2.173206999576015 41.41491900297876)
SB-2734,2734,Sant Quintí - Hospital de St Pau,Bus,POINT (2.17579400052723 41.41512300173999)
SB-2735,2735,Sant Quintí - Sant Antoni Maria Claret,Bus,POINT (2.1774229996618297 41.41389299829648)
SB-2736,2736,Navas de Tolosa - Indústria,Bus,POINT (2.1850219942068714 41.416606002151944)
SB-2737,2737,Navas de Tolosa - Meridiana,Bus,POINT (2.1875419955504327 41.4147109987198)
SB-2738,2738,Navas de Tolosa - Clot,Bus,POINT (2.189308000227004 41.4133899986282)
SB-2740,2740,Bilbao - Pere IV,Bus,POINT (2.200198004055982 41.40521700069442)
SB-2741,2741,Pujades - Llacuna,Bus,POINT (2.1990129967233827 41.400473003633536)
SB-2747,2747,Fundació Puigvert,Bus,POINT (2.17228700379223 41.412801000824594)
SB-2750,2750,St. Ramon de Penyafort - Manuel Fernández Márquez,Bus,POINT (2.219691999608719 41.41501199578048)
SB-2752,2752,CEIP Mercè Rodoreda,Bus,POINT (2.1864729973240578 41.44594799751126)
SB-2753,2753,Av Rio de Janeiro - Tissó,Bus,POINT (2.184615994923091 41.44187300445861)
SB-2758,2758,Ronda Guinardó - Torre dels Pardals,Bus,POINT (2.1773260049171306 41.422174002596094)
SB-2759,2759,Oblit - Doctor Valls,Bus,POINT (2.178836994718279 41.42020400269762)
SB-2760,2760,Oblit - direcció Dos de Maig,Bus,POINT (2.176989001251453 41.418875996337555)
SB-2761,2761,Carles Pirozzini - Collserola,Bus,POINT (2.134612004874058 41.41657699926856)
SB-2762,2762,Enginyeria - Marquès de Lamadrid,Bus,POINT (2.132658001968659 41.41772100367243)
SB-2763,2763,Enginyeria - Collserola,Bus,POINT (2.131262998203341 41.4179130019308)
SB-2764,2764,Collserola - August Font,Bus,POINT (2.130838000324136 41.4182349969919)
SB-2765,2765,Collserola - Salvador Alarma,Bus,POINT (2.132134999585794 41.41853899859836)
SB-2772,2772,Bilbao - Pujades,Bus,POINT (2.202486001447255 41.40353499728435)
SB-2773,2773,Mare de Déu del Coll - Lorda,Bus,POINT (2.1495260000229797 41.42100600125551)
SB-2775,2775,Pl Espanya,Bus,POINT (2.1502211002998233 41.37377562035529)
SB-2776,2776,Trav de Dalt - Riera de Can Toda,Bus,POINT (2.1592270044919517 41.41239300449401)
SB-2777,2777,CAP Larrard,Bus,POINT (2.1563714598859254 41.41058807023917)
SB-2778,2778,Maurici Vilomara - Montserrat de Casanovas,Bus,POINT (2.162911999228245 41.423198995757716)
SB-2779,2779,Maurici Vilomara - direcció El Carmel,Bus,POINT (2.163674996037635 41.422910001129516)
SB-2780,2780,Maurici Vilomara - Penyal,Bus,POINT (2.1641694694946274 41.42191185935614)
SB-2781,2781,Penyal - Pl Font d'en Fargas,Bus,POINT (2.1636409984522507 41.422314000950344)
SB-2782,2782,Penyal - Doctor Bové,Bus,POINT (2.1635969963162673 41.421469997744666)
SB-2783,2783,Penyal - Font de la Mulassa,Bus,POINT (2.163592002774824 41.42170900130581)
SB-2784,2784,Penyal,Bus,POINT (2.163565997139075 41.422263995752196)
SB-2785,2785,Pl de la Font d'en Fargas,Bus,POINT (2.1642790055618937 41.42184999743403)
SB-2786,2786,Maurici Vilomara - Doctor Coll,Bus,POINT (2.1640699946421202 41.422767995983094)
SB-2789,2789,Dr Letamendi - Canigó,Bus,POINT (2.1599129974676385 41.43544100343048)
SB-2790,2790,Eduard Toda - Rectoria,Bus,POINT (2.159906996499583 41.433789995890294)
SB-2791,2791,Concepció Arenal - Olesa,Bus,POINT (2.1838590002010947 41.42199600397223)
SB-2792,2792,Mercat Mare de Déu de Montserrat,Bus,POINT (2.1790700002905288 41.44621299833503)
SB-2793,2793,Pla de Fornells - Jaume Pinent,Bus,POINT (2.176683994478673 41.446390002165494)
SB-2794,2794,Romaní - Les Torres,Bus,POINT (2.1751610039122906 41.44657000421148)
SB-2798,2798,Rodrigo Caro - Artesania,Bus,POINT (2.1714529992982077 41.44708999912291)
SB-2799,2799,Quarter de Simancas - Almansa,Bus,POINT (2.173301004953106 41.44538100376602)
SB-2800,2800,Av República Argentina - Vallcarca,Bus,POINT (2.1445660012852867 41.41141499869585)
SB-2801,2801,Via Barcino - Vicenç Montal,Bus,POINT (2.1936390032518025 41.453973000774454)
SB-2808,2808,Zona Franca - Carrer número 4,Bus,POINT (2.1284709943186524 41.33128899937257)
SB-2809,2809,Carrer número 4,Bus,POINT (2.125813996761202 41.332217995573984)
SB-2810,2810,Carrer número 4 - Carrer F,Bus,POINT (2.1223729967372247 41.33342599916549)
SB-2811,2811,Zona Franca - Mercabarna,Bus,POINT (2.1184649987290918 41.334796999447846)
SB-2812,2812,Carrer K - Carrer número 40,Bus,POINT (2.111456998136934 41.3338290011519)
SB-2813,2813,Carrer K - Carrer número 6,Bus,POINT (2.111918005224681 41.328856998082664)
SB-2827,2827,Mercabarna - Entrada El Prat,Bus,POINT (2.1123039996402975 41.32867799567405)
SB-2828,2828,Carrer K,Bus,POINT (2.1115921305452487 41.33343015035233)
SB-2831,2831,Concepció Arenal - Juan de Garay,Bus,POINT (2.183851995366205 41.42055700318619)
SB-2832,2832,Juan de Garay - Navas de Tolosa,Bus,POINT (2.181792997099405 41.41854899940731)
SB-2833,2833,Pg de Gràcia - Ronda de Sant Pere,Bus,POINT (2.169210004625516 41.38880400239837)
SB-2835,2835,Moianès - Cuyàs,Bus,POINT (2.1423469977681875 41.3712539959063)
SB-2836,2836,Magòria,Bus,POINT (2.141705005389639 41.369643995661136)
SB-2838,2838,Metro Penitens,Bus,POINT (2.140863779873328 41.417340949961655)
SB-2840,2840,Esteve Terradas,Bus,POINT (2.140948999238824 41.41329700038749)
SB-2841,2841,Gustavo Bécquer - Av Vallcarca,Bus,POINT (2.142614997010668 41.41576999585177)
SB-2842,2842,Baró de la Barre - Gustavo Bécquer,Bus,POINT (2.1443950028736642 41.41436800408526)
SB-2843,2843,Tirso - Mora la Nova,Bus,POINT (2.150975999610105 41.419009003495475)
SB-2844,2844,Tirso - Pl Laguna Lanau,Bus,POINT (2.150112000346483 41.41776399976865)
SB-2848,2848,Sant Eudald - Mora d'Ebre,Bus,POINT (2.1471750011935247 41.41479699804227)
SB-2849,2849,Sant Eudald - Pl Mons,Bus,POINT (2.145277001639695 41.41365699848671)
SB-2852,2852,Montornès - Capellades,Bus,POINT (2.142685995962375 41.418219003905136)
SB-2855,2855,Gaspar Cassadó - Can Caralleu,Bus,POINT (2.1132849981274155 41.4006070040557)
SB-2856,2856,Esports - Ronda de Dalt,Bus,POINT (2.112178994149351 41.400857998304254)
SB-2858,2858,Major de Can Caralleu - Ptge Blada,Bus,POINT (2.1102930006305995 41.40217400431983)
SB-2859,2859,CEIP Costa i Llobera,Bus,POINT (2.1091059956338625 41.40199900076687)
SB-2861,2861,Pins de Can Caralleu - Lliçà,Bus,POINT (2.1084799972871524 41.403156998030155)
SB-2862,2862,Pins de Can Caralleu,Bus,POINT (2.108572999108336 41.40384599720718)
SB-2863,2863,Pl de Mossèn Miquel Vall i Mundó,Bus,POINT (2.109770005515726 41.403152998004146)
SB-2864,2864,Torrent de Can Caralleu - Major de Can Caralleu,Bus,POINT (2.11200599977478 41.40180599673191)
SB-2866,2866,Ramon Miquel Planas - Duquesa d'Orleans,Bus,POINT (2.118133004469612 41.3998749990444)
SB-2869,2869,Pedró de la Creu - Gresolet,Bus,POINT (2.122015005367257 41.397629002186605)
SB-2870,2870,Av J V Foix - Mendel,Bus,POINT (2.1201839995193135 41.39717799967077)
SB-2872,2872,Saragossa - Ronda General Mitre,Bus,POINT (2.1437060797767096 41.405680459711974)
SB-2876,2876,Lucà - Craywinckel,Bus,POINT (2.1389150020842536 41.41104799832879)
SB-2878,2878,Craywinckel - Hurtado,Bus,POINT (2.1389289951154837 41.411747001217215)
SB-2880,2880,Marmellà - Hurtado,Bus,POINT (2.1413190014415866 41.4098490027571)
SB-2882,2882,Caire - República Argentina,Bus,POINT (2.141049997579345 41.411446000139186)
SB-2883,2883,Portolà - Ferran Puig,Bus,POINT (2.1426829953846376 41.41078899749377)
SB-2884,2884,Ferran Puig - Jardins Turó del Putxet,Bus,POINT (2.143976996508037 41.410053003408194)
SB-2885,2885,Ferran Puig - Agramunt,Bus,POINT (2.1451689983056075 41.40892699702553)
SB-2886,2886,Ferran Puig - Ballester,Bus,POINT (2.1465379955687216 41.40762899630837)
SB-2888,2888,Putxet - Cadis,Bus,POINT (2.1439740039842046 41.40645200156127)
SB-2890,2890,Pg. Vall d'Hebron - Trueba,Bus,POINT (2.141803903690679 41.42341283038483)
SB-2891,2891,Av Martí Codolar - Coll i Alentorn,Bus,POINT (2.1478400053374784 41.42470899913175)
SB-2894,2894,Bellesguard - Josep Canaleta,Bus,POINT (2.1250889499547454 41.41114367967564)
SB-2895,2895,Carles Riba - Josep Maria Lledó,Bus,POINT (2.1236769989412045 41.41165899827316)
SB-2899,2899,Josep Pla-Pallars,Bus,POINT (2.212756003274584 41.41122200075695)
SB-2901,2901,Josep Pla - Cristóbal de Moura,Bus,POINT (2.2093369942058443 41.413805996691835)
SB-2902,2902,Josep Pla - Perú,Bus,POINT (2.206079001796303 41.41632800226791)
SB-2903,2903,Selva de Mar - Perú,Bus,POINT (2.2018439998365804 41.414205002294445)
SB-2904,2904,Selva de Mar - Pere IV,Bus,POINT (2.2057990034158537 41.41121100115436)
SB-2905,2905,Selva de Mar - Veneçuela,Bus,POINT (2.20777760778681 41.40972129653807)
SB-2906,2906,Selva de Mar - Llull,Bus,POINT (2.2098020038353825 41.40812699943711)
SB-2907,2907,Pg Taulat - Bac de Roda,Bus,POINT (2.2095379967696718 41.402624003163)
SB-2911,2911,Av Jordà - Hospital St Rafael,Bus,POINT (2.1414089997691654 41.42510899791421)
SB-2912,2912,Judea - Av Jordà,Bus,POINT (2.140800995136717 41.4250390016192)
SB-2916,2916,Rambla de Badal - Constitució,Bus,POINT (2.1329780058712284 41.36824799830166)
SB-2920,2920,Francesc Cambó - Freixures,Bus,POINT (2.1775000045421717 41.38605399962282)
SB-2923,2923,Placeta del Comerç,Bus,POINT (2.1809610058248277 41.38961600061586)
SB-2925,2925,Pl Pons Clerch,Bus,POINT (2.1818579967457854 41.3864960004768)
SB-2926,2926,Princesa - Montcada,Bus,POINT (2.1802939992920556 41.385258000728015)
SB-2927,2927,Ample - Fusteria,Bus,POINT (2.1805700042792826 41.38125499813134)
SB-2928,2928,Pl de la Mercè,Bus,POINT (2.179321005851461 41.37950799604409)
SB-2929,2929,Pl del Duc de Medinaceli,Bus,POINT (2.178538002044204 41.37835000407006)
SB-2930,2930,Torres i Amat - Ptge St Bernat,Bus,POINT (2.1646740038784062 41.384417003501575)
SB-2931,2931,Mont d'Orsà - Pl Vallvidrera,Bus,POINT (2.104229005099053 41.412948001079506)
SB-2933,2933,Ronda de Dalt - Císter,Bus,POINT (2.130778679119716 41.413615839418746)
SB-2946,2946,Espronceda - Guipúscoa,Bus,POINT (2.192836004300857 41.41414900340332)
SB-2947,2947,Espronceda - Gran Via,Bus,POINT (2.1963620042462635 41.41149999676195)
SB-2949,2949,Gran Via - St Martí Provençals,Bus,POINT (2.203736994598557 41.41580600230182)
SB-2950,2950,Beret - Teide,Bus,POINT (2.1676700001117255 41.43214100007452)
SB-2951,2951,Cadi - Pg de la Peira,Bus,POINT (2.1691799981509656 41.431762000879544)
SB-2953,2953,Capella de Can Caralleu - Saüc,Bus,POINT (2.1073699978847196 41.40232300137831)
SB-2954,2954,Camí de Lliçà,Bus,POINT (2.106684996832138 41.40236300149731)
SB-2974,2974,Tanatori de la Vall d'Hebron,Bus,POINT (2.154804004834869 41.44047799705732)
SB-2976,2976,Fastenrath - Arenys,Bus,POINT (2.1428980041352075 41.421869997836225)
SB-2977,2977,Llobera,Bus,POINT (2.1778800011649215 41.449991002823204)
SB-2978,2978,Rodrigo Caro - Llobera,Bus,POINT (2.1744974252036746 41.449110954215136)
SB-2979,2979,Rodrigo Caro - Fornells,Bus,POINT (2.1734360020277754 41.44825699816062)
SB-2980,2980,Rodrigo Caro - Ojeda,Bus,POINT (2.1731779965315603 41.447733001996575)
SB-2984,2984,Cardenal Reig - Pisuerga,Bus,POINT (2.1147770019703604 41.37717200172379)
SB-2985,2985,Aiguablava - Tamariu,Bus,POINT (2.1840569969920525 41.45011499552124)
SB-2987,2987,Fastenrath - Llobregós,Bus,POINT (2.151499997987729 41.42163600209554)
SB-2989,2989,Mare de Déu de Port - Can Tunis,Bus,POINT (2.1582890012093245 41.3520860043871)
SB-2990,2990,Ricart - Paral·lel,Bus,POINT (2.1582640030540374 41.374355001579076)
SB-2992,2992,Pl Pius XII - Av Pedralbes,Bus,POINT (2.1225209953563944 41.38779600074634)
SB-2999,2999,Foc - Sot del Migdia,Bus,POINT (2.1504249994724867 41.359969997180016)
SB-3000,3000,Palau Sant Jordi,Bus,POINT (2.152953998835104 41.3615850024581)
SB-3002,3002,Pedrera del Mussol - Marbre,Bus,POINT (2.147851995137767 41.36136400442684)
SB-3004,3004,Pg del Pi Forcat - Pg del Grèvol,Bus,POINT (2.087255004306919 41.42259000350381)
SB-3005,3005,Pg del Grèvol,Bus,POINT (2.086603998757425 41.42173200407717)
SB-3006,3006,Pg del Grèvol - Camí de Can Castellví,Bus,POINT (2.0849569946310975 41.42009800141065)
SB-3007,3007,Pg del Grèvol - Pg del Pi Forcat,Bus,POINT (2.086948999958554 41.42172699628228)
SB-3008,3008,CAP Les Hortes,Bus,POINT (2.166789998860509 41.37178399850655)
SB-3009,3009,CAP Vallvidrera,Bus,POINT (2.1039140055285688 41.41399299747113)
SB-3010,3010,Centre Cívic Vallvidrera,Bus,POINT (2.1026299983294185 41.41521800080165)
SB-3011,3011,CEIP Nabí,Bus,POINT (2.1012369979798864 41.41678899670887)
SB-3012,3012,Elisa Moragas i Badia - Llicorella,Bus,POINT (2.1027790040075813 41.415006001688006)
SB-3013,3013,Mercat de Vallvidrera,Bus,POINT (2.103697005887659 41.41407099602898)
SB-3016,3016,Peníscola - Pare Manjón,Bus,POINT (2.190709998430996 41.453421003044234)
SB-3017,3017,Turó de La Trinitat - Ausona,Bus,POINT (2.191414997510602 41.45288300280843)
SB-3018,3018,Turó de La Trinitat - Foradada,Bus,POINT (2.1906979968569242 41.45112699987312)
SB-3019,3019,Turó de La Trinitat - Madriguera,Bus,POINT (2.1901580034920514 41.44991099912049)
SB-3020,3020,Montagut - Vila-seca,Bus,POINT (2.1682490006891713 41.43406299767337)
SB-3021,3021,Espinagua - Darnius,Bus,POINT (2.1662519990986273 41.43515399763086)
SB-3023,3023,Ildefons Cerdà - Ciutat de la Justícia,Bus,POINT (2.1338369956408734 41.36380899775135)
SB-3025,3025,Mireia - Finestrelles,Bus,POINT (2.1893959982173365 41.45113800006191)
SB-3026,3026,Mireia - Ausona,Bus,POINT (2.189550003791344 41.45233499993243)
SB-3027,3027,Comissaria Mossos d'Esquadra,Bus,POINT (2.1907592287701148 41.4441848445657)
SB-3030,3030,Pg Joan de Borbó - Moll Oriental,Bus,POINT (2.1879460040292686 41.36914799996067)
SB-3032,3032,Ronda St Pere - Pg de Gràcia,Bus,POINT (2.1708590013083136 41.38835700025636)
SB-3046,3046,Anna Piferrer - Betània,Bus,POINT (2.140863779873328 41.417340949961655)
SB-3051,3051,La Murtra - Sta Albina,Bus,POINT (2.1507369989243337 41.42412000445481)
SB-3052,3052,Castellbisbal - Sta Rosalia,Bus,POINT (2.1442759965995353 41.421367002167706)
SB-3053,3053,Metro Torre Baró - Vallbona,Bus,POINT (2.180352001984576 41.45887799670563)
SB-3054,3054,Av Escolapi Càncer,Bus,POINT (2.180342003863485 41.45881999885186)
SB-3055,3055,Casal de Barri Torre Baró,Bus,POINT (2.178799996693082 41.45761299762413)
SB-3058,3058,Av Escolapi Càncer - Castellfollit,Bus,POINT (2.1760050057317137 41.45433400436663)
SB-3059,3059,Torre Baró,Bus,POINT (2.175022004233918 41.453608996123506)
SB-3060,3060,Bellprat - St Feliu de Codines,Bus,POINT (2.175495994964409 41.45530100440102)
SB-3061,3061,St Feliu de Codines - Castellfollit,Bus,POINT (2.174661004709054 41.45500199645977)
SB-3062,3062,St Feliu de Codines - Oris,Bus,POINT (2.1748180026855044 41.45626899672499)
SB-3063,3063,St Feliu de Codines - Vilatorta,Bus,POINT (2.1773700007533545 41.45775299645108)
SB-3064,3064,St Feliu de Codines,Bus,POINT (2.178986000953896 41.45827400063648)
SB-3065,3065,St Feliu de Codines - Metro Torre Baró/Vallbona,Bus,POINT (2.1806929983095276 41.460405000881146)
SB-3066,3066,Av Vallbona - Pl Eucaliptus,Bus,POINT (2.1812349984543697 41.46050499606978)
SB-3076,3076,Vallcivera - Pl Aqüeducte,Bus,POINT (2.1770099985919606 41.4596980019448)
SB-3080,3080,Balenyà - Aiguablava,Bus,POINT (2.1858409994050856 41.45592499649984)
SB-3081,3081,Aiguablava - Balenyà,Bus,POINT (2.1859040022587934 41.45599199814891)
SB-3082,3082,Llerona - Viladecavalls,Bus,POINT (2.1819669989458115 41.45438899614584)
SB-3083,3083,Llerona - Balenyà,Bus,POINT (2.1818409970384023 41.45444899913198)
SB-3084,3084,Llerona a Trinitat Nova,Bus,POINT (2.18052700202629 41.456064996778615)
SB-3085,3085,Llerona a Vallbona,Bus,POINT (2.180680000667157 41.45617299555398)
SB-3086,3086,Llerona - Vacarisses,Bus,POINT (2.1812930044130625 41.45638899816698)
SB-3087,3087,Llerona - Ptge Carreras,Bus,POINT (2.181125996338704 41.4570710031939)
SB-3088,3088,Ripollet - Llerona,Bus,POINT (2.182184004175346 41.45630500094049)
SB-3089,3089,Llerona - Ripollet,Bus,POINT (2.182077997136912 41.45629899590998)
SB-3090,3090,Llerona,Bus,POINT (2.181668995325128 41.459242003962274)
SB-3091,3091,Llerona - Martorelles,Bus,POINT (2.1815160052824925 41.45916500107692)
SB-3092,3092,Escolapi Càncer - Metro Torre Baró/Vallbona,Bus,POINT (2.1804490006740904 41.45883900121548)
SB-3094,3094,Vallcivera - Pl Roja de Ciutat Meridiana,Bus,POINT (2.179454999260023 41.461542998544566)
SB-3097,3097,Centre d'Activitats Vallbona,Bus,POINT (2.1838669984957306 41.46319399804998)
SB-3098,3098,Av l'Alzinar - Tapioles,Bus,POINT (2.1836440051225425 41.4629709958146)
SB-3099,3099,Artesania - Alcàntara,Bus,POINT (2.1723023830718926 41.447323945592835)
SB-3102,3102,Pl Virrei Amat,Bus,POINT (2.174215003138407 41.430371996071926)
SB-3103,3103,Rda Guineueta Vella - Pl Karl Marx,Bus,POINT (2.1618110052954362 41.44153399818945)
SB-3104,3104,Rda Guineueta Vella,Bus,POINT (2.162080004370137 41.44334300012641)
SB-3106,3106,Ctra Alta de Roquetes,Bus,POINT (2.1637230054946035 41.44472400292173)
SB-3107,3107,Ctra Alta de Roquetes a Pl Karl Marx,Bus,POINT (2.1677550016678806 41.449359997526116)
SB-3108,3108,Ctra Alta de Roquetes a Torre Baró,Bus,POINT (2.1678309989786313 41.449315996654256)
SB-3109,3109,Ctra Alta de Roquetes - Castell,Bus,POINT (2.1747080022924634 41.45068700012974)
SB-3110,3110,Castell de Torre Baró,Bus,POINT (2.174838003200331 41.450727997711915)
SB-3111,3111,Castellví - Lliçà,Bus,POINT (2.1720599988934786 41.45146300215268)
SB-3112,3112,Lliçà - Castellví,Bus,POINT (2.1726019986460403 41.45126500072632)
SB-3113,3113,Torre Baró - Castellví,Bus,POINT (2.171365004623293 41.453783999485196)
SB-3125,3125,Metro Tarragona,Bus,POINT (2.1452549974731476 41.37846699567302)
SB-3128,3128,Artesania - Jaume Pinent,Bus,POINT (2.17398240896135 41.448035944718804)
SB-3134,3134,Sta Amèlia - Or,Bus,POINT (2.1235629975036723 41.393802003799145)
SB-3141,3141,Pg Lluís Companys - Almogàvers,Bus,POINT (2.181295003361668 41.39118899890648)
SB-3144,3144,Vallcivera - Estació RENFE,Bus,POINT (2.1806770031025144 41.460968002617925)
SB-3145,3145,Av Rasos de Peguera - Pl Roja,Bus,POINT (2.178591997495164 41.46161799579717)
SB-3158,3158,Pg d'Urrutia - Dr Pi i Molist,Bus,POINT (2.1708719999464847 41.434765002211066)
SB-3159,3159,Nil - Dr Pi i Molist,Bus,POINT (2.1717069972016665 41.434169995885284)
SB-3160,3160,St Iscle - Travau,Bus,POINT (2.1702809941287646 41.43425100124363)
SB-3162,3162,Praga - Rda Guinardó,Bus,POINT (2.164261995473002 41.41236699698589)
SB-3164,3164,CEIP Elisenda de Montcada,Bus,POINT (2.178377997257979 41.45904799816237)
SB-3166,3166,Pl de Joan Peiró,Bus,POINT (2.1388444099860653 41.37855092945685)
SB-3174,3174,Diagonal - Complex Esportiu Universitari,Bus,POINT (2.1117069970333544 41.384080004124144)
SB-3175,3175,Bonaplata,Bus,POINT (2.1241580002925464 41.396040003504524)
SB-3176,3176,Bonaplata - Pedró de la Creu,Bus,POINT (2.122048000760389 41.397195003322324)
SB-3177,3177,Ramon Miquel Planas - Major de Sarrià,Bus,POINT (2.1202339978704856 41.400932995868445)
SB-3178,3178,Clos de St Francesc - Pg Reina Elisenda de Montcada,Bus,POINT (2.1205680054246923 41.39932600344906)
SB-3180,3180,Teide - Fabra i Puig,Bus,POINT (2.169114005690985 41.43018399672242)
SB-3181,3181,Via Favència - Rda de Dalt,Bus,POINT (2.185258997103822 41.44693199683805)
SB-3189,3189,Ronda de Dalt - Pl de la Central,Bus,POINT (2.133411003632028 41.4143659963946)
SB-3190,3190,Pujades - Roc Boronat,Bus,POINT (2.1988570017148503 41.400355000224785)
SB-3191,3191,Josep Maria Lledó - Bellesguard,Bus,POINT (2.124828995721647 41.41078999904736)
SB-3203,3203,Renaixença - Vinya,Bus,POINT (2.1771649997754583 41.41811299887678)
SB-3204,3204,Villar - Xiprer,Bus,POINT (2.178030998565266 41.41698499613841)
SB-3205,3205,Xiprer - Vinya,Bus,POINT (2.1790039980184694 41.417977999971555)
SB-3208,3208,Pg Maragall - Sta Joaquina Vedruna,Bus,POINT (2.179985001076811 41.42111000070793)
SB-3210,3210,Pl del Nou - Estany,Bus,POINT (2.14155099821715 41.35341900331375)
SB-3217,3217,Joan d'Alòs - Miret i Sans,Bus,POINT (2.1089690012754922 41.39322100099181)
SB-3218,3218,Abadessa Olzet - Montevideo,Bus,POINT (2.1087419977643918 41.39488099710132)
SB-3219,3219,Panamà - Abadessa Olzet,Bus,POINT (2.107364001923447 41.395548001501695)
SB-3220,3220,Av Pearson - Ptge Ametllers,Bus,POINT (2.1043659943254664 41.393174003616615)
SB-3221,3221,Hospital Vall d'Hebron,Bus,POINT (2.143401997274369 41.42777499710638)
SB-3222,3222,Palau Reial,Bus,POINT (2.1179360049351845 41.38583199771501)
SB-3223,3223,Pl Reina Maria Cristina,Bus,POINT (2.125799003434656 41.387834004248724)
SB-3224,3224,Padilla - Túnel de la Rovira,Bus,POINT (2.167562995524169 41.41289800373384)
SB-3226,3226,Guinardó - Lepant,Bus,POINT (2.167491001377734 41.41221199625649)
SB-3227,3227,Rda Guinardó - Castillejos,Bus,POINT (2.170365004145545 41.4135189963654)
SB-3229,3229,Guinardó - Parc de les Aigües,Bus,POINT (2.1663999967332055 41.41226099682484)
SB-3231,3231,Marina - Monumental,Bus,POINT (2.180752994351851 41.399366996810606)
SB-3232,3232,Capità Arenas - Maria Cristina,Bus,POINT (2.1266149994054344 41.38896300332495)
SB-3233,3233,ETS d'Arquitectura,Bus,POINT (2.1139920039382996 41.384838001878016)
SB-3234,3234,Pl. Pius XII,Bus,POINT (2.120893994077477 41.386585998989254)
SB-3237,3237,Tarragona - Pl. Espanya,Bus,POINT (2.1487444107516214 41.37594522267238)
SB-3241,3241,Pg de St Joan - Ausiàs Marc,Bus,POINT (2.178678000014811 41.39240099887627)
SB-3242,3242,Les Corts - Prat d'en Rull,Bus,POINT (2.137869995748594 41.38851600037157)
SB-3243,3243,Esteve Terradas - Parc Sanitari Pere Virgili,Bus,POINT (2.13922199584801 41.41525699633903)
SB-3244,3244,Parc Sanitari Pere Virgili,Bus,POINT (2.1400430017377916 41.415143003524534)
SB-3245,3245,Esteve Terradas - Pl Alfonso Comín,Bus,POINT (2.138463002988798 41.415362998684145)
SB-3250,3250,Pedrera del Mussol - Can Clos,Bus,POINT (2.1479273292286774 41.36148546961338)
SB-3251,3251,Pg Olímpic - Av de l'Estadi,Bus,POINT (2.1572950052702646 41.365718998665635)
SB-3252,3252,Estadi Olímpic,Bus,POINT (2.1574670018785507 41.365198000896754)
SB-3253,3253,Vivers,Bus,POINT (2.1580179944218365 41.36647299761555)
SB-3254,3254,Cementiri de Montjuïc,Bus,POINT (2.1558630014577087 41.3530590034626)
SB-3255,3255,Pallars - Ciutat de Granada,Bus,POINT (2.196782998833233 41.40033000161427)
SB-3256,3256,Roc Boronat - Doctor Trueta,Bus,POINT (2.2010959979447087 41.39768899924894)
SB-3257,3257,Llacuna - Ramon Turró,Bus,POINT (2.2021419986670985 41.39874000167885)
SB-3258,3258,Llacuna - Pallars,Bus,POINT (2.197687005542491 41.40212599946148)
SB-3262,3262,Marina - Monumental,Bus,POINT (2.1820009199460357 41.398710399111614)
SB-3263,3263,Sarrià,Bus,POINT (2.114582001039466 41.40392199566064)
SB-3264,3264,Els Vergós,Bus,POINT (2.1262899941553486 41.39648299632003)
SB-3265,3265,Pg Sant Joan Bosco,Bus,POINT (2.12688899888151 41.394834003349416)
SB-3266,3266,Pg Sant Joan Bosco - Prat de la Riba,Bus,POINT (2.129375999425887 41.392926002809126)
SB-3267,3267,Constança,Bus,POINT (2.1348429969245943 41.38928300355459)
SB-3268,3268,Av Sarrià,Bus,POINT (2.1327460034465155 41.3914259983349)
SB-3269,3269,Av Sarrià - Prat de la Riba,Bus,POINT (2.130704994543289 41.392524003533666)
SB-3270,3270,Cartagena - Av Gaudí,Bus,POINT (2.173991998898244 41.41150400011773)
SB-3275,3275,Baró St Lluís - Polònia,Bus,POINT (2.164258995372754 41.415617995500284)
SB-3276,3276,Torre Dulac - Tenerife,Bus,POINT (2.1637659965795435 41.4163679957268)
SB-3282,3282,Sant Adrià - Josep Soldevila,Bus,POINT (2.1928540045105027 41.43423500040563)
SB-3283,3283,Segre - Parellada,Bus,POINT (2.192702002775336 41.433339998927124)
SB-3284,3284,Segre - Borriana,Bus,POINT (2.194825996472791 41.43092899823568)
SB-3286,3286,Ernest Lluch,Bus,POINT (2.112156998294797 41.37621599894015)
SB-3293,3293,Pg Sant Joan Bosco,Bus,POINT (2.1275029971317587 41.39452400241213)
SB-3294,3294,Foc - Ferrocarrils Catalans,Bus,POINT (2.1438590021356774 41.35840099679401)
SB-3295,3295,Via Favència - Metro Canyelles,Bus,POINT (2.165766000128416 41.44156299942259)
SB-3302,3302,Parc Sanitari Pere Virgili,Bus,POINT (2.1420029940313046 41.415693004414095)
SB-3303,3303,Torrent del Rovelló - Camí Fredolic,Bus,POINT (2.0968880049354284 41.41935600069476)
SB-3304,3304,Mandri - Emancipació,Bus,POINT (2.1331480040215194 41.40376700144287)
SB-3305,3305,Riera Blanca - Trav de Les Corts,Bus,POINT (2.1218199990323017 41.37680100278651)
SB-3309,3309,Josep Soldevila - Torrent Estadella,Bus,POINT (2.1935550018198686 41.434116001135344)
SB-3310,3310,Josep Soldevila - Onze de Setembre,Bus,POINT (2.1953769954191906 41.43170699858345)
SB-3313,3313,Sant Antoni Maria Claret - Trinxant,Bus,POINT (2.1817340044365907 41.41681100340741)
SB-3314,3314,Còrsega - Bailèn,Bus,POINT (2.164503995566756 41.4004969957649)
SB-3315,3315,Còrsega - Llúria,Bus,POINT (2.1623460012965263 41.3988769992518)
SB-3317,3317,Pg Taulat - Jonquera,Bus,POINT (2.2075990012702356 41.40062599829959)
SB-3318,3318,Pg Taulat - Bac de Roda,Bus,POINT (2.210783995179439 41.403030003467855)
SB-3320,3320,Pg Garcia Fària - Jonquera,Bus,POINT (2.2087039972400024 41.39969900268915)
SB-3322,3322,Pol. Ind. Zona Franca,Bus,POINT (2.142764002214829 41.34549399690725)
SB-3323,3323,Ildefons Cerdà - Rambla Badal,Bus,POINT (2.1357399984899077 41.36507800142599)
SB-3325,3325,Ronda de Dalt - Av J V Foix,Bus,POINT (2.114004002872386 41.40091199646209)
SB-3328,3328,Urquinaona,Bus,POINT (2.17256199603408 41.38855000400191)
SB-3332,3332,Pg Marítim,Bus,POINT (2.1958949982418243 41.38492400201704)
SB-3335,3335,Feliu i Codina - Congrés,Bus,POINT (2.162975996251257 41.43607399833154)
SB-3341,3341,Mallorca - Nàpols,Bus,POINT (2.172349994203622 41.40127299545861)
SB-3342,3342,Comtes de Bell-lloc - Viriat,Bus,POINT (2.1374260051619207 41.38044900109371)
SB-3343,3343,Metro La Pau,Bus,POINT (2.20576499950153 41.42262700242935)
SB-3344,3344,Fernando Pessoa,Bus,POINT (2.1930440007346146 41.44283900424623)
SB-3345,3345,Ciutat d'Asunción - Potosí,Bus,POINT (2.1992920000552423 41.44439300179451)
SB-3347,3347,Diagonal - Pl Llevant,Bus,POINT (2.216298998569308 41.410505998654806)
SB-3348,3348,Pepe Rubianes,Bus,POINT (2.189690997544454 41.37843200182366)
SB-3357,3357,Casp - Nàpols,Bus,POINT (2.179477004667341 41.39588100135519)
SB-3358,3358,Av d'Esplugues - González Tablas,Bus,POINT (2.1057710024849294 41.38696900017089)
SB-3365,3365,Campoamor - Lloret de Mar,Bus,POINT (2.1560580056277723 41.43411599638671)
SB-3366,3366,Pg Valldaura - Eduard Toda,Bus,POINT (2.1544450040639918 41.43674599583054)
SB-3367,3367,Porto - Pl de l'Estatut,Bus,POINT (2.1571490034448266 41.42970699933456)
SB-3368,3368,Av l'Estatut de Catalunya - Campoamor,Bus,POINT (2.153537003583318 41.43511999842714)
SB-3369,3369,Sant Antoni Maria Claret - Sardenya,Bus,POINT (2.168155996762218 41.40662200168322)
SB-3370,3370,Marina - Diagonal,Bus,POINT (2.1781490894641067 41.40176110981242)
SB-3371,3371,Badajoz - Diagonal,Bus,POINT (2.1895929969828196 41.403138003934615)
SB-3377,3377,Eduard Toldrà - Ardena,Bus,POINT (2.1058689952241103 41.38853500231027)
SB-3378,3378,Sepúlveda - Muntaner,Bus,POINT (2.1626839940659446 41.383412001424546)
SB-3381,3381,Costa i Cuxart - Felip II,Bus,POINT (2.1760960037682295 41.42812800003974)
SB-3382,3382,Espronceda - Ramon Turró,Bus,POINT (2.208413003241187 41.40239799908947)
SB-3383,3383,Bac de Roda - Pg.Taulat,Bus,POINT (2.209742999066892 41.40326199826165)
SB-3385,3385,Sant Adrià - Pg. de l'Havana,Bus,POINT (2.1963450052698765 41.435582003848275)
SB-3386,3386,Av Cardenal Vidal i Barraquer - Pl Botticelli,Bus,POINT (2.1518289945703835 41.432761999684786)
SB-3388,3388,Còrsega - Pg de Gràcia,Bus,POINT (2.1600049950151154 41.397099003815185)
SB-3389,3389,Estació del Nord,Bus,POINT (2.181816995372987 41.3943690014895)
SB-3390,3390,Paral·lel - Floridablanca,Bus,POINT (2.1549360047262 41.37512000175249)
SB-3391,3391,Pg Sant Joan - Consell de Cent,Bus,POINT (2.17252200464761 41.3970419990329)
SB-3392,3392,Homer - Escipió,Bus,POINT (2.1450649980678516 41.40800200373789)
SB-3393,3393,Concili de Trento - Pl de la Pau,Bus,POINT (2.2108370025995976 41.42219900262633)
SB-3395,3395,Pg Isabel II - Pla de Palau,Bus,POINT (2.1837870010385974 41.38281599593382)
SB-3396,3396,Pla de Palau - Av Marquès de l'Argentera,Bus,POINT (2.183816004527388 41.38347200322819)
SB-3397,3397,Meridiana - Almogàvers,Bus,POINT (2.1867619960203655 41.39413700397246)
SB-3400,3400,Marina - Meridiana,Bus,POINT (2.186371739438696 41.39534684959232)
SB-3401,3401,Marina - Almogàvers,Bus,POINT (2.186181005473614 41.3952029965955)
SB-3402,3402,Meridiana - Almassora,Bus,POINT (2.1892058388873776 41.452023459934956)
SB-3404,3404,Av dels Quinze - Serrano,Bus,POINT (2.174279998515308 41.42917100435581)
SB-3417,3417,Ronda Sant Pau - Carrer de les Flors,Bus,POINT (2.1672129981410575 41.3756899965315)
SB-3418,3418,Ronda Sant Pau - Paral·lel,Bus,POINT (2.167489003234227 41.37548700039533)
SB-3420,3420,Sant Adrià - Biosca,Bus,POINT (2.2070730057802774 41.436512001685536)
SB-3422,3422,Vallespir - Pl del Centre,Bus,POINT (2.135295996763716 41.38197700045274)
SB-3423,3423,Av Rio de Janeiro - Cementiri de Sant Andreu,Bus,POINT (2.1805170012202764 41.436820999673536)
SB-3424,3424,Muntaner - Bisbe Sivilla,Bus,POINT (2.135983996613625 41.40446300233303)
SB-3425,3425,Mandri - Mitre,Bus,POINT (2.135550609551208 41.40178331959257)
SB-3426,3426,Viladomat - Av Roma,Bus,POINT (2.1500160795373584 41.385108489548465)
SB-3436,3436,Av Cardenal Vidal i Barraquer - Berruguete,Bus,POINT (2.1515730015480705 41.43276500306614)
SB-3438,3438,Manso - Rocafort,Bus,POINT (2.159229306870639 41.37570502140064)
SB-3442,3442,Metro Parc Logístic,Bus,POINT (2.1277579977586636 41.34142900204121)
SB-3443,3443,Gombau - Jaume Giralt,Bus,POINT (2.1793439945337374 41.3871829987881)
SB-3446,3446,Av Pompeu Fabra - Ana María Matute,Bus,POINT (2.1585319993113044 41.4144660001164)
SB-3447,3447,Riera Can Toda - Antequera,Bus,POINT (2.157727997973826 41.413992998768144)
SB-3448,3448,Riera Can Toda - Miquel i Badia,Bus,POINT (2.1587430010021684 41.413098002925736)
SB-3453,3453,Av Tibidabo - La Rotonda,Bus,POINT (2.136588001298948 41.41096600227183)
SB-3454,3454,Bilbao - Perú,Bus,POINT (2.1966060036467443 41.40790600344507)
SB-3460,3460,Castelldefels - Llerona,Bus,POINT (2.1816180047713742 41.459712998584905)
SB-3467,3467,Pallars - Bac de Roda,Bus,POINT (2.205572849771024 41.40694510987851)
SB-3469,3469,Tànger - Llacuna,Bus,POINT (2.194464002325919 41.403820001796454)
SB-3471,3471,Ctra de Vallvidrera - Camí de l'Observatori,Bus,POINT (2.1196849960274364 41.41973099587094)
SB-3474,3474,Av Tibidabo - Pg Sant Gervasi,Bus,POINT (2.1365290038776816 41.41075900033448)
SB-3475,3475,Marià Lavèrnia,Bus,POINT (2.1637530054062992 41.419487995916356)
SB-3476,3476,IES Narcís Monturiol,Bus,POINT (2.1454009987103966 41.432067000777714)
SB-3477,3477,Pg Taulat - Pl de Llevant,Bus,POINT (2.2180560017317164 41.40970000121777)
SB-3479,3479,UPC - Campus Diagonal Besòs,Bus,POINT (2.2202049997860973 41.412448998565566)
SB-3480,3480,Tànger - Badajoz,Bus,POINT (2.1912430031324726 41.40141399609379)
SB-3482,3482,Panorama - Marià Lavèrnia,Bus,POINT (2.1650069962324925 41.419182995788105)
SB-3483,3483,Vall d'Ordesa - Institut Josep Pla,Bus,POINT (2.164279996629374 41.43158300280519)
SB-3484,3484,Vall d'Ordesa - Canfranc,Bus,POINT (2.166523004467689 41.43104400242483)
SB-3500,3500,Av Sivatte - Vallbona,Bus,POINT (2.178825995844978 41.46625999726262)
SB-3501,3501,Castelldefels - Av Vallbona,Bus,POINT (2.181713996959174 41.45967600352435)
SB-3505,3505,Via Trajana - Rbla Prim,Bus,POINT (2.198637995184554 41.42857699861773)
SB-3509,3509,Marina - Llull,Bus,POINT (2.189855780517868 41.39273012030115)
SB-3510,3510,Marina - Pujades,Bus,POINT (2.189534999874991 41.392653000758536)
SB-3514,3514,Artesania - Via Favència,Bus,POINT (2.171990996582557 41.443094000911316)
SB-3515,3515,Rda. Guineueta Vella - Antonio Machado,Bus,POINT (2.169746997369466 41.443952997536186)
SB-3517,3517,Cisell - Mare de Déu de Port,Bus,POINT (2.1453850009208515 41.354931002472775)
SB-3518,3518,Mare de Déu de Port - L'Anoia,Bus,POINT (2.139446999033176 41.36405499974369)
SB-3519,3519,Mineria - Font Florida,Bus,POINT (2.1398770056113277 41.366361000061964)
SB-3521,3521,Comtes de Bell-lloc - Berlín,Bus,POINT (2.136169997491755 41.38231599621564)
SB-3522,3522,Can Bruixa - Comtes de Bell-lloc,Bus,POINT (2.1341560028858884 41.384595998496486)
SB-3524,3524,Joan Güell - Travessera de les Corts,Bus,POINT (2.131024005110737 41.38366499918253)
SB-3525,3525,Joan Güell - Av. Madrid,Bus,POINT (2.1325370013253115 41.380298996448595)
SB-3526,3526,Joan Güell - Cerdanyola,Bus,POINT (2.1338810028894093 41.37725599722415)
SB-3527,3527,Química - Gran Via,Bus,POINT (2.138299995709412 41.365778997955154)
SB-3528,3528,Mare de Déu de Port - Foc,Bus,POINT (2.143337004066023 41.35830600078568)
SB-3530,3530,Cantàbria - Rambla Guipúscoa,Bus,POINT (2.201158998551605 41.419746996390174)
SB-3531,3531,Selva de Mar - Rambla Guipúscoa,Bus,POINT (2.1986000014259144 41.4168979982989)
SB-3532,3532,Selva de Mar - Pg Taulat,Bus,POINT (2.213507004163164 41.4053829961099)
SB-3533,3533,Av del Litoral - Platja de Llevant,Bus,POINT (2.2163429996675936 41.403978000813396)
SB-3534,3534,Josep Pla - Pg Garcia Fària,Bus,POINT (2.217850002622461 41.407400997148876)
SB-3535,3535,Josep Pla - Av. Diagonal,Bus,POINT (2.2153580029042415 41.40928799683206)
SB-3537,3537,Provença - Villarroel,Bus,POINT (2.153025002853303 41.388437000296136)
SB-3538,3538,Rda Guinardó - Sant Quintí,Bus,POINT (2.173864999902538 41.415850003719186)
SB-3539,3539,Rda Guinardó - Vinyals,Bus,POINT (2.176289995235071 41.41843799600812)
SB-3540,3540,Rda. Guinardó - Segle XX,Bus,POINT (2.1772027913643477 41.42246862014996)
SB-3541,3541,Rda Guinardó - Vinyals,Bus,POINT (2.1761080022227026 41.41841800236937)
SB-3542,3542,Rda Guinardó - Telègraf,Bus,POINT (2.1742129980443785 41.416604004043364)
SB-3543,3543,Rda Guinardó - Cartagena,Bus,POINT (2.171036003865626 41.41424299839576)
SB-3544,3544,Av. Pearson - Av. d'Esplugues,Bus,POINT (2.111937177965016 41.39401864603362)
SB-3545,3545,Av Pearson - Pl Joan d'Alòs,Bus,POINT (2.1103519960931827 41.393772998350244)
SB-3547,3547,Cristóbal de Moura - Perpinyà,Bus,POINT (2.215560001467087 41.41799399842937)
SB-3548,3548,Cristóbal de Moura - Rambla Prim,Bus,POINT (2.2124530015829453 41.41566800196818)
SB-3550,3550,Marroc,Bus,POINT (2.2087289970720967 41.41457400103114)
SB-3551,3551,Marroc - Bac de Roda,Bus,POINT (2.201320994862213 41.409000002336846)
SB-3552,3552,Tànger - Av Meridiana,Bus,POINT (2.187428001110433 41.398583002053805)
SB-3556,3556,Cristóbal de Moura - Perpinyà,Bus,POINT (2.2158010052702073 41.41791099814951)
SB-3558,3558,Travessera de Gràcia - Calvet,Bus,POINT (2.145434999284593 41.39347999770096)
SB-3559,3559,Mas Casanovas - Hospital de Sant Pau,Bus,POINT (2.173496999436209 41.41513499602197)
SB-3561,3561,Manso - Calàbria,Bus,POINT (2.160303997952487 41.3765310006033)
SB-3566,3566,Pl Lesseps,Bus,POINT (2.149081999991143 41.40621500253943)
SB-3567,3567,Manso - Viladomat,Bus,POINT (2.160074997023482 41.37635399782575)
SB-3568,3568,Viladomat - Sepúlveda,Bus,POINT (2.15803299470882 41.37905900381795)
SB-3570,3570,Provença - Casanova,Bus,POINT (2.1545539963554012 41.389572003080616)
SB-3571,3571,Pujades - Joan d'Àustria,Bus,POINT (2.1898409985709253 41.39367900303358)
SB-3572,3572,Llull - Joan d'Àustria,Bus,POINT (2.1911190050136673 41.39283900090804)
SB-3573,3573,Rambla Prim - Santander,Bus,POINT (2.2011809393425743 41.424691049360604)
SB-3574,3574,Viladomat - Marquès de Campo Sagrado,Bus,POINT (2.1627519983002426 41.375491003553506)
SB-3575,3575,Entença - Av Mistral,Bus,POINT (2.15460999652274 41.37666700023821)
SB-3576,3576,Entença - València,Bus,POINT (2.1477690050541103 41.381838996355164)
SB-3577,3577,Entença - Rosselló,Bus,POINT (2.1445590018335188 41.38425900433476)
SB-3578,3578,Entença - Av Josep Tarradellas,Bus,POINT (2.142084003559709 41.38616199558755)
SB-3579,3579,Entença - Déu i Mata,Bus,POINT (2.137758001032665 41.39032600148529)
SB-3580,3580,Doctor Fleming - Santa Fe de Nou Mèxic,Bus,POINT (2.1350040022927357 41.39434300235448)
SB-3581,3581,Calatrava - Vergós,Bus,POINT (2.13029299742745 41.39953900020093)
SB-3582,3582,Iradier - Pg. Bonanova,Bus,POINT (2.1266870032616505 41.403209003012044)
SB-3583,3583,Anglí - Pl. Benet XV,Bus,POINT (2.1206609990947833 41.40545100288567)
SB-3584,3584,Anglí - Margenat,Bus,POINT (2.122678998648095 41.403391997055735)
SB-3585,3585,Anglí - Pg. Bonanova,Bus,POINT (2.1246940031534773 41.40133800324351)
SB-3586,3586,Anglí - Via Augusta,Bus,POINT (2.1278419961665946 41.39812100004735)
SB-3587,3587,Dr Fleming - Ronda General Mitre,Bus,POINT (2.13460299807586 41.39479999944653)
SB-3588,3588,Dr Fleming - Bori i Fontestà,Bus,POINT (2.1360520019632654 41.391816996787696)
SB-3589,3589,Manso - Comte Borrell,Bus,POINT (2.161662996075732 41.37755400381939)
SB-3590,3590,Viladomat - Còrsega,Bus,POINT (2.1475310028895778 41.38697199950667)
SB-3591,3591,Viladomat - Aragó,Bus,POINT (2.153190002593371 41.382719996320745)
SB-3592,3592,Viladomat - Diputació,Bus,POINT (2.1559110034942166 41.38065700106433)
SB-3595,3595,Sant Ramon de Penyafort - Av Eduard Maristany,Bus,POINT (2.220956997068794 41.41383800293329)
SB-3597,3597,Alfons el Magnànim - Jaume Huguet,Bus,POINT (2.2125750001024986 41.41804600026631)
SB-3598,3598,Alfons el Magnànim - Jaume Huguet,Bus,POINT (2.2124920002807635 41.4178579956146)
SB-3604,3604,Vallcivera - Av Rasos de Peguera,Bus,POINT (2.1759850039436968 41.45957599969221)
SB-3605,3605,Carmen Amaya - Taulat,Bus,POINT (2.2027720046973327 41.39435400230628)
SB-3607,3607,Llacuna - Doctor Trueta,Bus,POINT (2.2024950019192784 41.398473998386024)
SB-3608,3608,Llacuna - Llull,Bus,POINT (2.200261997188289 41.40015999804863)
SB-3610,3610,Trinxant - Ripollès,Bus,POINT (2.1857240040515653 41.414493001006164)
SB-3611,3611,Trinxant - Sant Antoni Maria Claret,Bus,POINT (2.1825450027135123 41.41692400250495)
SB-3612,3612,Navas de Tolosa - Juan de Garay,Bus,POINT (2.1814420057329533 41.419293996188536)
SB-3613,3613,Meridiana - Aragó,Bus,POINT (2.1865999961298273 41.40799399660898)
SB-3615,3615,Museu Can Framis,Bus,POINT (2.1945380017621994 41.4026909982569)
SB-3616,3616,Roc Boronat - Pere IV,Bus,POINT (2.196799001226403 41.4009559992973)
SB-3617,3617,Roc Boronat - Llull,Bus,POINT (2.1990030052249976 41.39927100037574)
SB-3618,3618,Independència - Sant Antoni Maria Claret,Bus,POINT (2.1770599951566956 41.41266899809154)
SB-3619,3619,Can Marcet,Bus,POINT (2.151064002538833 41.43441200445017)
SB-3620,3620,Can Marcet - Vall d'Hebron,Bus,POINT (2.148194994670828 41.43513899924753)
SB-3621,3621,Av Estatut - Botticelli,Bus,POINT (2.153043001405123 41.43496300197386)
SB-3622,3622,Pl Botticelli,Bus,POINT (2.153033000234439 41.43285599948308)
SB-3623,3623,Castillejos - Enamorats,Bus,POINT (2.181726001795311 41.403818001087366)
SB-3624,3624,Teatre Nacional de Catalunya,Bus,POINT (2.1853239996797376 41.40110099562166)
SB-3625,3625,Pamplona - Tànger,Bus,POINT (2.188607994282323 41.39865200388886)
SB-3626,3626,Pamplona - Pere IV,Bus,POINT (2.1923960025881235 41.39583800370852)
SB-3627,3627,Pamplona - Doctor Trueta,Bus,POINT (2.195671996667587 41.39339900142397)
SB-3628,3628,Arquitecte Sert - Av Icària,Bus,POINT (2.1985240045311722 41.39126599958444)
SB-3629,3629,Av Litoral - Arquitecte Sert,Bus,POINT (2.201555001182291 41.391125999877616)
SB-3630,3630,Jaume Vicenç i Vives - Icària,Bus,POINT (2.201214001401302 41.39431100394703)
SB-3631,3631,Cartagena - Niça,Bus,POINT (2.169868999611674 41.41449399908633)
SB-3632,3632,Tajo - Pl Santes Creus,Bus,POINT (2.162398999756833 41.429995002384324)
SB-3633,3633,Llobregós - Ciències,Bus,POINT (2.1580199960985356 41.425408998494575)
SB-3634,3634,Petrarca - Fabra i Puig,Bus,POINT (2.167297997470727 41.43021000380475)
SB-3636,3636,Josep Garí - Comte de Sert,Bus,POINT (2.1352289954690518 41.41556800251535)
SB-3637,3637,Ronda Guinardó - Pi i Margall,Bus,POINT (2.163999998141423 41.411749000553606)
SB-3638,3638,Mas Casanovas - Cartagena,Bus,POINT (2.172285000207396 41.41423500278885)
SB-3639,3639,Petrarca - Pg Maragall,Bus,POINT (2.1639750005197373 41.428276000898784)
SB-3640,3640,Josep Garí - Av Tibidabo,Bus,POINT (2.134433004766972 41.41521900372621)
SB-3641,3641,Marroc - Treball,Bus,POINT (2.2064769993130806 41.41288599987957)
SB-3642,3642,Sas - Pl Celestí Boada,Bus,POINT (2.2039199963580174 41.43889999620643)
SB-3644,3644,Pg Sant Antoni - Pl Sants,Bus,POINT (2.1355539993129673 41.37554699799046)
SB-3645,3645,Metro Onze de Setembre,Bus,POINT (2.1948600054587346 41.428163002535854)
SB-3646,3646,Parc de Cervantes,Bus,POINT (2.1053760053530897 41.38602699773797)
SB-3649,3649,Travessera de les Corts - Comte de Güell,Bus,POINT (2.1219470010556445 41.3782350039356)
SB-3652,3652,Riera Blanca - Santiago Ramon y Cajal,Bus,POINT (2.1309129964251667 41.36919300159831)
SB-3653,3653,Riera Blanca - Pavia,Bus,POINT (2.1282270023988867 41.37119599935608)
SB-3654,3654,Riera Blanca - Sant Frederic,Bus,POINT (2.1260170042417186 41.372581003763464)
SB-3656,3656,Sant Adrià - Ciutat d'Asunción,Bus,POINT (2.2004809970911645 41.435722001672254)
SB-3657,3657,Malats - Arbúcies,Bus,POINT (2.186374999640156 41.436546004276586)
SB-3658,3658,Malats - Gran de Sant Andreu,Bus,POINT (2.1893350041366024 41.436007998212666)
SB-3661,3661,Riera Blanca - Regent Mendieta,Bus,POINT (2.1218069976690237 41.3762180003984)
SB-3662,3662,Arístides Maillol - Trav. de les Corts,Bus,POINT (2.1212430000315505 41.378351996744755)
SB-3664,3664,St Feliu de Codines - Pau Sabater,Bus,POINT (2.1779790017498404 41.45862099796589)
SB-3665,3665,St Feliu de Codines - Vilatorta,Bus,POINT (2.177209996748796 41.45779299790055)
SB-3666,3666,St Quirze de Safaja - St Feliu de Codines,Bus,POINT (2.174615002384684 41.456109000952814)
SB-3667,3667,Castellfollit - St Feliu de Codines,Bus,POINT (2.1749569960933615 41.455401004182654)
SB-3668,3668,Castellfollit - Travessia Castellfollit,Bus,POINT (2.176048998007768 41.45587100129203)
SB-3669,3669,Prats de Rei - Castell d'Argençola,Bus,POINT (2.174294999737813 41.4544169958525)
SB-3670,3670,Castellví - Lliçà,Bus,POINT (2.1718609946430947 41.45407799717574)
SB-3671,3671,Argençola - Lliçà,Bus,POINT (2.1735560021464 41.45403199959388)
SB-3672,3672,Pruit - Escolapi Càncer,Bus,POINT (2.1736919941758055 41.452975002232655)
SB-3674,3674,Av. Tibidabo - García Mariño,Bus,POINT (2.135741001080257 41.41211400324089)
SB-3675,3675,Av Tibidabo - Bosch i Alsina,Bus,POINT (2.134356003349574 41.413715998375004)
SB-3676,3676,Santander - Cànem,Bus,POINT (2.204470001169704 41.43058300044541)
SB-3677,3677,Via Trajana - Santander,Bus,POINT (2.203464010404055 41.42807274975999)
SB-3678,3678,Via Trajana - Binèfar,Bus,POINT (2.2063189962630707 41.42691300061509)
SB-3683,3683,Via Trajana - Binèfar,Bus,POINT (2.2064040039720907 41.42696800110397)
SB-3684,3684,Via Trajana - Santander,Bus,POINT (2.2035412695757066 41.42815699005278)
SB-3685,3685,Santander - Ferrocarril,Bus,POINT (2.205337999215151 41.43128399649222)
SB-3688,3688,Extremadura - Guipúscoa,Bus,POINT (2.209254000012841 41.42476499807604)
SB-3690,3690,Ronda Sant Pau - Folch i Torres,Bus,POINT (2.166160000317437 41.376486004437275)
SB-3697,3697,Pg Sant Joan - Sant Antoni Maria Claret,Bus,POINT (2.1647869996245728 41.403301000290064)
SB-3698,3698,Lisboa - Santa Joana d'Arc,Bus,POINT (2.1579420023707816 41.429264001616296)
SB-3699,3699,Dante Alighieri - Estoril,Bus,POINT (2.1619459989733323 41.42898800389562)
SB-3718,3718,Riera Blanca - Santa Eulàlia,Bus,POINT (2.1316980047185714 41.36791100435902)
SB-3719,3719,Iradier - Terré,Bus,POINT (2.122887995428129 41.40710100164083)
SB-3722,3722,Meridiana - Aragó,Bus,POINT (2.187133004072414 41.40821399723105)
SB-3743,3743,Mühlberg - Ctra del Carmel,Bus,POINT (2.1590459973815546 41.41799500001144)
SB-3744,3744,Mühlberg - Turó de la Rovira,Bus,POINT (2.159803003936088 41.41854800430367)
SB-3747,3747,Les Corts - Benavent,Bus,POINT (2.124540003578509 41.379928996068024)
SB-3750,3750,Caracas - Cuzco,Bus,POINT (2.2035019956729984 41.440653004047086)
SB-3754,3754,Calàbria - Manso,Bus,POINT (2.1593035342684903 41.37646017000213)
SB-3755,3755,Jocs del 92 - INEFC,Bus,POINT (2.146074099734289 41.36503146935804)
SB-3760,3760,Carrer A - Carrer número 27,Bus,POINT (2.1401449959627694 41.33558599868143)
SB-3761,3761,Ciutat d'Asunción - Ferran Junoy,Bus,POINT (2.1984839999050685 41.44597699705305)
SB-3762,3762,València - Tarragona,Bus,POINT (2.145559002270244 41.37925199762359)
SB-3763,3763,Diputació - Vilamarí,Bus,POINT (2.1495380031585407 41.37730200088744)
SB-3765,3765,Vista Bella - Infanta Isabel,Bus,POINT (2.1298260041943773 41.41014700044301)
SB-3766,3766,Cavallers - González Tablas,Bus,POINT (2.107926003627298 41.38745500020197)
SB-3767,3767,Berlín - Numància,Bus,POINT (2.1386079943279386 41.38292600330318)
SB-3769,3769,Aiguablava - Sa Tuna,Bus,POINT (2.1865299978468027 41.4527249977473)
SB-3770,3770,Aiguablava - Sa Tuna,Bus,POINT (2.1866999963036533 41.45297800206275)
SB-3771,3771,Pl Borràs,Bus,POINT (2.116836995942716 41.40393800303999)
SB-3774,3774,Can Valero - Doctor Font i Quer,Bus,POINT (2.160011426142211 41.364699025069285)
SB-3775,3775,Sa Tuna - Palamós,Bus,POINT (2.1875159957678925 41.451991997984514)
SB-3780,3780,Amílcar - Pl Catalana,Bus,POINT (2.172990004964191 41.42128200033162)
SB-3781,3781,Meridiana - Metro Clot,Bus,POINT (2.1871523896344525 41.41018381913459)
SB-3782,3782,Oristà - Pl Primer de Maig,Bus,POINT (2.1856859985188932 41.46540899998063)
SB-3784,3784,Aiguablava - Llosa,Bus,POINT (2.1857489981597356 41.45067199641957)
SB-3785,3785,Torre Vella - Oristà,Bus,POINT (2.1843180047291417 41.46306499553403)
SB-3787,3787,Rodrigo Caro - Turó de les Roquetes,Bus,POINT (2.1725439956767945 41.447679001586785)
SB-3788,3788,Cantera - Baixada del Pedregar,Bus,POINT (2.1748859986224374 41.448948999073494)
SB-3790,3790,Pg Valldaura - Metro Valldaura,Bus,POINT (2.1559769994783977 41.437478002506154)
SB-3792,3792,Congrés - Porrera,Bus,POINT (2.159272995992628 41.437897995976485)
SB-3793,3793,Fira Barcelona,Bus,POINT (2.1502480044249186 41.37361200006827)
SB-3797,3797,Metro Ernest Lluch,Bus,POINT (2.1118729979450777 41.37661500178686)
SB-3799,3799,Aragó - Pg de Sant Joan,Bus,POINT (2.171526005774883 41.39729299558656)
SB-3800,3800,Aragó - Pg de Gràcia,Bus,POINT (2.164297999914955 41.39185199742885)
SB-3801,3801,Aragó - Muntaner,Bus,POINT (2.1589300019727315 41.38781400292201)
SB-3802,3802,Diagonal - Pl Francesc Macià,Bus,POINT (2.1436080043596553 41.39235799676557)
SB-3803,3803,Casp - Pg de Sant Joan,Bus,POINT (2.177265996158282 41.39421300302141)
SB-3804,3804,Casp - Girona,Bus,POINT (2.174907999384011 41.392437997783816)
SB-3805,3805,Casp - Pau Claris,Bus,POINT (2.1706589976426955 41.38924799577688)
SB-3806,3806,Aragó - Lepant,Bus,POINT (2.178508000802277 41.402488002161775)
SB-3807,3807,Independència - Meridiana,Bus,POINT (2.1862499982741306 41.40567600352674)
SB-3809,3809,Pl Roja - Vallcivera,Bus,POINT (2.179290001115576 41.461118996085624)
SB-3810,3810,La Campana,Bus,POINT (2.139020004405354 41.36762399572762)
SB-3813,3813,Meridiana - Navas de Tolosa,Bus,POINT (2.187066995906517 41.41431299898616)
SB-3814,3814,Favència - Pablo Iglesias,Bus,POINT (2.1823629960062196 41.44630799705024)
SB-3815,3815,St. Feliu de Codines - Metro Torre Baró/Vallbona,Bus,POINT (2.1803179963147215 41.46023399895279)
SB-3816,3816,Llerona - Avinyonet,Bus,POINT (2.180525995646663 41.45606599843887)
SB-3834,3834,Vico - Ronda General Mitre,Bus,POINT (2.1360069993070794 41.40041899797995)
SB-3835,3835,Freixa - Vallmajor,Bus,POINT (2.138364995398422 41.39923900079556)
SB-3836,3836,Jocs del 92 - Pierre de Coubertin,Bus,POINT (2.1466999944837073 41.36294300232333)
SB-3837,3837,Jocs del 92 - Pedrera del Mussol,Bus,POINT (2.1470869944959925 41.36264400158643)
SB-3838,3838,Pl. Rosa dels Vents,Bus,POINT (2.187329002353627 41.36796699772388)
SB-3846,3846,Santander - Ca N'Oliva,Bus,POINT (2.202090997902257 41.427530003666654)
SB-3850,3850,Roc Boronat - Tànger,Bus,POINT (2.1929759965331406 41.403885003048025)
SB-3856,3856,Adrià Margarit - Av Tibidabo,Bus,POINT (2.1322519990719435 41.414767999770284)
SB-3859,3859,Pg. Zona Franca - Metro Foc,Bus,POINT (2.142139909342994 41.35561310923526)
SB-3861,3861,Ferran Junoy - Ciutat d'Asunción,Bus,POINT (2.1979722488148874 41.44594303921058)
SB-3862,3862,Clariana - Clarà,Bus,POINT (2.1997456999415896 41.446949529909816)
SB-3863,3863,Campins - Pl. del Baró de Viver,Bus,POINT (2.1996026898559533 41.44744297963196)
SB-3865,3865,Palomar - Fernando Pessoa,Bus,POINT (2.192623149185563 41.44221036987051)
SB-3866,3866,Parc de la Maquinista,Bus,POINT (2.196204369819871 41.43540775952442)
SB-3868,3868,Saldes - Baldomer Girona,Bus,POINT (2.1366547597308796 41.428573379819824)
SB-3874,3874,Diagonal - Bruc,Bus,POINT (2.1656207789587016 41.39784942947156)
SB-3875,3875,Tarragona - Mallorca,Bus,POINT (2.1433893996230657 41.37974128912559)
SB-3876,3876,Estació de Sants - Pl Joan Peiró,Bus,POINT (2.13902498917934 41.378383379938064)
SB-3877,3877,Pl Joan Peiró - Estació de Sants,Bus,POINT (2.139332499329099 41.37811789959605)
SB-3878,3878,Pg Sant Antoni - Parc de l'Espanya Industrial,Bus,POINT (2.140766959980861 41.378329059639704)
SB-3881,3881,Pallars - Selva de Mar,Bus,POINT (2.2092038188117304 41.40969057982601)
SB-3882,3882,Pallars - Josep Pla,Bus,POINT (2.212739719315913 41.412356569408885)
SB-3883,3883,Pont del Treball Digne - Berenguer de Palou,Bus,POINT (2.192149339526818 41.42398338975868)
SB-3884,3884,Rambla Prim - Llull,Bus,POINT (2.2177647491349655 41.41215542975076)
SB-3887,3887,Cantàbria - Ptge Ferradura,Bus,POINT (2.198350759190979 41.42328728929828)
SB-3888,3888,Rambla Prim - Pere IV,Bus,POINT (2.209476789924636 41.418375439932994)
SB-3889,3889,Rambla Prim - Gran Via,Bus,POINT (2.209442839369235 41.419204089642854)
SB-3891,3891,Diagonal - Estació Verdaguer,Bus,POINT (2.1668714391624997 41.39845289931857)
SB-3894,3894,Institut Vall d'Hebron,Bus,POINT (2.140964199021886 41.42259299912672)
SB-3897,3897,Pl Universitat,Bus,POINT (2.1643094197451176 41.385750049564585)
SB-3907,3907,Indústria - Grassot,Bus,POINT (2.166857789819748 41.40379693970047)
SB-3908,3908,Pg de Sant Joan - Rosselló,Bus,POINT (2.1679269692573517 41.400351919680006)
SB-3909,3909,Pg de Sant Joan - Provença,Bus,POINT (2.16827442959838 41.4006679096707)
SB-3911,3911,Escorial - Metro Joanic,Bus,POINT (2.1621950592858448 41.406452669322185)
SB-3916,3916,Montseny - Travessia de Sant Antoni,Bus,POINT (2.1554210999009116 41.40229084938532)
SB-3931,3931,Mercat de Montserrat,Bus,POINT (2.1806070292269015 41.44752331974606)
SB-3932,3932,Pg Manuel Girona - Benet Mateu,Bus,POINT (2.125895229443077 41.39157456918218)
SB-3933,3933,Capità Arenas - Francesc Carbonell,Bus,POINT (2.125242779224012 41.39197208973735)
SB-3935,3935,Paral·lel - Pl Espanya,Bus,POINT (2.15095638952801 41.37490524925554)
SB-3937,3937,Castell d'Argençola - Castellví,Bus,POINT (2.1735319899364325 41.45411911967569)
SB-3939,3939,Mitre - Lesseps,Bus,POINT (2.1484903894293637 41.40620530938015)
SB-3940,3940,Motors - Institut La Mercè,Bus,POINT (2.143077489250763 41.350302279891956)
SB-3941,3941,Motors - Acer,Bus,POINT (2.140023529866332 41.349263269788786)
SB-3942,3942,Cal Cisó - Ulldecona,Bus,POINT (2.141788249865232 41.35079929928326)
SB-3943,3943,Cal Cisó - Pg Zona Franca,Bus,POINT (2.1446379799283415 41.3517671892483)
SB-3946,3946,"Rubens, 42",Bus,POINT (2.1468729094313472 41.41531847915561)
SB-3947,3947,"Beat Almato, 52",Bus,POINT (2.1484252190497934 41.417895049834286)
SB-3948,3948,"Font del Coll, 8",Bus,POINT (2.1500792392738495 41.41960273986822)
SB-3949,3949,"Mora la Nova, 1-3",Bus,POINT (2.149781139879889 41.41933235919965)
SB-3950,3950,"Mora d'Ebre, 47",Bus,POINT (2.149041658952882 41.41828937986696)
SB-3951,3951,"Mora d'Ebre, 27B",Bus,POINT (2.1479869789040915 41.41638646978872)
SB-8009,8009,Concepción Arenal 167-168,Bus,POINT (2.184133879872169 41.42696012945617)
SB-8038,8038,"Pg. Vall d'Hebron, 130-134",Bus,POINT (2.14229467912427 41.424147349113795)
SB-8086,8086,Gran Via-Metro Pg Gràcia,Bus,POINT (2.16857081910959 41.38993198944232)
SB-8120,8120,"Llobregós, 226-228",Bus,POINT (2.152631299561865 41.42243682930863)
SB-8257,8257,Ctra. Esplugues-Eduard Toldrà,Bus,POINT (2.1094040689779603 41.38813826928806)
SB-8345,8345,"Tamariu, 2",Bus,POINT (2.18533151973687 41.44957696949263)
SB-8346,8346,"Sa Tuna, 15-17",Bus,POINT (2.1873358194807753 41.451998619345396)
SB-8373,8373,Gran Via Corts Catalanes,Bus,POINT (2.1480902898209315 41.373975189776345)
SB-8535,8535,Estadi del Futbol Club Barcelona,Bus,POINT (2.122643839597274 41.37886866959407)
SB-8596,8596,"Via Augusta, 242",Bus,POINT (2.1359610000260463 41.39785599683906)
SB-8680,8680,Casa de l'Aigua,Bus,POINT (2.186622849674995 41.45190546972372)
SB-8729,8729,"Hurtado, 14-18",Bus,POINT (2.140111209268786 41.41112938925005)
SB-8869,8869,"Casanova, 211-268",Bus,POINT (2.1470593793074197 41.39432435926085)
SB-8877,8877,"Mare de Déu de Port, 12",Bus,POINT (2.1580512783556816 41.35204088411113)
SB-9101,9101,Marroc 33-30,Bus,POINT (2.1992558888424765 41.40743219914233)
SB-9125,9125,"Diagonal, 17-137",Bus,POINT (2.1991057589441474 41.4065736593013)
SB-9196,9196,"Vilamarí, 61",Bus,POINT (2.150219048988313 41.37813559989563)
SB-9232,9232,"Cavallers, 1-11",Bus,POINT (2.108319769373919 41.38641495952153)
SB-9233,9233,"Av. Esplugues, 102-106",Bus,POINT (2.1103958896046313 41.38758378965765)
SB-9403,9403,"Ctra. de la Bordeta, 9",Bus,POINT (2.1462412588974096 41.373780449916765)
SB-9425,9425,"Carmel, 118",Bus,POINT (2.1573997992203333 41.41808500979599)
SB-9465,9465,"Bilbao, 217",Bus,POINT (2.1935443199663367 41.410171599254355)
SB-9532,9532,"Av. Tibidabo, 25",Bus,POINT (2.134939289645072 41.413189729980395)
SB-9540,9540,Av Escolapi Càncer 26,Bus,POINT (2.1791860794850657 41.457781689440964)
SB-9551,9551,"Pg. Sant Antoni, 36-40",Bus,POINT (2.1388048176770837 41.37771629942891)
SB-9599,9599,"Massens, 55",Bus,POINT (2.156453818161792 41.408314567439376)
SB-9610,9610,"Av. Meridiana, 82-86",Bus,POINT (2.1871220595805516 41.40620479952601)
SB-9621,9621,"Plom, 5-7",Bus,POINT (2.1360740019200866 41.35192200002713)
SB-9633,9633,"Pg. Vall d'hebron, 115",Bus,POINT (2.1414335089727956 41.422634359851685)
SB-9637,9637,Collblanc,Bus,POINT (2.1193491295546827 41.376765179528846)
SB-9777,9777,"Ana María Matute Ausejo, 40",Bus,POINT (2.15822094960012 41.41542884931495)
SB-9791,9791,"Pg. Montjuïc, 38",Bus,POINT (2.170729449999776 41.37221668958868)
SB-9810,9810,"Via, Augusta, 158-160",Bus,POINT (2.1442370039601686 41.399631999920516)
SB-9825,9825,"Calvet, 81-83",Bus,POINT (2.1402139948859986 41.39748199712897)
SB-9921,9921,"Mühlberg, 2-4",Bus,POINT (2.157668478921643 41.418089089502615)
SB-9947,9947,"carrer A, 62",Bus,POINT (2.1404874999432972 41.33528715980861)
SB-9950,9950,"Olzinelles, 13",Bus,POINT (2.1364262788729644 41.37395921929238)
SB-9951,9951,"Pg. Sant Antoni, 53-55",Bus,POINT (2.1416324792620673 41.379149489786045)
SB-9962,9962,"Porto, 12",Bus,POINT (2.1573496995566868 41.42960816987453)
SB-9968,9968,"Juan de Garay, 116",Bus,POINT (2.185744019466772 41.422603249712964)
SB-9969,9969,"Juan de Garay, 114",Bus,POINT (2.1857450892413675 41.42235859933418)
SB-9981,9981,"Concepción Arenal, 103-105",Bus,POINT (2.1839910690777846 41.42385172986717)
SB-9994,9994,"Torrent de la Perera, 23",Bus,POINT (2.1917567199704666 41.45492376955462)
SB-9999,9999,"Madrazo, 104",Bus,POINT (2.1445105890103155 41.39688755914054)
SB-101341,101341,Baixada de la Plana - Tajo,Bus,POINT (2.1591812192649127 41.42950687516842)
SB-101423,101423,Calderón de la Barca - Llobregós,Bus,POINT (2.15479251823635 41.42319849478193)
SB-102722,102722,Llobregós - Murtra,Bus,POINT (2.1525946455834393 41.422401237509945)
SB-102723,102723,Llobregós - Pantà de Tremp,Bus,POINT (2.1553587891089268 41.42396450916162)
SB-104258,104258,Santander - Caresmar,Bus,POINT (2.2073918615228316 41.43373647603655)
SB-104263,104263,Santander - Caresmar,Bus,POINT (2.207239829822499 41.43384396013833)
SB-104298,104298,Pg. Mare de Déu del Coll - Santuari,Bus,POINT (2.1495382825113114 41.420596033158745)
SB-105911,105911,Av. Diagonal - Pl. Reina Maria Cristina,Bus,POINT (2.1275906234682163 41.38898274766096)
SB-106167,106167,Llobregós - Fastenrath,Bus,POINT (2.151272862642093 41.42166664632943)
SB-106189,106189,Ramon Rocafull - Moratín,Bus,POINT (2.152343111607388 41.424353692160444)
SB-106465,106465,Bruc - Rda. Sant Pere,Bus,POINT (2.1749464790436703 41.39021912965214)
SB-106838,106838,Albert Bastardas - Torre Melina,Bus,POINT (2.107666519234041 41.38154778188433)
SB-106839,106839,Flos i Calcat - l'Illa,Bus,POINT (2.1311076089050456 41.390549395616056)
SB-106856,106856,Mineria - Química,Bus,POINT (2.138437949819476 41.36522898236243)
SB-106858,106858,Radi - Ctra. del Prat,Bus,POINT (2.135081279935325 41.362555779197876)
SB-107097,107097,Torre Melina - Albert Bastardas,Bus,POINT (2.1078961074622167 41.38146032750249)
SB-107146,107146,Calderón de la Barca - Agudells,Bus,POINT (2.1554734695197553 41.42157393118053)
SB-107229,107229,Pg. Maragall - Tajo,Bus,POINT (2.1620501800991847 41.42938350769198)
SB-107511,107511,Porto - Lisboa,Bus,POINT (2.1574800400107708 41.4295018152409)
SB-107730,107730,Service Center Sentit Barcelona,Bus,POINT (2.136416713381087 41.3223501641688)
SB-107731,107731,Av. dels Ports d'Europa - Atlàntic,Bus,POINT (2.140497529761513 41.321719089843164)
SB-107734,107734,Mar Roja - Índic,Bus,POINT (2.145495774208895 41.322339507449016)
SB-107735,107735,Av. dels Ports d'Europa - ZAL,Bus,POINT (2.1476400521399177 41.32161107278443)
SB-107736,107736,Mar Roja - Antàrtic,Bus,POINT (2.1453952936712364 41.32259665808674)
SB-107738,107738,Av. dels Ports d'Europa - Índic,Bus,POINT (2.1406704231987117 41.32193256750845)
SB-108719,108719,Av. Diagonal - Gran Via Carles III,Bus,POINT (2.1266057274384575 41.387841625818275)
SB-108984,108984,Pg. Mare de Déu del Coll - Lorda,Bus,POINT (2.149231678292731 41.4205081332894)
SB-109031,109031,Av. Manuel Azaña - Av. de Xile,Bus,POINT (2.1109024918163235 41.377467123328266)
SB-109220,109220,Pg. Mare de Déu del Coll - Ourense,Bus,POINT (2.1510677519417745 41.42281070064616)
SB-109309,109309,Av. Albert Bastardas - Av. Manuel Azaña,Bus,POINT (2.1089391401570907 41.37717791982041)
SB-109318,109318,General Batet - Av. Manuel Azaña,Bus,POINT (2.108834729803244 41.37895042979516)
SB-110004,110004,Moll Sant Bertran - Moll Barcelona,Bus,POINT (2.1765142199285994 41.372595330438166)
SB-110005,110005,Moll Ponent,Bus,POINT (2.1741070900065598 41.36739328964173)
SB-110006,110006,Moll Contradic,Bus,POINT (2.171410549484178 41.36144138995017)
SB-110007,110007,Moll Sud - Moll Oest,Bus,POINT (2.167160067327218 41.35981046487183)
SB-110008,110008,Moll Sud,Bus,POINT (2.166198765331595 41.358552354672085)
SB-110009,110009,Agrícola - Tram V,Bus,POINT (2.157807853386417 41.350785260198776)
SB-110010,110010,Álvarez de la Campa - Agrícola,Bus,POINT (2.155245911574743 41.34727977161615)
SB-110011,110011,Álvarez de la Campa - Moll Álvarez de la Campa,Bus,POINT (2.1580378304352883 41.34824711859874)
SB-110012,110012,Tram V - Porta 29,Bus,POINT (2.1479781383378724 41.3452349985389)
SB-110013,110013,Tram VI - Edifici TERSACO,Bus,POINT (2.14494604459829 41.340267406172494)
SB-110014,110014,Tram VI - Edifici ASTA,Bus,POINT (2.1422558226003137 41.33598018973094)
SB-110015,110015,Tram VI - Carrer 3,Bus,POINT (2.1408930940614797 41.33368210940618)
SB-110016,110016,Carrer Y - Zona Franca,Bus,POINT (2.1432991682009384 41.32826142095066)
SB-110017,110017,Atlàntic - Mar Groga,Bus,POINT (2.141657633199258 41.3256597789458)
SB-110020,110020,Atlàntic - Mar Groga,Bus,POINT (2.141748122332704 41.32543440630622)
SB-110021,110021,Carrer Y - Zona Franca,Bus,POINT (2.1434367094531805 41.32815958965614)
SB-110022,110022,Tram VI - Carrer 3,Bus,POINT (2.1409541310689213 41.33322885387507)
SB-110023,110023,Tram VI - Edifici ASTA,Bus,POINT (2.1417764362327505 41.334852698516386)
SB-110024,110024,Tram VI - Edifici TERSACO,Bus,POINT (2.1462987299609013 41.34219555975262)
SB-110025,110025,Tram V - Porta 29,Bus,POINT (2.148589580378538 41.34571331998109)
SB-110029,110029,Moll Sud,Bus,POINT (2.1666043825620864 41.358677966731406)
SB-110030,110030,Moll Sud - Moll Oest,Bus,POINT (2.1677801521027624 41.360058064698684)
SB-110032,110032,Moll Costa,Bus,POINT (2.1726418296127363 41.36391024394272)
SB-110033,110033,Moll Ponent,Bus,POINT (2.175158712097816 41.36919376814686)
SB-110034,110034,Moll Sant Bertran - Moll Barcelona,Bus,POINT (2.1769169351626187 41.37272797603128)
SB-110078,110078,Tram VI - Metro Zona Franca,Bus,POINT (2.146728431735967 41.3431957045301)
SB-110079,110079,Tram VI - Metro Zona Franca,Bus,POINT (2.1469376399651185 41.34319670959823)
SB-110472,110472,Bernat Metge - Narbona,Bus,POINT (2.2122970024428668 41.42057021608172)
SB-110475,110475,Metro Maresme / Fòrum,Bus,POINT (2.216171101455269 41.41148388994609)
SB-110482,110482,Química - Gran Via de les C. C.,Bus,POINT (2.138465296223762 41.36565746294908)
SB-110534,110534,UPC - Campus Diagonal Besòs,Bus,POINT (2.219876720713254 41.41211325292709)
SB-112142,112142,Metro Vall d'Hebron | Sant Genís,Bus,POINT (2.143199426366298 41.42466375005807)
SB-112354,112354,Ctra. del Carmel - Albert Llanas,Bus,POINT (2.1566593385076227 41.416623222159956)
SB-112394,112394,Metro ZAL | Riu Vell,Bus,POINT (2.134053531731291 41.32474878673294)
SB-112403,112403,Service Center,Bus,POINT (2.1363455694596065 41.32232134647822)
SB-112480,112480,Rda. Sant Pere - Pl. Urquinaona,Bus,POINT (2.174744030432922 41.38978761977288)
SB-112526,112526,Collblanc - Sant Ramon Nonat,Bus,POINT (2.117526550409577 41.37581638980031)
SB-112571,112571,Madrazo - Lincoln,Bus,POINT (2.149142146085151 41.40041980069335)
SB-112642,112642,"Gran de Gràcia, 160",Bus,POINT (2.152936029016472 41.402169559453306)
