id,stop_id,name,linia,stop_type,geometry
B-59-2,2,Av Icària - Àlaba,59,Bus,POINT (2.198984998801282 41.393104003754864)
B-H16-2,2,Av Icària - Àlaba,H16,Bus,POINT (2.198984998801282 41.393104003754864)
B-V27-2,2,Av Icària - Àlaba,V27,Bus,POINT (2.198984998801282 41.393104003754864)
B-63-3,3,València - Muntaner,63,Bus,POINT (2.1578909990979396 41.388546000808674)
B-H10-3,3,València - Muntaner,H10,Bus,POINT (2.1578909990979396 41.388546000808674)
B-H10-4,4,Mallorca - Balmes,H10,Bus,POINT (2.1587319985704574 41.3910210013052)
B-H12-7,7,Pl Universitat,H12,Bus,POINT (2.163310002198641 41.385906997198724)
B-52-7,7,Pl Universitat,52,Bus,POINT (2.163310002198641 41.385906997198724)
B-13-8,8,Pl de Carles Buïgas,13,Bus,POINT (2.150117999333274 41.37104500250685)
B-150-8,8,Pl de Carles Buïgas,150,Bus,POINT (2.150117999333274 41.37104500250685)
B-V33-12,12,Llinars - Santander,V33,Bus,POINT (2.207305000530648 41.43475499562166)
B-60-13,13,Sas - Claramunt,60,Bus,POINT (2.204183000631267 41.43759099894411)
B-H8-13,13,Sas - Claramunt,H8,Bus,POINT (2.204183000631267 41.43759099894411)
B-V33-13,13,Sas - Claramunt,V33,Bus,POINT (2.204183000631267 41.43759099894411)
B-133-13,13,Sas - Claramunt,133,Bus,POINT (2.204183000631267 41.43759099894411)
B-60-15,15,Via Favència - Almagro,60,Bus,POINT (2.172054997977336 41.443910002795576)
B-60-16,16,Via Favència - Castor,60,Bus,POINT (2.1701980040345346 41.442689996995604)
B-27-17,17,Les Torres - Mina de la Ciutat,27,Bus,POINT (2.1716099982294024 41.44665200010537)
B-47-18,18,Antonio Machado - E M de Natació,47,Bus,POINT (2.1705049974447705 41.44429500110895)
B-27-20,20,Antonio Machado - Artesania,27,Bus,POINT (2.1708209987695013 41.44438500256856)
B-D40-20,20,Antonio Machado - Artesania,D40,Bus,POINT (2.1708209987695013 41.44438500256856)
B-7-21,21,Palau Reial,7,Bus,POINT (2.116137003046015 41.38559299631731)
B-33-21,21,Palau Reial,33,Bus,POINT (2.116137003046015 41.38559299631731)
B-67-21,21,Palau Reial,67,Bus,POINT (2.116137003046015 41.38559299631731)
B-113-21,21,Palau Reial,113,Bus,POINT (2.116137003046015 41.38559299631731)
B-H6-21,21,Palau Reial,H6,Bus,POINT (2.116137003046015 41.38559299631731)
B-M14-21,21,Palau Reial,M14,Bus,POINT (2.116137003046015 41.38559299631731)
B-175-21,21,Palau Reial,175,Bus,POINT (2.116137003046015 41.38559299631731)
B-22-22,22,Av República Argentina - Vallcarca,22,Bus,POINT (2.14397300571118 41.4113650013362)
B-87-22,22,Av República Argentina - Vallcarca,87,Bus,POINT (2.14397300571118 41.4113650013362)
B-V17-22,22,Av República Argentina - Vallcarca,V17,Bus,POINT (2.14397300571118 41.4113650013362)
B-27-24,24,Ronda Guineueta Vella - Barri Canyelles,27,Bus,POINT (2.165218994958609 41.44432500392026)
B-47-24,24,Ronda Guineueta Vella - Barri Canyelles,47,Bus,POINT (2.165218994958609 41.44432500392026)
B-V27-24,24,Ronda Guineueta Vella - Barri Canyelles,V27,Bus,POINT (2.165218994958609 41.44432500392026)
B-27-25,25,Ronda Guineueta Vella - Escola Deià,27,Bus,POINT (2.1677870058146613 41.444835001400655)
B-47-25,25,Ronda Guineueta Vella - Escola Deià,47,Bus,POINT (2.1677870058146613 41.444835001400655)
B-V27-25,25,Ronda Guineueta Vella - Escola Deià,V27,Bus,POINT (2.1677870058146613 41.444835001400655)
B-V21-27,27,Metro Marina,V21,Bus,POINT (2.18760533049506 41.39442794991222)
B-112-28,28,Hospital Vall d'Hebron,112,Bus,POINT (2.1429920031165883 41.4268919977002)
B-119-28,28,Hospital Vall d'Hebron,119,Bus,POINT (2.1429920031165883 41.4268919977002)
B-185-28,28,Hospital Vall d'Hebron,185,Bus,POINT (2.1429920031165883 41.4268919977002)
B-V17-28,28,Hospital Vall d'Hebron,V17,Bus,POINT (2.1429920031165883 41.4268919977002)
B-76-29,29,Sant Genís dels Agudells - Natzaret,76,Bus,POINT (2.138050002578791 41.4291970016704)
B-19-30,30,Sant Genís dels Agudells,19,Bus,POINT (2.1381450003053604 41.42942999716765)
B-B25-31,31,Llull - Àlaba,B25,Bus,POINT (2.1955200031368363 41.39601999691652)
B-B20-31,31,Llull - Àlaba,B20,Bus,POINT (2.1955200031368363 41.39601999691652)
B-136-31,31,Llull - Àlaba,136,Bus,POINT (2.1955200031368363 41.39601999691652)
B-7-32,32,Metro Glòries,7,Bus,POINT (2.188084289126144 41.40302045927813)
B-H12-32,32,Metro Glòries,H12,Bus,POINT (2.188084289126144 41.40302045927813)
B-V25-32,32,Metro Glòries,V25,Bus,POINT (2.188084289126144 41.40302045927813)
B-X1-32,32,Metro Glòries,X1,Bus,POINT (2.188084289126144 41.40302045927813)
B-H16-34,34,Av Icària - Av Bogatell,H16,Bus,POINT (2.199317998139265 41.39302500168205)
B-V27-34,34,Av Icària - Av Bogatell,V27,Bus,POINT (2.199317998139265 41.39302500168205)
B-V21-36,36,Metro Marina,V21,Bus,POINT (2.1875449941364367 41.39415300216471)
B-6-38,38,Marina - Ribes,6,Bus,POINT (2.1829320058197403 41.39770899748059)
B-54-38,38,Marina - Ribes,54,Bus,POINT (2.1829320058197403 41.39770899748059)
B-V21-38,38,Marina - Ribes,V21,Bus,POINT (2.1829320058197403 41.39770899748059)
B-19-39,39,Pg de Sant Joan - Alí-Bei,19,Bus,POINT (2.1787870054690397 41.392553003918394)
B-54-39,39,Pg de Sant Joan - Alí-Bei,54,Bus,POINT (2.1787870054690397 41.392553003918394)
B-V19-39,39,Pg de Sant Joan - Alí-Bei,V19,Bus,POINT (2.1787870054690397 41.392553003918394)
B-7-41,41,Diagonal - Doctor Fleming,7,Bus,POINT (2.1363220050508174 41.390710003087634)
B-33-41,41,Diagonal - Doctor Fleming,33,Bus,POINT (2.1363220050508174 41.390710003087634)
B-63-41,41,Diagonal - Doctor Fleming,63,Bus,POINT (2.1363220050508174 41.390710003087634)
B-67-41,41,Diagonal - Doctor Fleming,67,Bus,POINT (2.1363220050508174 41.390710003087634)
B-78-41,41,Diagonal - Doctor Fleming,78,Bus,POINT (2.1363220050508174 41.390710003087634)
B-6-42,42,Diagonal - L'Illa Diagonal,6,Bus,POINT (2.133482709741999 41.38959884966507)
B-7-42,42,Diagonal - L'Illa Diagonal,7,Bus,POINT (2.133482709741999 41.38959884966507)
B-33-42,42,Diagonal - L'Illa Diagonal,33,Bus,POINT (2.133482709741999 41.38959884966507)
B-34-42,42,Diagonal - L'Illa Diagonal,34,Bus,POINT (2.133482709741999 41.38959884966507)
B-63-42,42,Diagonal - L'Illa Diagonal,63,Bus,POINT (2.133482709741999 41.38959884966507)
B-67-42,42,Diagonal - L'Illa Diagonal,67,Bus,POINT (2.133482709741999 41.38959884966507)
B-109-43,43,Pg Zona Franca - Foneria,109,Bus,POINT (2.139078999232422 41.3598259993702)
B-V3-43,43,Pg Zona Franca - Foneria,V3,Bus,POINT (2.139078999232422 41.3598259993702)
B-H16-43,43,Pg Zona Franca - Foneria,H16,Bus,POINT (2.139078999232422 41.3598259993702)
B-109-44,44,Pg Zona Franca - Foc,109,Bus,POINT (2.1415390038260873 41.35686299617301)
B-V3-44,44,Pg Zona Franca - Foc,V3,Bus,POINT (2.1415390038260873 41.35686299617301)
B-H16-44,44,Pg Zona Franca - Foc,H16,Bus,POINT (2.1415390038260873 41.35686299617301)
B-27-47,47,Parc Sanitari Pere Virgili,27,Bus,POINT (2.1419290055753337 41.41626700233695)
B-27-48,48,Palau d'Esports Vall d'Hebron,27,Bus,POINT (2.1441649994430696 41.42792000286568)
B-60-48,48,Palau d'Esports Vall d'Hebron,60,Bus,POINT (2.1441649994430696 41.42792000286568)
B-76-48,48,Palau d'Esports Vall d'Hebron,76,Bus,POINT (2.1441649994430696 41.42792000286568)
B-V21-48,48,Palau d'Esports Vall d'Hebron,V21,Bus,POINT (2.1441649994430696 41.42792000286568)
B-H4-48,48,Palau d'Esports Vall d'Hebron,H4,Bus,POINT (2.1441649994430696 41.42792000286568)
B-M19-48,48,Palau d'Esports Vall d'Hebron,M19,Bus,POINT (2.1441649994430696 41.42792000286568)
B-19-51,51,Hospital Vall d'Hebron - Natzaret,19,Bus,POINT (2.138265997037395 41.4293840018422)
B-76-51,51,Hospital Vall d'Hebron - Natzaret,76,Bus,POINT (2.138265997037395 41.4293840018422)
B-V21-52,52,Metro Montbau - Hospital Vall d'Hebron,V21,Bus,POINT (2.144496994140368 41.43014500366116)
B-V11-54,54,Comte d'Urgell - Aragó,V11,Bus,POINT (2.155466994268264 41.384574002126335)
B-7-55,55,Pg de Gràcia - Aragó,7,Bus,POINT (2.165503005376477 41.39179999656287)
B-22-55,55,Pg de Gràcia - Aragó,22,Bus,POINT (2.165503005376477 41.39179999656287)
B-24-55,55,Pg de Gràcia - Aragó,24,Bus,POINT (2.165503005376477 41.39179999656287)
B-V15-55,55,Pg de Gràcia - Aragó,V15,Bus,POINT (2.165503005376477 41.39179999656287)
B-59-56,56,Casanova - Aragó,59,Bus,POINT (2.158016997454297 41.38603899873723)
B-54-58,58,Aribau - Aragó,54,Bus,POINT (2.1600790041403255 41.387898995771614)
B-63-58,58,Aribau - Aragó,63,Bus,POINT (2.1600790041403255 41.387898995771614)
B-67-58,58,Aribau - Aragó,67,Bus,POINT (2.1600790041403255 41.387898995771614)
B-V13-58,58,Aribau - Aragó,V13,Bus,POINT (2.1600790041403255 41.387898995771614)
B-V9-59,59,Entença - Consell de Cent,V9,Bus,POINT (2.150087999115627 41.38008300122494)
B-39-60,60,Llúria - Aragó,39,Bus,POINT (2.1679250003994155 41.39389799940192)
B-47-60,60,Llúria - Aragó,47,Bus,POINT (2.1679250003994155 41.39389799940192)
B-B24-60,60,Llúria - Aragó,B24,Bus,POINT (2.1679250003994155 41.39389799940192)
B-V17-60,60,Llúria - Aragó,V17,Bus,POINT (2.1679250003994155 41.39389799940192)
B-V23-61,61,Independència - Consell de Cent,V23,Bus,POINT (2.1850299976545102 41.40661000177663)
B-6-63,63,Pg de Sant Joan - Aragó,6,Bus,POINT (2.172390995741327 41.39738599883251)
B-19-63,63,Pg de Sant Joan - Aragó,19,Bus,POINT (2.172390995741327 41.39738599883251)
B-V19-63,63,Pg de Sant Joan - Aragó,V19,Bus,POINT (2.172390995741327 41.39738599883251)
B-D50-63,63,Pg de Sant Joan - Aragó,D50,Bus,POINT (2.172390995741327 41.39738599883251)
B-27-65,65,Josep Tarradellas - Francesc Macià,27,Bus,POINT (2.143748997380758 41.39160300194199)
B-H8-65,65,Josep Tarradellas - Francesc Macià,H8,Bus,POINT (2.143748997380758 41.39160300194199)
B-D40-65,65,Josep Tarradellas - Francesc Macià,D40,Bus,POINT (2.143748997380758 41.39160300194199)
B-V9-65,65,Josep Tarradellas - Francesc Macià,V9,Bus,POINT (2.143748997380758 41.39160300194199)
B-124-69,69,Pg Sant Gervasi - Mas Yebra,124,Bus,POINT (2.1381900009495136 41.41210100094163)
B-131-69,69,Pg Sant Gervasi - Mas Yebra,131,Bus,POINT (2.1381900009495136 41.41210100094163)
B-V17-69,69,Pg Sant Gervasi - Mas Yebra,V17,Bus,POINT (2.1381900009495136 41.41210100094163)
B-V15-69,69,Pg Sant Gervasi - Mas Yebra,V15,Bus,POINT (2.1381900009495136 41.41210100094163)
B-H4-69,69,Pg Sant Gervasi - Mas Yebra,H4,Bus,POINT (2.1381900009495136 41.41210100094163)
B-V19-69,69,Pg Sant Gervasi - Mas Yebra,V19,Bus,POINT (2.1381900009495136 41.41210100094163)
B-H2-70,70,Terré - Pl de Benet XV,H2,Bus,POINT (2.1205959994825228 41.40600199728708)
B-123-71,71,Ronda de Dalt - Bellesguard,123,Bus,POINT (2.126512996912636 41.41047899629088)
B-196-71,71,Ronda de Dalt - Bellesguard,196,Bus,POINT (2.126512996912636 41.41047899629088)
B-H2-71,71,Ronda de Dalt - Bellesguard,H2,Bus,POINT (2.126512996912636 41.41047899629088)
B-H2-73,73,Josep Garí - Collserola,H2,Bus,POINT (2.1355860028560474 41.415726000988066)
B-H2-74,74,Benedetti - Ronda de Dalt,H2,Bus,POINT (2.1242560051346184 41.408843999456096)
B-76-82,82,Tamariu - Palamós,76,Bus,POINT (2.185429997506914 41.449495999301725)
B-H2-82,82,Tamariu - Palamós,H2,Bus,POINT (2.185429997506914 41.449495999301725)
B-D50-82,82,Tamariu - Palamós,D50,Bus,POINT (2.185429997506914 41.449495999301725)
B-60-83,83,Via Favència - Aiguablava,60,Bus,POINT (2.1805600045671993 41.446461003457486)
B-B80-84,84,Av Santa Coloma,B80,Bus,POINT (2.2078820051452 41.448184997423674)
B-B15-84,84,Av Santa Coloma,B15,Bus,POINT (2.2078820051452 41.448184997423674)
B-B18-84,84,Av Santa Coloma,B18,Bus,POINT (2.2078820051452 41.448184997423674)
B-V33-84,84,Av Santa Coloma,V33,Bus,POINT (2.2078820051452 41.448184997423674)
B-B80-85,85,Metro Can Peixauet,B80,Bus,POINT (2.209613032818056 41.444932665323726)
B-B15-85,85,Metro Can Peixauet,B15,Bus,POINT (2.209613032818056 41.444932665323726)
B-B18-85,85,Metro Can Peixauet,B18,Bus,POINT (2.209613032818056 41.444932665323726)
B-V33-85,85,Metro Can Peixauet,V33,Bus,POINT (2.209613032818056 41.444932665323726)
B-63-88,88,Torreblanca - Av. Generalitat,63,Bus,POINT (2.0561319986732296 41.37607000425066)
B-63-89,89,Torreblanca - Pla del Vent,63,Bus,POINT (2.061323001557882 41.379198001841225)
B-63-90,90,Torreblanca - Rubió i Tudurí,63,Bus,POINT (2.0589479994810524 41.37776500332549)
B-65-91,91,Av Granvia - Miguel Hernández,65,Bus,POINT (2.1202140014792414 41.352763003890644)
B-LH2-91,91,Av Granvia - Miguel Hernández,LH2,Bus,POINT (2.1202140014792414 41.352763003890644)
B-H12-91,91,Av Granvia - Miguel Hernández,H12,Bus,POINT (2.1202140014792414 41.352763003890644)
B-65-92,92,Pl Europa,65,Bus,POINT (2.126577001850501 41.35835299638062)
B-H12-92,92,Pl Europa,H12,Bus,POINT (2.126577001850501 41.35835299638062)
B-6-94,94,Diagonal - Balmes,6,Bus,POINT (2.1553819990085774 41.39540399875068)
B-33-94,94,Diagonal - Balmes,33,Bus,POINT (2.1553819990085774 41.39540399875068)
B-34-94,94,Diagonal - Balmes,34,Bus,POINT (2.1553819990085774 41.39540399875068)
B-H8-94,94,Diagonal - Balmes,H8,Bus,POINT (2.1553819990085774 41.39540399875068)
B-54-95,95,Gran Via - Balmes,54,Bus,POINT (2.165804005613366 41.38785400043566)
B-H12-95,95,Gran Via - Balmes,H12,Bus,POINT (2.165804005613366 41.38785400043566)
B-52-95,95,Gran Via - Balmes,52,Bus,POINT (2.165804005613366 41.38785400043566)
B-H6-96,96,Mitre - Muntaner,H6,Bus,POINT (2.138465000100013 41.40309499607215)
B-123-97,97,Pg Sant Gervasi - Folgueroles,123,Bus,POINT (2.135209998066093 41.409380003886746)
B-V13-97,97,Pg Sant Gervasi - Folgueroles,V13,Bus,POINT (2.135209998066093 41.409380003886746)
B-63-98,98,València - Balmes,63,Bus,POINT (2.1600810020410814 41.390197995831265)
B-H10-98,98,València - Balmes,H10,Bus,POINT (2.1600810020410814 41.390197995831265)
B-H6-99,99,Mitre - Saragossa,H6,Bus,POINT (2.143469996268997 41.40539799708094)
B-67-100,100,París - Enric Granados,67,Bus,POINT (2.1533920044252164 41.39367900354418)
B-68-103,103,Bisbe Català - Pl Pedralbes,68,Bus,POINT (2.1145089953927267 41.39605799878687)
B-H4-103,103,Bisbe Català - Pl Pedralbes,H4,Bus,POINT (2.1145089953927267 41.39605799878687)
B-33-105,105,Guipúscoa - Bac de Roda,33,Bus,POINT (2.195546997393494 41.414969998564395)
B-H10-105,105,Guipúscoa - Bac de Roda,H10,Bus,POINT (2.195546997393494 41.414969998564395)
B-33-106,106,Guipúscoa - Bac de Roda,33,Bus,POINT (2.1950570006046606 41.41504699913778)
B-H10-106,106,Guipúscoa - Bac de Roda,H10,Bus,POINT (2.1950570006046606 41.41504699913778)
B-65-108,108,Pl Espanya - FGC,65,Bus,POINT (2.1471761999103136 41.373762229350035)
B-109-108,108,Pl Espanya - FGC,109,Bus,POINT (2.1471761999103136 41.373762229350035)
B-H12-108,108,Pl Espanya - FGC,H12,Bus,POINT (2.1471761999103136 41.373762229350035)
B-H16-108,108,Pl Espanya - FGC,H16,Bus,POINT (2.1471761999103136 41.373762229350035)
B-59-109,109,Numància - Marquès de Sentmenat,59,Bus,POINT (2.1374559943286395 41.38460700158861)
B-78-109,109,Numància - Marquès de Sentmenat,78,Bus,POINT (2.1374559943286395 41.38460700158861)
B-H8-109,109,Numància - Marquès de Sentmenat,H8,Bus,POINT (2.1374559943286395 41.38460700158861)
B-78-110,110,Nicaragua - Josep Tarradellas,78,Bus,POINT (2.1418360054738814 41.38290299590532)
B-V7-110,110,Nicaragua - Josep Tarradellas,V7,Bus,POINT (2.1418360054738814 41.38290299590532)
B-96-111,111,Pl del Bosc,96,Bus,POINT (2.1839060020949295 41.46958900121556)
B-96-112,112,Bifurcació - del Molí,96,Bus,POINT (2.1834160050467863 41.471804997608245)
B-96-113,113,Bifurcació - Pl Sant Joan,96,Bus,POINT (2.1809089197049527 41.469700380335546)
B-96-114,114,Bifurcació - Ctra Nacional 152,96,Bus,POINT (2.1789617796236818 41.46693095971647)
B-96-115,115,Ctra Nacional 152 - Bifurcació,96,Bus,POINT (2.178990994953336 41.4670710025809)
B-96-116,116,Vinyes - Pont,96,Bus,POINT (2.1807940028310764 41.469156998377834)
B-96-117,117,Av de la Ribera - Pl de la Ribera,96,Bus,POINT (2.189037549512556 41.47698690974675)
B-22-118,118,Bolívar - Ballester,22,Bus,POINT (2.147711996838646 41.409253999672046)
B-87-118,118,Bolívar - Ballester,87,Bus,POINT (2.147711996838646 41.409253999672046)
B-V17-118,118,Bolívar - Ballester,V17,Bus,POINT (2.147711996838646 41.409253999672046)
B-27-119,119,Av de Vallcarca - Pl Lesseps,27,Bus,POINT (2.1489510029833183 41.40859799658633)
B-87-119,119,Av de Vallcarca - Pl Lesseps,87,Bus,POINT (2.1489510029833183 41.40859799658633)
B-27-120,120,Av Riera de Cassoles - Rambla de Prat,27,Bus,POINT (2.1512299950951532 41.4015260008447)
B-D40-120,120,Av Riera de Cassoles - Rambla de Prat,D40,Bus,POINT (2.1512299950951532 41.4015260008447)
B-19-123,123,Arc de Triomf,19,Bus,POINT (2.1787179980896663 41.39127400400647)
B-B25-123,123,Arc de Triomf,B25,Bus,POINT (2.1787179980896663 41.39127400400647)
B-B20-123,123,Arc de Triomf,B20,Bus,POINT (2.1787179980896663 41.39127400400647)
B-V17-123,123,Arc de Triomf,V17,Bus,POINT (2.1787179980896663 41.39127400400647)
B-H16-123,123,Arc de Triomf,H16,Bus,POINT (2.1787179980896663 41.39127400400647)
B-7-125,125,Metro Tetuan,7,Bus,POINT (2.1742190011435536 41.393789999271355)
B-H12-125,125,Metro Tetuan,H12,Bus,POINT (2.1742190011435536 41.393789999271355)
B-D50-125,125,Metro Tetuan,D50,Bus,POINT (2.1742190011435536 41.393789999271355)
B-X1-125,125,Metro Tetuan,X1,Bus,POINT (2.1742190011435536 41.393789999271355)
B-B24-126,126,Mercat de la Concepció,B24,Bus,POINT (2.1691089979307705 41.39698800246433)
B-H10-126,126,Mercat de la Concepció,H10,Bus,POINT (2.1691089979307705 41.39698800246433)
B-H4-127,127,Segre - Pl de Can Fabra,H4,Bus,POINT (2.191862004653198 41.435138004133414)
B-V31-127,127,Segre - Pl de Can Fabra,V31,Bus,POINT (2.191862004653198 41.435138004133414)
B-126-128,128,Segre - Pl Orfila,126,Bus,POINT (2.191468004520367 41.435750002654935)
B-133-128,128,Segre - Pl Orfila,133,Bus,POINT (2.191468004520367 41.435750002654935)
B-27-129,129,Av de Vallcarca - Ballester,27,Bus,POINT (2.147621002678155 41.409625000799856)
B-V17-130,130,Pg Lluís Companys - Parc de la Ciutadella,V17,Bus,POINT (2.183527995902255 41.389500996126046)
B-H16-130,130,Pg Lluís Companys - Parc de la Ciutadella,H16,Bus,POINT (2.183527995902255 41.389500996126046)
B-V19-130,130,Pg Lluís Companys - Parc de la Ciutadella,V19,Bus,POINT (2.183527995902255 41.389500996126046)
B-68-133,133,Via Augusta - Pau Alcover,68,Bus,POINT (2.12593400132568 41.39843099778637)
B-V7-133,133,Via Augusta - Pau Alcover,V7,Bus,POINT (2.12593400132568 41.39843099778637)
B-68-134,134,Pg Bonanova,68,Bus,POINT (2.1240379955583917 41.39994300399216)
B-V7-134,134,Pg Bonanova,V7,Bus,POINT (2.1240379955583917 41.39994300399216)
B-27-136,136,Josep Tarradellas - Av de Sarrià,27,Bus,POINT (2.144052998054572 41.39095800311765)
B-59-136,136,Josep Tarradellas - Av de Sarrià,59,Bus,POINT (2.144052998054572 41.39095800311765)
B-D40-136,136,Josep Tarradellas - Av de Sarrià,D40,Bus,POINT (2.144052998054572 41.39095800311765)
B-13-137,137,Floridablanca - Viladomat,13,Bus,POINT (2.1581579970053095 41.37817100225228)
B-55-137,137,Floridablanca - Viladomat,55,Bus,POINT (2.1581579970053095 41.37817100225228)
B-91-137,137,Floridablanca - Viladomat,91,Bus,POINT (2.1581579970053095 41.37817100225228)
B-120-137,137,Floridablanca - Viladomat,120,Bus,POINT (2.1581579970053095 41.37817100225228)
B-H16-137,137,Floridablanca - Viladomat,H16,Bus,POINT (2.1581579970053095 41.37817100225228)
B-109-138,138,València - Comte d'Urgell,109,Bus,POINT (2.154537005318992 41.38602000275879)
B-H10-138,138,València - Comte d'Urgell,H10,Bus,POINT (2.154537005318992 41.38602000275879)
B-V11-138,138,València - Comte d'Urgell,V11,Bus,POINT (2.154537005318992 41.38602000275879)
B-109-139,139,Mallorca - Comte d'Urgell,109,Bus,POINT (2.1531190008859338 41.38679100315257)
B-H10-139,139,Mallorca - Comte d'Urgell,H10,Bus,POINT (2.1531190008859338 41.38679100315257)
B-D20-140,140,Paral·lel - Ronda Sant Pau,D20,Bus,POINT (2.1671709990510752 41.37506200297803)
B-39-146,146,Rosselló - Bruc,39,Bus,POINT (2.1637439960838596 41.39807499904345)
B-47-146,146,Rosselló - Bruc,47,Bus,POINT (2.1637439960838596 41.39807499904345)
B-114-146,146,Rosselló - Bruc,114,Bus,POINT (2.1637439960838596 41.39807499904345)
B-H8-146,146,Rosselló - Bruc,H8,Bus,POINT (2.1637439960838596 41.39807499904345)
B-19-148,148,Ronda Sant Pere - Girona,19,Bus,POINT (2.1759619972233786 41.39024899863415)
B-V17-148,148,Ronda Sant Pere - Girona,V17,Bus,POINT (2.1759619972233786 41.39024899863415)
B-H16-148,148,Ronda Sant Pere - Girona,H16,Bus,POINT (2.1759619972233786 41.39024899863415)
B-D50-148,148,Ronda Sant Pere - Girona,D50,Bus,POINT (2.1759619972233786 41.39024899863415)
B-7-149,149,Gran Via - Llúria,7,Bus,POINT (2.171674994015393 41.39187000410936)
B-H12-149,149,Gran Via - Llúria,H12,Bus,POINT (2.171674994015393 41.39187000410936)
B-D50-149,149,Gran Via - Llúria,D50,Bus,POINT (2.171674994015393 41.39187000410936)
B-67-151,151,Av de Cornellà - Montesa,67,Bus,POINT (2.081108999461549 41.36964100075764)
B-68-151,151,Av de Cornellà - Montesa,68,Bus,POINT (2.081108999461549 41.36964100075764)
B-78-151,151,Av de Cornellà - Montesa,78,Bus,POINT (2.081108999461549 41.36964100075764)
B-96-152,152,Rambla dels Països Catalans - Ptge Formentera,96,Bus,POINT (2.184904991624005 41.49151836892647)
B-132-154,154,Pg Valldaura - Pg Andreu Nin,132,Bus,POINT (2.1825029988264624 41.43928000004163)
B-H4-154,154,Pg Valldaura - Pg Andreu Nin,H4,Bus,POINT (2.1825029988264624 41.43928000004163)
B-M19-154,154,Pg Valldaura - Pg Andreu Nin,M19,Bus,POINT (2.1825029988264624 41.43928000004163)
B-V27-156,156,Espronceda - Pl Islàndia,V27,Bus,POINT (2.1882439968188216 41.417606001087705)
B-60-159,159,Caracas - Potosí,60,Bus,POINT (2.2026929940039954 41.44406000174283)
B-V33-159,159,Caracas - Potosí,V33,Bus,POINT (2.2026929940039954 41.44406000174283)
B-133-159,159,Caracas - Potosí,133,Bus,POINT (2.2026929940039954 41.44406000174283)
B-70-160,160,Badal - Canalejas,70,Bus,POINT (2.1310359983789278 41.373488996886486)
B-70-161,161,Badal - Casteràs,70,Bus,POINT (2.1304559958262486 41.37504899629185)
B-34-162,162,Sagrera - Múrcia,34,Bus,POINT (2.191487994007996 41.417652002246285)
B-B24-162,162,Sagrera - Múrcia,B24,Bus,POINT (2.191487994007996 41.417652002246285)
B-M14-163,163,Pl. d'Amalvígia,M14,Bus,POINT (2.108489995848995 41.352446002990725)
B-19-164,164,Santa Rosalia - Besòs,19,Bus,POINT (2.146679001016752 41.42168999614823)
B-119-164,164,Santa Rosalia - Besòs,119,Bus,POINT (2.146679001016752 41.42168999614823)
B-H2-164,164,Santa Rosalia - Besòs,H2,Bus,POINT (2.146679001016752 41.42168999614823)
B-63-165,165,València - Villarroel,63,Bus,POINT (2.155607996359519 41.38683100352833)
B-H10-166,166,Mallorca - Muntaner,H10,Bus,POINT (2.1567210034169846 41.38951199895145)
B-59-167,167,Gran Via - Casanova,59,Bus,POINT (2.160999005294107 41.38425000091652)
B-H12-167,167,Gran Via - Casanova,H12,Bus,POINT (2.160999005294107 41.38425000091652)
B-52-167,167,Gran Via - Casanova,52,Bus,POINT (2.160999005294107 41.38425000091652)
B-6-168,168,Diagonal - Francesc Macià,6,Bus,POINT (2.146355004332398 41.393117997108945)
B-7-168,168,Diagonal - Francesc Macià,7,Bus,POINT (2.146355004332398 41.393117997108945)
B-33-168,168,Diagonal - Francesc Macià,33,Bus,POINT (2.146355004332398 41.393117997108945)
B-34-168,168,Diagonal - Francesc Macià,34,Bus,POINT (2.146355004332398 41.393117997108945)
B-H8-168,168,Diagonal - Francesc Macià,H8,Bus,POINT (2.146355004332398 41.393117997108945)
B-54-171,171,París - Casanova,54,Bus,POINT (2.149973999789219 41.39110099768703)
B-67-171,171,París - Casanova,67,Bus,POINT (2.149973999789219 41.39110099768703)
B-68-171,171,París - Casanova,68,Bus,POINT (2.149973999789219 41.39110099768703)
B-63-172,172,Av. Pedralbes - Cavallers,63,Bus,POINT (2.1152409993752976 41.39305399572439)
B-78-172,172,Av. Pedralbes - Cavallers,78,Bus,POINT (2.1152409993752976 41.39305399572439)
B-V5-172,172,Av. Pedralbes - Cavallers,V5,Bus,POINT (2.1152409993752976 41.39305399572439)
B-59-173,173,Villarroel - Aragó,59,Bus,POINT (2.156551004988856 41.38529099740502)
B-141-173,173,Villarroel - Aragó,141,Bus,POINT (2.156551004988856 41.38529099740502)
B-V11-173,173,Villarroel - Aragó,V11,Bus,POINT (2.156551004988856 41.38529099740502)
B-39-174,174,Pau Claris - Aragó,39,Bus,POINT (2.1669889982216 41.392751003354)
B-47-174,174,Pau Claris - Aragó,47,Bus,POINT (2.1669889982216 41.392751003354)
B-B24-174,174,Pau Claris - Aragó,B24,Bus,POINT (2.1669889982216 41.392751003354)
B-V17-174,174,Pau Claris - Aragó,V17,Bus,POINT (2.1669889982216 41.392751003354)
B-7-175,175,Balmes - Aragó,7,Bus,POINT (2.1623999953168203 41.38938000377548)
B-63-175,175,Balmes - Aragó,63,Bus,POINT (2.1623999953168203 41.38938000377548)
B-67-175,175,Balmes - Aragó,67,Bus,POINT (2.1623999953168203 41.38938000377548)
B-V15-175,175,Balmes - Aragó,V15,Bus,POINT (2.1623999953168203 41.38938000377548)
B-D20-179,179,Sants - Gayarre,D20,Bus,POINT (2.1396619983457645 41.375257000756086)
B-V5-179,179,Sants - Gayarre,V5,Bus,POINT (2.1396619983457645 41.375257000756086)
B-52-179,179,Sants - Gayarre,52,Bus,POINT (2.1396619983457645 41.375257000756086)
B-D20-180,180,Creu Coberta - Pl Espanya,D20,Bus,POINT (2.1475369954916723 41.375222003899644)
B-52-180,180,Creu Coberta - Pl Espanya,52,Bus,POINT (2.1475369954916723 41.375222003899644)
B-D20-181,181,Metro Hostafrancs,D20,Bus,POINT (2.1445629959605297 41.37528100108431)
B-52-181,181,Metro Hostafrancs,52,Bus,POINT (2.1445629959605297 41.37528100108431)
B-22-182,182,Pg de Gràcia - Consell de Cent,22,Bus,POINT (2.1654300031081006 41.39161500244255)
B-24-182,182,Pg de Gràcia - Consell de Cent,24,Bus,POINT (2.1654300031081006 41.39161500244255)
B-65-183,183,Gran Via - Ildefons Cerdà,65,Bus,POINT (2.136560005549156 41.365825999607644)
B-109-183,183,Gran Via - Ildefons Cerdà,109,Bus,POINT (2.136560005549156 41.365825999607644)
B-H12-183,183,Gran Via - Ildefons Cerdà,H12,Bus,POINT (2.136560005549156 41.365825999607644)
B-H16-183,183,Gran Via - Ildefons Cerdà,H16,Bus,POINT (2.136560005549156 41.365825999607644)
B-65-185,185,Av Granvia - Bloc I. Cerdà,65,Bus,POINT (2.131960005362083 41.36178200326694)
B-H12-185,185,Av Granvia - Bloc I. Cerdà,H12,Bus,POINT (2.131960005362083 41.36178200326694)
B-39-187,187,Escorial - Clínica Nostra Senyora del Remei,39,Bus,POINT (2.1590310009630698 41.40980399586584)
B-116-187,187,Escorial - Clínica Nostra Senyora del Remei,116,Bus,POINT (2.1590310009630698 41.40980399586584)
B-60-189,189,Via Favència - Trinitat Nova,60,Bus,POINT (2.1842139951240584 41.44682499574868)
B-V27-191,191,Bac de Roda - Cristóbal de Moura,V27,Bus,POINT (2.203268995755724 41.40815199631737)
B-V31-193,193,Rambla Prim - Cristóbal de Moura,V31,Bus,POINT (2.2124399988928047 41.41615600119529)
B-136-193,193,Rambla Prim - Cristóbal de Moura,136,Bus,POINT (2.2124399988928047 41.41615600119529)
B-B21-194,194,Sant Joan Baptista,B21,Bus,POINT (2.225047956647659 41.42742147127402)
B-B23-194,194,Sant Joan Baptista,B23,Bus,POINT (2.225047956647659 41.42742147127402)
B-V3-195,195,Can Caralleu,V3,Bus,POINT (2.111630002891496 41.40196900279586)
B-130-198,198,Camí de Can Caralleu - Ronda de Dalt,130,Bus,POINT (2.1143630020773196 41.40183699943648)
B-H2-198,198,Camí de Can Caralleu - Ronda de Dalt,H2,Bus,POINT (2.1143630020773196 41.40183699943648)
B-23-199,199,Pg Zona Franca - Cisell,23,Bus,POINT (2.1429759985374326 41.35439599976107)
B-109-199,199,Pg Zona Franca - Cisell,109,Bus,POINT (2.1429759985374326 41.35439599976107)
B-V3-199,199,Pg Zona Franca - Cisell,V3,Bus,POINT (2.1429759985374326 41.35439599976107)
B-H16-199,199,Pg Zona Franca - Cisell,H16,Bus,POINT (2.1429759985374326 41.35439599976107)
B-23-200,200,Pg Zona Franca - Motors,23,Bus,POINT (2.145338998129743 41.351695002812086)
B-109-200,200,Pg Zona Franca - Motors,109,Bus,POINT (2.145338998129743 41.351695002812086)
B-V3-200,200,Pg Zona Franca - Motors,V3,Bus,POINT (2.145338998129743 41.351695002812086)
B-63-203,203,Jutjats de Pau,63,Bus,POINT (2.0730059986436062 41.385091997668496)
B-157-203,203,Jutjats de Pau,157,Bus,POINT (2.0730059986436062 41.385091997668496)
B-55-204,204,Floridablanca - Av Mistral,55,Bus,POINT (2.156056005428932 41.37657700065967)
B-91-204,204,Floridablanca - Av Mistral,91,Bus,POINT (2.156056005428932 41.37657700065967)
B-H16-204,204,Floridablanca - Av Mistral,H16,Bus,POINT (2.156056005428932 41.37657700065967)
B-141-205,205,Calàbria - Floridablanca,141,Bus,POINT (2.1570880016038148 41.37821099911567)
B-H12-206,206,Gran Via - Calàbria,H12,Bus,POINT (2.1555120045282536 41.38011999977864)
B-52-206,206,Gran Via - Calàbria,52,Bus,POINT (2.1555120045282536 41.38011999977864)
B-109-207,207,Mallorca - Viladomat,109,Bus,POINT (2.1500580059512746 41.384497001170175)
B-H10-207,207,Mallorca - Viladomat,H10,Bus,POINT (2.1500580059512746 41.384497001170175)
B-54-208,208,París - Viladomat,54,Bus,POINT (2.1454930016501224 41.387721997938534)
B-141-208,208,París - Viladomat,141,Bus,POINT (2.1454930016501224 41.387721997938534)
B-D20-209,209,Paral·lel - Marquès de Campo Sagrado,D20,Bus,POINT (2.1637200040836833 41.375096000721726)
B-47-211,211,Via Laietana - Comtal,47,Bus,POINT (2.174463001930526 41.38709200253734)
B-59-211,211,Via Laietana - Comtal,59,Bus,POINT (2.174463001930526 41.38709200253734)
B-V15-211,211,Via Laietana - Comtal,V15,Bus,POINT (2.174463001930526 41.38709200253734)
B-19-212,212,Indústria - Independència,19,Bus,POINT (2.1784749999664554 41.41260699677004)
B-47-212,212,Indústria - Independència,47,Bus,POINT (2.1784749999664554 41.41260699677004)
B-117-212,212,Indústria - Independència,117,Bus,POINT (2.1784749999664554 41.41260699677004)
B-H8-212,212,Indústria - Independència,H8,Bus,POINT (2.1784749999664554 41.41260699677004)
B-D50-212,212,Indústria - Independència,D50,Bus,POINT (2.1784749999664554 41.41260699677004)
B-39-213,213,Pg de Sant Joan - Còrsega,39,Bus,POINT (2.165947629935785 41.4024280399149)
B-47-213,213,Pg de Sant Joan - Còrsega,47,Bus,POINT (2.165947629935785 41.4024280399149)
B-114-213,213,Pg de Sant Joan - Còrsega,114,Bus,POINT (2.165947629935785 41.4024280399149)
B-H8-213,213,Pg de Sant Joan - Còrsega,H8,Bus,POINT (2.165947629935785 41.4024280399149)
B-V19-213,213,Pg de Sant Joan - Còrsega,V19,Bus,POINT (2.165947629935785 41.4024280399149)
B-59-214,214,Casanova - Hospital Clínic,59,Bus,POINT (2.152571002234539 41.39043899771348)
B-63-214,214,Casanova - Hospital Clínic,63,Bus,POINT (2.152571002234539 41.39043899771348)
B-V11-214,214,Casanova - Hospital Clínic,V11,Bus,POINT (2.152571002234539 41.39043899771348)
B-19-216,216,Padilla - Provença,19,Bus,POINT (2.1762244094290444 41.40649654928444)
B-V21-216,216,Padilla - Provença,V21,Bus,POINT (2.1762244094290444 41.40649654928444)
B-27-217,217,Josep Tarradellas - Rosselló,27,Bus,POINT (2.142700996420627 41.382887996901545)
B-D40-217,217,Josep Tarradellas - Rosselló,D40,Bus,POINT (2.142700996420627 41.382887996901545)
B-114-218,218,Torrent de l'Olla - Penedès,114,Bus,POINT (2.1587270035470096 41.40091500321957)
B-114-219,219,Torrent de l'Olla - Còrsega,114,Bus,POINT (2.160995003417366 41.398687996726466)
B-V23-220,220,Independència - Freser,V23,Bus,POINT (2.179502998066063 41.41080900025288)
B-D50-220,220,Independència - Freser,D50,Bus,POINT (2.179502998066063 41.41080900025288)
B-7-221,221,Balmes - Rosselló,7,Bus,POINT (2.1568830035766244 41.39356000371346)
B-67-221,221,Balmes - Rosselló,67,Bus,POINT (2.1568830035766244 41.39356000371346)
B-V15-221,221,Balmes - Rosselló,V15,Bus,POINT (2.1568830035766244 41.39356000371346)
B-V13-222,222,Aribau - Còrsega,V13,Bus,POINT (2.1543190048548486 41.39224899870528)
B-117-224,224,Dos de Maig - Indústria,117,Bus,POINT (2.1769390045206656 41.410830004230284)
B-39-226,226,Pau Claris - Gran Via,39,Bus,POINT (2.1693740045466305 41.390946000440834)
B-47-226,226,Pau Claris - Gran Via,47,Bus,POINT (2.1693740045466305 41.390946000440834)
B-B24-226,226,Pau Claris - Gran Via,B24,Bus,POINT (2.1693740045466305 41.390946000440834)
B-V17-226,226,Pau Claris - Gran Via,V17,Bus,POINT (2.1693740045466305 41.390946000440834)
B-6-227,227,Marina - Ausiàs Marc,6,Bus,POINT (2.1843228492803943 41.39690290981445)
B-V21-227,227,Marina - Ausiàs Marc,V21,Bus,POINT (2.1843228492803943 41.39690290981445)
B-39-230,230,Llúria - Urquinaona,39,Bus,POINT (2.1728369996082826 41.39018699711523)
B-47-230,230,Llúria - Urquinaona,47,Bus,POINT (2.1728369996082826 41.39018699711523)
B-B24-230,230,Llúria - Urquinaona,B24,Bus,POINT (2.1728369996082826 41.39018699711523)
B-B25-230,230,Llúria - Urquinaona,B25,Bus,POINT (2.1728369996082826 41.39018699711523)
B-B20-230,230,Llúria - Urquinaona,B20,Bus,POINT (2.1728369996082826 41.39018699711523)
B-V17-230,230,Llúria - Urquinaona,V17,Bus,POINT (2.1728369996082826 41.39018699711523)
B-27-231,231,Ronda Guineueta Vella - Antonio Machado,27,Bus,POINT (2.1620560021833697 41.44153699903565)
B-47-231,231,Ronda Guineueta Vella - Antonio Machado,47,Bus,POINT (2.1620560021833697 41.44153699903565)
B-V27-231,231,Ronda Guineueta Vella - Antonio Machado,V27,Bus,POINT (2.1620560021833697 41.44153699903565)
B-182-231,231,Ronda Guineueta Vella - Antonio Machado,182,Bus,POINT (2.1620560021833697 41.44153699903565)
B-27-232,232,Pl Karl Marx - Pg Vall d'Hebron,27,Bus,POINT (2.1617210038494017 41.440676997446936)
B-60-232,232,Pl Karl Marx - Pg Vall d'Hebron,60,Bus,POINT (2.1617210038494017 41.440676997446936)
B-76-232,232,Pl Karl Marx - Pg Vall d'Hebron,76,Bus,POINT (2.1617210038494017 41.440676997446936)
B-185-232,232,Pl Karl Marx - Pg Vall d'Hebron,185,Bus,POINT (2.1617210038494017 41.440676997446936)
B-H4-232,232,Pl Karl Marx - Pg Vall d'Hebron,H4,Bus,POINT (2.1617210038494017 41.440676997446936)
B-M19-232,232,Pl Karl Marx - Pg Vall d'Hebron,M19,Bus,POINT (2.1617210038494017 41.440676997446936)
B-19-233,233,Sant Antoni Maria Claret - Independència,19,Bus,POINT (2.176982002458418 41.41325699749608)
B-47-233,233,Sant Antoni Maria Claret - Independència,47,Bus,POINT (2.176982002458418 41.41325699749608)
B-117-233,233,Sant Antoni Maria Claret - Independència,117,Bus,POINT (2.176982002458418 41.41325699749608)
B-192-233,233,Sant Antoni Maria Claret - Independència,192,Bus,POINT (2.176982002458418 41.41325699749608)
B-H8-233,233,Sant Antoni Maria Claret - Independència,H8,Bus,POINT (2.176982002458418 41.41325699749608)
B-V23-233,233,Sant Antoni Maria Claret - Independència,V23,Bus,POINT (2.176982002458418 41.41325699749608)
B-D50-233,233,Sant Antoni Maria Claret - Independència,D50,Bus,POINT (2.176982002458418 41.41325699749608)
B-191-233,233,Sant Antoni Maria Claret - Independència,191,Bus,POINT (2.176982002458418 41.41325699749608)
B-33-234,234,Mallorca - Dos de Maig,33,Bus,POINT (2.180416997838099 41.40731100157042)
B-34-234,234,Mallorca - Dos de Maig,34,Bus,POINT (2.180416997838099 41.40731100157042)
B-H10-234,234,Mallorca - Dos de Maig,H10,Bus,POINT (2.180416997838099 41.40731100157042)
B-V23-234,234,Mallorca - Dos de Maig,V23,Bus,POINT (2.180416997838099 41.40731100157042)
B-D50-234,234,Mallorca - Dos de Maig,D50,Bus,POINT (2.180416997838099 41.40731100157042)
B-B24-236,236,Aragó - Enamorats,B24,Bus,POINT (2.1829550054294886 41.405833999623475)
B-X1-236,236,Aragó - Enamorats,X1,Bus,POINT (2.1829550054294886 41.405833999623475)
B-7-237,237,Diagonal - Pl Reina Maria Cristina,7,Bus,POINT (2.1274302594852137 41.38848222996782)
B-33-237,237,Diagonal - Pl Reina Maria Cristina,33,Bus,POINT (2.1274302594852137 41.38848222996782)
B-63-237,237,Diagonal - Pl Reina Maria Cristina,63,Bus,POINT (2.1274302594852137 41.38848222996782)
B-67-237,237,Diagonal - Pl Reina Maria Cristina,67,Bus,POINT (2.1274302594852137 41.38848222996782)
B-78-237,237,Diagonal - Pl Reina Maria Cristina,78,Bus,POINT (2.1274302594852137 41.38848222996782)
B-V5-237,237,Diagonal - Pl Reina Maria Cristina,V5,Bus,POINT (2.1274302594852137 41.38848222996782)
B-M14-237,237,Diagonal - Pl Reina Maria Cristina,M14,Bus,POINT (2.1274302594852137 41.38848222996782)
B-175-237,237,Diagonal - Pl Reina Maria Cristina,175,Bus,POINT (2.1274302594852137 41.38848222996782)
B-112-238,238,Sinaí,112,Bus,POINT (2.138359005336534 41.42484800226422)
B-6-239,239,Manuel Girona - Carles III,6,Bus,POINT (2.128123000169094 41.39212699946447)
B-34-239,239,Manuel Girona - Carles III,34,Bus,POINT (2.128123000169094 41.39212699946447)
B-70-239,239,Manuel Girona - Carles III,70,Bus,POINT (2.128123000169094 41.39212699946447)
B-H6-239,239,Manuel Girona - Carles III,H6,Bus,POINT (2.128123000169094 41.39212699946447)
B-V3-239,239,Manuel Girona - Carles III,V3,Bus,POINT (2.128123000169094 41.39212699946447)
B-V21-241,241,Arquitectura - Àngel Marquès,V21,Bus,POINT (2.1411860049993883 41.429314997242926)
B-19-243,243,Av Gaudí - Castillejos,19,Bus,POINT (2.1734800005739268 41.41061999558079)
B-47-243,243,Av Gaudí - Castillejos,47,Bus,POINT (2.1734800005739268 41.41061999558079)
B-H8-243,243,Av Gaudí - Castillejos,H8,Bus,POINT (2.1734800005739268 41.41061999558079)
B-33-244,244,València - Padilla,33,Bus,POINT (2.1794030040791723 41.40468800050055)
B-34-244,244,València - Padilla,34,Bus,POINT (2.1794030040791723 41.40468800050055)
B-B24-244,244,València - Padilla,B24,Bus,POINT (2.1794030040791723 41.40468800050055)
B-H10-244,244,València - Padilla,H10,Bus,POINT (2.1794030040791723 41.40468800050055)
B-D50-244,244,València - Padilla,D50,Bus,POINT (2.1794030040791723 41.40468800050055)
B-39-245,245,Pl de la Font Castellana,39,Bus,POINT (2.1668819966814685 41.41516400138154)
B-D40-245,245,Pl de la Font Castellana,D40,Bus,POINT (2.1668819966814685 41.41516400138154)
B-114-246,246,Camèlies - Abd el-Kader,114,Bus,POINT (2.164368000707267 41.413863997663)
B-7-247,247,Metro Glòries,7,Bus,POINT (2.1870925597179918 41.402431089947754)
B-H12-247,247,Metro Glòries,H12,Bus,POINT (2.1870925597179918 41.402431089947754)
B-67-250,250,Diagonal - Manuel Ballbé,67,Bus,POINT (2.1100760101783558 41.384080219994516)
B-M14-250,250,Diagonal - Manuel Ballbé,M14,Bus,POINT (2.1100760101783558 41.384080219994516)
B-67-251,251,Diagonal - Parc de Cervantes,67,Bus,POINT (2.108386005547379 41.38363100196348)
B-120-252,252,Portal de la Pau,120,Bus,POINT (2.1785409965971176 41.37669500026655)
B-D20-252,252,Portal de la Pau,D20,Bus,POINT (2.1785409965971176 41.37669500026655)
B-H14-252,252,Portal de la Pau,H14,Bus,POINT (2.1785409965971176 41.37669500026655)
B-120-253,253,Moll de la Fusta,120,Bus,POINT (2.180277998213883 41.378844999791646)
B-D20-253,253,Moll de la Fusta,D20,Bus,POINT (2.180277998213883 41.378844999791646)
B-H14-253,253,Moll de la Fusta,H14,Bus,POINT (2.180277998213883 41.378844999791646)
B-120-254,254,Pg Colom - Via Laietana,120,Bus,POINT (2.1819211197441337 41.38088678952919)
B-D20-254,254,Pg Colom - Via Laietana,D20,Bus,POINT (2.1819211197441337 41.38088678952919)
B-H14-254,254,Pg Colom - Via Laietana,H14,Bus,POINT (2.1819211197441337 41.38088678952919)
B-D20-255,255,Pg Colom - Via Laietana,D20,Bus,POINT (2.181714688944227 41.38074582939776)
B-H14-255,255,Pg Colom - Via Laietana,H14,Bus,POINT (2.181714688944227 41.38074582939776)
B-D20-256,256,Moll de la Fusta,D20,Bus,POINT (2.1803789962424123 41.37909800203089)
B-H14-256,256,Moll de la Fusta,H14,Bus,POINT (2.1803789962424123 41.37909800203089)
B-D20-257,257,Portal de la Pau,D20,Bus,POINT (2.178442000321652 41.37670000428282)
B-H14-257,257,Portal de la Pau,H14,Bus,POINT (2.178442000321652 41.37670000428282)
B-60-258,258,Pg Santa Coloma - Pg Torras i Bages,60,Bus,POINT (2.1891610006157576 41.444686002371654)
B-V31-258,258,Pg Santa Coloma - Pg Torras i Bages,V31,Bus,POINT (2.1891610006157576 41.444686002371654)
B-62-259,259,Ctra Nacional 152 - Av l'Alzinar,62,Bus,POINT (2.183157006004366 41.46090999628797)
B-96-259,259,Ctra Nacional 152 - Av l'Alzinar,96,Bus,POINT (2.183157006004366 41.46090999628797)
B-104-259,259,Ctra Nacional 152 - Av l'Alzinar,104,Bus,POINT (2.183157006004366 41.46090999628797)
B-131-261,261,Pg Sant Gervasi - Pl Kennedy,131,Bus,POINT (2.137659005184857 41.410352996996515)
B-H4-261,261,Pg Sant Gervasi - Pl Kennedy,H4,Bus,POINT (2.137659005184857 41.410352996996515)
B-V17-262,262,Av República Argentina - Baixada Gomis,V17,Bus,POINT (2.1424360016088544 41.411608997904416)
B-V19-262,262,Av República Argentina - Baixada Gomis,V19,Bus,POINT (2.1424360016088544 41.411608997904416)
B-54-263,263,Av Madrid - Arizala,54,Bus,POINT (2.1251509993954953 41.37704199796619)
B-175-263,263,Av Madrid - Arizala,175,Bus,POINT (2.1251509993954953 41.37704199796619)
B-13-264,264,Av Ferrer i Guàrdia - Mèxic,13,Bus,POINT (2.149874999401543 41.37116799784746)
B-150-264,264,Av Ferrer i Guàrdia - Mèxic,150,Bus,POINT (2.149874999401543 41.37116799784746)
B-13-265,265,Poble Espanyol,13,Bus,POINT (2.146282996917801 41.369413004040155)
B-23-265,265,Poble Espanyol,23,Bus,POINT (2.146282996917801 41.369413004040155)
B-150-265,265,Poble Espanyol,150,Bus,POINT (2.146282996917801 41.369413004040155)
B-22-266,266,Gran Vista - Doctor Bové,22,Bus,POINT (2.1581980014883317 41.419148004349964)
B-119-266,266,Gran Vista - Doctor Bové,119,Bus,POINT (2.1581980014883317 41.419148004349964)
B-24-267,267,Doctor Bové - Penyal,24,Bus,POINT (2.162703997636673 41.42106300357845)
B-24-268,268,Doctor Bové - Gran Vista,24,Bus,POINT (2.158381994052417 41.419353000084456)
B-24-269,269,Doctor Bové - Ptge de la Cadernera,24,Bus,POINT (2.160418995370121 41.42065199557425)
B-24-270,270,Doctor Bové - Baixada Passerell,24,Bus,POINT (2.160177999220189 41.420639004308946)
B-24-271,271,Doctor Bové - Conca de Tremp,24,Bus,POINT (2.1578330051062613 41.419021003167146)
B-24-272,272,Doctor Bové - Pg de la Font de la Mulassa,24,Bus,POINT (2.1630919953120973 41.420910997534996)
B-47-273,273,Hospital del Mar,47,Bus,POINT (2.1950210023215417 41.383580003728504)
B-59-273,273,Hospital del Mar,59,Bus,POINT (2.1950210023215417 41.383580003728504)
B-D20-273,273,Hospital del Mar,D20,Bus,POINT (2.1950210023215417 41.383580003728504)
B-78-276,276,Centre Miquel Martí i Pol,78,Bus,POINT (2.0714160015029255 41.36887599804318)
B-55-278,278,Poble Sec,55,Bus,POINT (2.160473997652338 41.37152600101885)
B-55-279,279,França Xica - Concòrdia,55,Bus,POINT (2.159497003516284 41.37216299759902)
B-121-279,279,França Xica - Concòrdia,121,Bus,POINT (2.159497003516284 41.37216299759902)
B-55-280,280,França Xica - Grases,55,Bus,POINT (2.1563419972965154 41.37208100036037)
B-121-280,280,França Xica - Grases,121,Bus,POINT (2.1563419972965154 41.37208100036037)
B-7-281,281,Pg de Gràcia - Diagonal,7,Bus,POINT (2.1601250020105565 41.39613999634887)
B-22-281,281,Pg de Gràcia - Diagonal,22,Bus,POINT (2.1601250020105565 41.39613999634887)
B-24-281,281,Pg de Gràcia - Diagonal,24,Bus,POINT (2.1601250020105565 41.39613999634887)
B-V15-281,281,Pg de Gràcia - Diagonal,V15,Bus,POINT (2.1601250020105565 41.39613999634887)
B-68-282,282,Casanova - Diagonal,68,Bus,POINT (2.148577001550876 41.39318100254519)
B-V11-282,282,Casanova - Diagonal,V11,Bus,POINT (2.148577001550876 41.39318100254519)
B-V21-284,284,Lepant - Diagonal,V21,Bus,POINT (2.1792610008113495 41.402421000846715)
B-V13-285,285,Muntaner - Diagonal,V13,Bus,POINT (2.1489149997327783 41.39447399784877)
B-22-286,286,Via Augusta - Diagonal,22,Bus,POINT (2.155035996796164 41.396420998440334)
B-24-286,286,Via Augusta - Diagonal,24,Bus,POINT (2.155035996796164 41.396420998440334)
B-V17-286,286,Via Augusta - Diagonal,V17,Bus,POINT (2.155035996796164 41.396420998440334)
B-68-287,287,Calvet - Diagonal,68,Bus,POINT (2.144983003659208 41.39346000296257)
B-V11-287,287,Calvet - Diagonal,V11,Bus,POINT (2.144983003659208 41.39346000296257)
B-V15-289,289,Balmes - Diagonal,V15,Bus,POINT (2.1540220007492756 41.39577599716259)
B-59-291,291,Carles III - Mejía Lequerica,59,Bus,POINT (2.1275190031973965 41.38524000079196)
B-70-291,291,Carles III - Mejía Lequerica,70,Bus,POINT (2.1275190031973965 41.38524000079196)
B-V3-291,291,Carles III - Mejía Lequerica,V3,Bus,POINT (2.1275190031973965 41.38524000079196)
B-V5-291,291,Carles III - Mejía Lequerica,V5,Bus,POINT (2.1275190031973965 41.38524000079196)
B-175-291,291,Carles III - Mejía Lequerica,175,Bus,POINT (2.1275190031973965 41.38524000079196)
B-113-293,293,Av Joan XXIII - Pl Pius XII,113,Bus,POINT (2.1226140051328013 41.385640999749015)
B-M12-293,293,Av Joan XXIII - Pl Pius XII,M12,Bus,POINT (2.1226140051328013 41.385640999749015)
B-113-295,295,González Tablas - Sor Eulàlia d'Anzizu,113,Bus,POINT (2.1088590013125663 41.385765002004774)
B-JM-295,295,González Tablas - Sor Eulàlia d'Anzizu,JM,Bus,POINT (2.1088590013125663 41.385765002004774)
B-H4-295,295,González Tablas - Sor Eulàlia d'Anzizu,H4,Bus,POINT (2.1088590013125663 41.385765002004774)
B-V1-295,295,González Tablas - Sor Eulàlia d'Anzizu,V1,Bus,POINT (2.1088590013125663 41.385765002004774)
B-175-295,295,González Tablas - Sor Eulàlia d'Anzizu,175,Bus,POINT (2.1088590013125663 41.385765002004774)
B-V1-296,296,Av Doctor Marañón - Baldiri i Reixac,V1,Bus,POINT (2.113964997014834 41.38205499899533)
B-63-297,297,Av Pedralbes - Pg Manuel Girona,63,Bus,POINT (2.1189359981953735 41.390002004246846)
B-78-297,297,Av Pedralbes - Pg Manuel Girona,78,Bus,POINT (2.1189359981953735 41.390002004246846)
B-V5-297,297,Av Pedralbes - Pg Manuel Girona,V5,Bus,POINT (2.1189359981953735 41.390002004246846)
B-6-300,300,Pujades - Ciutat de Granada,6,Bus,POINT (2.196766997646853 41.39877999652986)
B-192-300,300,Pujades - Ciutat de Granada,192,Bus,POINT (2.196766997646853 41.39877999652986)
B-B25-300,300,Pujades - Ciutat de Granada,B25,Bus,POINT (2.196766997646853 41.39877999652986)
B-B20-300,300,Pujades - Ciutat de Granada,B20,Bus,POINT (2.196766997646853 41.39877999652986)
B-136-300,300,Pujades - Ciutat de Granada,136,Bus,POINT (2.196766997646853 41.39877999652986)
B-47-306,306,Pg Verdum - Doctor Pi i Molist,47,Bus,POINT (2.172375003380434 41.43586900353616)
B-D40-306,306,Pg Verdum - Doctor Pi i Molist,D40,Bus,POINT (2.172375003380434 41.43586900353616)
B-V29-306,306,Pg Verdum - Doctor Pi i Molist,V29,Bus,POINT (2.172375003380434 41.43586900353616)
B-D50-306,306,Pg Verdum - Doctor Pi i Molist,D50,Bus,POINT (2.172375003380434 41.43586900353616)
B-182-306,306,Pg Verdum - Doctor Pi i Molist,182,Bus,POINT (2.172375003380434 41.43586900353616)
B-19-307,307,Av Gaudí,19,Bus,POINT (2.1751540028661562 41.4100320031327)
B-47-307,307,Av Gaudí,47,Bus,POINT (2.1751540028661562 41.4100320031327)
B-H8-307,307,Av Gaudí,H8,Bus,POINT (2.1751540028661562 41.4100320031327)
B-33-308,308,València - Dos de Maig,33,Bus,POINT (2.1818039949640005 41.40648799640799)
B-34-308,308,València - Dos de Maig,34,Bus,POINT (2.1818039949640005 41.40648799640799)
B-B24-308,308,València - Dos de Maig,B24,Bus,POINT (2.1818039949640005 41.40648799640799)
B-H10-308,308,València - Dos de Maig,H10,Bus,POINT (2.1818039949640005 41.40648799640799)
B-D50-308,308,València - Dos de Maig,D50,Bus,POINT (2.1818039949640005 41.40648799640799)
B-67-309,309,Diagonal - Complex Esportiu Universitari,67,Bus,POINT (2.1078740040249984 41.38326800357717)
B-7-310,310,Diagonal - Av Doctor Marañón,7,Bus,POINT (2.1116120041899697 41.38422200355385)
B-67-310,310,Diagonal - Av Doctor Marañón,67,Bus,POINT (2.1116120041899697 41.38422200355385)
B-175-310,310,Diagonal - Av Doctor Marañón,175,Bus,POINT (2.1116120041899697 41.38422200355385)
B-V11-312,312,Comte d'Urgell - Gran Via,V11,Bus,POINT (2.157997994974492 41.38266799667085)
B-7-313,313,Pg de Gràcia - Gran Via,7,Bus,POINT (2.1675600045190624 41.39013799673378)
B-22-313,313,Pg de Gràcia - Gran Via,22,Bus,POINT (2.1675600045190624 41.39013799673378)
B-24-313,313,Pg de Gràcia - Gran Via,24,Bus,POINT (2.1675600045190624 41.39013799673378)
B-V15-313,313,Pg de Gràcia - Gran Via,V15,Bus,POINT (2.1675600045190624 41.39013799673378)
B-141-314,314,Calàbria - Gran Via,141,Bus,POINT (2.154744005014642 41.37997899584596)
B-6-315,315,Pg de Sant Joan - Diputació,6,Bus,POINT (2.174671001746342 41.39541899712183)
B-19-315,315,Pg de Sant Joan - Diputació,19,Bus,POINT (2.174671001746342 41.39541899712183)
B-V19-315,315,Pg de Sant Joan - Diputació,V19,Bus,POINT (2.174671001746342 41.39541899712183)
B-D50-315,315,Pg de Sant Joan - Diputació,D50,Bus,POINT (2.174671001746342 41.39541899712183)
B-54-316,316,Aribau - Gran Via,54,Bus,POINT (2.162533005903802 41.38604199694226)
B-63-316,316,Aribau - Gran Via,63,Bus,POINT (2.162533005903802 41.38604199694226)
B-67-316,316,Aribau - Gran Via,67,Bus,POINT (2.162533005903802 41.38604199694226)
B-V13-316,316,Aribau - Gran Via,V13,Bus,POINT (2.162533005903802 41.38604199694226)
B-6-317,317,Pl Tetuan - Pg de Sant Joan,6,Bus,POINT (2.1752719974322017 41.3954710012137)
B-19-317,317,Pl Tetuan - Pg de Sant Joan,19,Bus,POINT (2.1752719974322017 41.3954710012137)
B-V19-317,317,Pl Tetuan - Pg de Sant Joan,V19,Bus,POINT (2.1752719974322017 41.3954710012137)
B-D50-317,317,Pl Tetuan - Pg de Sant Joan,D50,Bus,POINT (2.1752719974322017 41.3954710012137)
B-H12-319,319,Entença - Gran Via,H12,Bus,POINT (2.1523500030745595 41.37837399936969)
B-V9-319,319,Entença - Gran Via,V9,Bus,POINT (2.1523500030745595 41.37837399936969)
B-52-319,319,Entença - Gran Via,52,Bus,POINT (2.1523500030745595 41.37837399936969)
B-109-320,320,Tarragona - Parc de Joan Miró,109,Bus,POINT (2.1474189981579603 41.37670400188018)
B-39-321,321,Llúria - Gran Via,39,Bus,POINT (2.1704230021576665 41.392008995569356)
B-47-321,321,Llúria - Gran Via,47,Bus,POINT (2.1704230021576665 41.392008995569356)
B-B24-321,321,Llúria - Gran Via,B24,Bus,POINT (2.1704230021576665 41.392008995569356)
B-V17-321,321,Llúria - Gran Via,V17,Bus,POINT (2.1704230021576665 41.392008995569356)
B-157-324,324,Can Rigal,157,Bus,POINT (2.105988002311326 41.375965998376486)
B-L16-324,324,Can Rigal,L16,Bus,POINT (2.105988002311326 41.375965998376486)
B-34-327,327,Pare Manyanet - Virgili,34,Bus,POINT (2.1942570001894848 41.428153997859475)
B-126-327,327,Pare Manyanet - Virgili,126,Bus,POINT (2.1942570001894848 41.428153997859475)
B-H8-327,327,Pare Manyanet - Virgili,H8,Bus,POINT (2.1942570001894848 41.428153997859475)
B-V31-327,327,Pare Manyanet - Virgili,V31,Bus,POINT (2.1942570001894848 41.428153997859475)
B-62-328,328,Meridiana - Pegaso,62,Bus,POINT (2.1864900000463847 41.425401001384756)
B-96-328,328,Meridiana - Pegaso,96,Bus,POINT (2.1864900000463847 41.425401001384756)
B-V29-328,328,Meridiana - Pegaso,V29,Bus,POINT (2.1864900000463847 41.425401001384756)
B-B25-329,329,Sant Adrià Centre,B25,Bus,POINT (2.2158769970241186 41.43280299920762)
B-H10-329,329,Sant Adrià Centre,H10,Bus,POINT (2.2158769970241186 41.43280299920762)
B-130-330,330,Pg de Santa Eulàlia - Can Caralleu,130,Bus,POINT (2.1153490041054432 41.40382700300974)
B-65-334,334,Av Granvia - Ctra Antiga del Prat,65,Bus,POINT (2.1133599944057093 41.34744800091879)
B-LH1-334,334,Av Granvia - Ctra Antiga del Prat,LH1,Bus,POINT (2.1133599944057093 41.34744800091879)
B-27-336,336,Balmes - Via Augusta,27,Bus,POINT (2.147888005727081 41.4008600018209)
B-V15-336,336,Balmes - Via Augusta,V15,Bus,POINT (2.147888005727081 41.4008600018209)
B-D40-336,336,Balmes - Via Augusta,D40,Bus,POINT (2.147888005727081 41.4008600018209)
B-33-337,337,València - Muntanya,33,Bus,POINT (2.1880889991748598 41.411226003463675)
B-34-337,337,València - Muntanya,34,Bus,POINT (2.1880889991748598 41.411226003463675)
B-B24-337,337,València - Muntanya,B24,Bus,POINT (2.1880889991748598 41.411226003463675)
B-H10-337,337,València - Muntanya,H10,Bus,POINT (2.1880889991748598 41.411226003463675)
B-H16-342,342,Cementiri de l'Est,H16,Bus,POINT (2.202388003140805 41.394275002386564)
B-V27-342,342,Cementiri de l'Est,V27,Bus,POINT (2.202388003140805 41.394275002386564)
B-23-343,343,Pl de Sant Jordi,23,Bus,POINT (2.144752004515101 41.3663280040724)
B-150-343,343,Pl de Sant Jordi,150,Bus,POINT (2.144752004515101 41.3663280040724)
B-125-344,344,Piscines Picornell - Museu Nacional,125,Bus,POINT (2.151357996673868 41.366472003729655)
B-150-344,344,Piscines Picornell - Museu Nacional,150,Bus,POINT (2.151357996673868 41.366472003729655)
B-125-345,345,Av de l'Estadi - Estadi Olímpic,125,Bus,POINT (2.1545439998798406 41.36600199559337)
B-150-345,345,Av de l'Estadi - Estadi Olímpic,150,Bus,POINT (2.1545439998798406 41.36600199559337)
B-150-346,346,Estadi Olímpic,150,Bus,POINT (2.1553170037332845 41.36616399811797)
B-150-347,347,Piscines Picornell - Museu Nacional,150,Bus,POINT (2.1517180023753717 41.366539998788596)
B-125-348,348,Av Estadi - INEFC,125,Bus,POINT (2.1473730034723846 41.365477001563974)
B-150-348,348,Av Estadi - INEFC,150,Bus,POINT (2.1473730034723846 41.365477001563974)
B-150-349,349,Av Estadi - INEFC,150,Bus,POINT (2.146806995330185 41.36553000428433)
B-27-350,350,Av de Vallcarca - Baixada de la Glòria,27,Bus,POINT (2.1470099953912376 41.41038499940315)
B-67-352,352,Av de Sant Ildefons - Cirerer,67,Bus,POINT (2.0828790046410144 41.3655952637083)
B-67-353,353,Av del Parc - Pl Catalunya,67,Bus,POINT (2.0772410016699334 41.359655003792135)
B-67-354,354,Av del Parc - Ptge de les Delícies,67,Bus,POINT (2.0750849214993408 41.359473811765)
B-67-355,355,Av del Parc - Mossèn Joaquim Palet,67,Bus,POINT (2.07294100089404 41.35919399989432)
B-67-357,357,Av dels Alps - Tanatori,67,Bus,POINT (2.0777549977299414 41.35505599819563)
B-68-357,357,Av dels Alps - Tanatori,68,Bus,POINT (2.0777549977299414 41.35505599819563)
B-67-358,358,Av dels Alps - Ctra d'Esplugues,67,Bus,POINT (2.0732549988641167 41.35643300211929)
B-68-358,358,Av dels Alps - Ctra d'Esplugues,68,Bus,POINT (2.0732549988641167 41.35643300211929)
B-133-360,360,Sant Adrià - Formiga,133,Bus,POINT (2.201628005909703 41.435793001610726)
B-62-362,362,Meridiana - Escòcia,62,Bus,POINT (2.183648005720055 41.42914300385431)
B-96-362,362,Meridiana - Escòcia,96,Bus,POINT (2.183648005720055 41.42914300385431)
B-V27-363,363,Felip II - Pl del Congrés,V27,Bus,POINT (2.1798470008566433 41.425886995897436)
B-V27-364,364,Felip II - Arnau d'Oms,V27,Bus,POINT (2.1780640051214215 41.42724699792524)
B-102-365,365,Lletres - Dante Alighieri,102,Bus,POINT (2.157915000707638 41.42793599871785)
B-87-365,365,Lletres - Dante Alighieri,87,Bus,POINT (2.157915000707638 41.42793599871785)
B-V21-365,365,Lletres - Dante Alighieri,V21,Bus,POINT (2.157915000707638 41.42793599871785)
B-V23-365,365,Lletres - Dante Alighieri,V23,Bus,POINT (2.157915000707638 41.42793599871785)
B-V21-366,366,Pl de l'Estatut,V21,Bus,POINT (2.1552549986265923 41.430511001110155)
B-V23-366,366,Pl de l'Estatut,V23,Bus,POINT (2.1552549986265923 41.430511001110155)
B-24-368,368,Trav de Dalt - Torrent de les Flors,24,Bus,POINT (2.156636001748346 41.410459998571504)
B-H6-368,368,Trav de Dalt - Torrent de les Flors,H6,Bus,POINT (2.156636001748346 41.410459998571504)
B-D40-368,368,Trav de Dalt - Torrent de les Flors,D40,Bus,POINT (2.156636001748346 41.410459998571504)
B-39-369,369,Pi i Margall - Escorial,39,Bus,POINT (2.1631649944276266 41.40665400412001)
B-V19-369,369,Pi i Margall - Escorial,V19,Bus,POINT (2.1631649944276266 41.40665400412001)
B-19-370,370,Pg Maragall - Amílcar,19,Bus,POINT (2.173041999614413 41.42639699628192)
B-V25-370,370,Pg Maragall - Amílcar,V25,Bus,POINT (2.173041999614413 41.42639699628192)
B-19-371,371,Pg Maragall - Sabastida,19,Bus,POINT (2.1684629984516666 41.427478995797216)
B-V25-371,371,Pg Maragall - Sabastida,V25,Bus,POINT (2.1684629984516666 41.427478995797216)
B-96-372,372,Av Catalunya - Àngel Guimerà,96,Bus,POINT (2.18340300202951 41.49607399991415)
B-6-373,373,Diagonal - Entença,6,Bus,POINT (2.1364049960852523 41.39034000359323)
B-7-373,373,Diagonal - Entença,7,Bus,POINT (2.1364049960852523 41.39034000359323)
B-33-373,373,Diagonal - Entença,33,Bus,POINT (2.1364049960852523 41.39034000359323)
B-34-373,373,Diagonal - Entença,34,Bus,POINT (2.1364049960852523 41.39034000359323)
B-63-373,373,Diagonal - Entença,63,Bus,POINT (2.1364049960852523 41.39034000359323)
B-67-373,373,Diagonal - Entença,67,Bus,POINT (2.1364049960852523 41.39034000359323)
B-102-374,374,Ctra d'Horta - Pg de Valldaura,102,Bus,POINT (2.153559001612552 41.43727399905685)
B-V25-374,374,Ctra d'Horta - Pg de Valldaura,V25,Bus,POINT (2.153559001612552 41.43727399905685)
B-27-375,375,Josep Tarradellas - Av. Sarrià,27,Bus,POINT (2.143135994141172 41.38950699668602)
B-D40-375,375,Josep Tarradellas - Av. Sarrià,D40,Bus,POINT (2.143135994141172 41.38950699668602)
B-59-376,376,Les Corts - Pl Dr Ignasi Barraquer,59,Bus,POINT (2.1406340057522226 41.390114997960254)
B-H8-376,376,Les Corts - Pl Dr Ignasi Barraquer,H8,Bus,POINT (2.1406340057522226 41.390114997960254)
B-D20-377,377,Paral·lel - Rocafort,D20,Bus,POINT (2.159400005666472 41.3751080030625)
B-V9-377,377,Paral·lel - Rocafort,V9,Bus,POINT (2.159400005666472 41.3751080030625)
B-109-378,378,Av de Roma - Entença,109,Bus,POINT (2.1462740033444048 41.382013000375345)
B-H10-378,378,Av de Roma - Entença,H10,Bus,POINT (2.1462740033444048 41.382013000375345)
B-109-380,380,València - Entença,109,Bus,POINT (2.1479479953056244 41.38104800303677)
B-H10-380,380,València - Entença,H10,Bus,POINT (2.1479479953056244 41.38104800303677)
B-34-381,381,Clot - Biscaia,34,Bus,POINT (2.1906309997182007 41.41398799689234)
B-B24-381,381,Clot - Biscaia,B24,Bus,POINT (2.1906309997182007 41.41398799689234)
B-B25-382,382,Pujades - Espronceda,B25,Bus,POINT (2.205948094456184 41.40571079692167)
B-B20-382,382,Pujades - Espronceda,B20,Bus,POINT (2.205948094456184 41.40571079692167)
B-136-382,382,Pujades - Espronceda,136,Bus,POINT (2.205948094456184 41.40571079692167)
B-H12-383,383,Gran Via - Espronceda,H12,Bus,POINT (2.1976429969766325 41.411676998885746)
B-H8-384,384,Sant Antoni Maria Claret - Espronceda,H8,Bus,POINT (2.1859719899535524 41.4199150192908)
B-33-387,387,Mallorca - Clot,33,Bus,POINT (2.1905140023160152 41.414916997360734)
B-34-387,387,Mallorca - Clot,34,Bus,POINT (2.1905140023160152 41.414916997360734)
B-B24-387,387,Mallorca - Clot,B24,Bus,POINT (2.1905140023160152 41.414916997360734)
B-H10-387,387,Mallorca - Clot,H10,Bus,POINT (2.1905140023160152 41.414916997360734)
B-112-388,388,Saldes,112,Bus,POINT (2.134467776177349 41.42890393660651)
B-D20-391,391,Metro Hostafrancs,D20,Bus,POINT (2.1448949966384885 41.37515300378189)
B-52-391,391,Metro Hostafrancs,52,Bus,POINT (2.1448949966384885 41.37515300378189)
B-D20-392,392,Creu Coberta - Pl Espanya,D20,Bus,POINT (2.1468540030176704 41.37512000315223)
B-52-392,392,Creu Coberta - Pl Espanya,52,Bus,POINT (2.1468540030176704 41.37512000315223)
B-13-393,393,Av Reina Maria Cristina - Pl Espanya,13,Bus,POINT (2.1500696898779634 41.37396974022153)
B-H12-394,394,Tarragona - Pl. Espanya,H12,Bus,POINT (2.1486924072347047 41.37566421941635)
B-52-394,394,Tarragona - Pl. Espanya,52,Bus,POINT (2.1486924072347047 41.37566421941635)
B-54-395,395,Marquès de Sentmenat - Equador,54,Bus,POINT (2.141561002705215 41.38542100182414)
B-54-396,396,Berlín - Nicaragua,54,Bus,POINT (2.1407930053722573 41.38412999763276)
B-59-396,396,Berlín - Nicaragua,59,Bus,POINT (2.1407930053722573 41.38412999763276)
B-H8-396,396,Berlín - Nicaragua,H8,Bus,POINT (2.1407930053722573 41.38412999763276)
B-27-397,397,Josep Tarradellas - Entença,27,Bus,POINT (2.142476997755231 41.386403002408144)
B-D40-397,397,Josep Tarradellas - Entença,D40,Bus,POINT (2.142476997755231 41.386403002408144)
B-33-398,398,Guipúscoa - Julián Besteiro,33,Bus,POINT (2.1975699950856686 41.416480997000996)
B-H10-398,398,Guipúscoa - Julián Besteiro,H10,Bus,POINT (2.1975699950856686 41.416480997000996)
B-B20-399,399,Llull - Selva de Mar,B20,Bus,POINT (2.2102070031577608 41.40702400270016)
B-136-399,399,Llull - Selva de Mar,136,Bus,POINT (2.2102070031577608 41.40702400270016)
B-27-400,400,Hospital HM Delfos,27,Bus,POINT (2.1429029952334475 41.41342299603056)
B-123-400,400,Hospital HM Delfos,123,Bus,POINT (2.1429029952334475 41.41342299603056)
B-19-402,402,Dante Alighieri - Santa Joana d'Arc,19,Bus,POINT (2.1601009999599228 41.42845399969366)
B-86-402,402,Dante Alighieri - Santa Joana d'Arc,86,Bus,POINT (2.1601009999599228 41.42845399969366)
B-H2-402,402,Dante Alighieri - Santa Joana d'Arc,H2,Bus,POINT (2.1601009999599228 41.42845399969366)
B-47-406,406,Pg Valldaura - Rambla Caçador,47,Bus,POINT (2.173478997594824 41.43862999996457)
B-76-406,406,Pg Valldaura - Rambla Caçador,76,Bus,POINT (2.173478997594824 41.43862999996457)
B-H4-406,406,Pg Valldaura - Rambla Caçador,H4,Bus,POINT (2.173478997594824 41.43862999996457)
B-H2-406,406,Pg Valldaura - Rambla Caçador,H2,Bus,POINT (2.173478997594824 41.43862999996457)
B-M19-406,406,Pg Valldaura - Rambla Caçador,M19,Bus,POINT (2.173478997594824 41.43862999996457)
B-182-406,406,Pg Valldaura - Rambla Caçador,182,Bus,POINT (2.173478997594824 41.43862999996457)
B-63-407,407,Av. Indústria - Walden,63,Bus,POINT (2.0669539951119775 41.38042899670568)
B-157-407,407,Av. Indústria - Walden,157,Bus,POINT (2.0669539951119775 41.38042899670568)
B-63-408,408,CAP Sant Just Desvern,63,Bus,POINT (2.069825810705165 41.38246410381059)
B-157-408,408,CAP Sant Just Desvern,157,Bus,POINT (2.069825810705165 41.38246410381059)
B-34-409,409,Sagrera - Parc de la Pegaso,34,Bus,POINT (2.190916003287306 41.426316997843095)
B-126-409,409,Sagrera - Parc de la Pegaso,126,Bus,POINT (2.190916003287306 41.426316997843095)
B-H8-409,409,Sagrera - Parc de la Pegaso,H8,Bus,POINT (2.190916003287306 41.426316997843095)
B-V31-409,409,Sagrera - Parc de la Pegaso,V31,Bus,POINT (2.190916003287306 41.426316997843095)
B-185-410,410,Pl Eivissa - Horta,185,Bus,POINT (2.1611009982595433 41.43048199878358)
B-102-411,411,Tajo - Metro Horta,102,Bus,POINT (2.161085005280934 41.42952100425227)
B-70-412,412,Carles III - Les Corts,70,Bus,POINT (2.128008003456732 41.38183299831759)
B-V3-412,412,Carles III - Les Corts,V3,Bus,POINT (2.128008003456732 41.38183299831759)
B-59-413,413,Av Litoral - Trelawny,59,Bus,POINT (2.1948027703109134 41.386229829903854)
B-136-413,413,Av Litoral - Trelawny,136,Bus,POINT (2.1948027703109134 41.386229829903854)
B-13-420,420,Can Clos,13,Bus,POINT (2.1472939949175323 41.36071200344398)
B-125-420,420,Can Clos,125,Bus,POINT (2.1472939949175323 41.36071200344398)
B-65-421,421,Gran Via - Farell,65,Bus,POINT (2.144950001049232 41.37199299655576)
B-109-421,421,Gran Via - Farell,109,Bus,POINT (2.144950001049232 41.37199299655576)
B-H12-421,421,Gran Via - Farell,H12,Bus,POINT (2.144950001049232 41.37199299655576)
B-H16-421,421,Gran Via - Farell,H16,Bus,POINT (2.144950001049232 41.37199299655576)
B-107-422,422,Via Sant Antoni Abat,107,Bus,POINT (2.1509450047744125 41.35656100062373)
B-22-423,423,Gran Vista - Turó de la Rovira,22,Bus,POINT (2.164007998544717 41.42021200408036)
B-119-423,423,Gran Vista - Turó de la Rovira,119,Bus,POINT (2.164007998544717 41.42021200408036)
B-117-424,424,Garriga i Roca - Camil Oliveras,117,Bus,POINT (2.1697139985418006 41.42123600281112)
B-V23-424,424,Garriga i Roca - Camil Oliveras,V23,Bus,POINT (2.1697139985418006 41.42123600281112)
B-117-425,425,Montserrat de Casanovas - Parc del Guinardó,117,Bus,POINT (2.169516001506622 41.42317699571636)
B-V23-425,425,Montserrat de Casanovas - Parc del Guinardó,V23,Bus,POINT (2.169516001506622 41.42317699571636)
B-117-426,426,Montserrat de Casanovas - Ptge Pedrell,117,Bus,POINT (2.1679809947485884 41.424000004005244)
B-V23-426,426,Montserrat de Casanovas - Ptge Pedrell,V23,Bus,POINT (2.1679809947485884 41.424000004005244)
B-V23-427,427,Pedrell - Canonge Almera,V23,Bus,POINT (2.162028995618568 41.42388399761568)
B-47-428,428,Pg Valldaura - Fabra i Puig,47,Bus,POINT (2.1657599952692315 41.43919800170623)
B-76-428,428,Pg Valldaura - Fabra i Puig,76,Bus,POINT (2.1657599952692315 41.43919800170623)
B-122-428,428,Pg Valldaura - Fabra i Puig,122,Bus,POINT (2.1657599952692315 41.43919800170623)
B-V27-428,428,Pg Valldaura - Fabra i Puig,V27,Bus,POINT (2.1657599952692315 41.43919800170623)
B-H4-428,428,Pg Valldaura - Fabra i Puig,H4,Bus,POINT (2.1657599952692315 41.43919800170623)
B-M19-428,428,Pg Valldaura - Fabra i Puig,M19,Bus,POINT (2.1657599952692315 41.43919800170623)
B-182-428,428,Pg Valldaura - Fabra i Puig,182,Bus,POINT (2.1657599952692315 41.43919800170623)
B-V27-430,430,Parc Turó de la Peira,V27,Bus,POINT (2.163192997802744 41.43357599566879)
B-H2-430,430,Parc Turó de la Peira,H2,Bus,POINT (2.163192997802744 41.43357599566879)
B-62-431,431,Meridiana - Dublín,62,Bus,POINT (2.1851500005024813 41.42745100063479)
B-96-431,431,Meridiana - Dublín,96,Bus,POINT (2.1851500005024813 41.42745100063479)
B-V29-431,431,Meridiana - Dublín,V29,Bus,POINT (2.1851500005024813 41.42745100063479)
B-62-432,432,Meridiana - Parc de Can Dragó,62,Bus,POINT (2.183797998468321 41.4356299960351)
B-96-432,432,Meridiana - Parc de Can Dragó,96,Bus,POINT (2.183797998468321 41.4356299960351)
B-97-432,432,Meridiana - Parc de Can Dragó,97,Bus,POINT (2.183797998468321 41.4356299960351)
B-104-432,432,Meridiana - Parc de Can Dragó,104,Bus,POINT (2.183797998468321 41.4356299960351)
B-19-435,435,Arenys - Rossell,19,Bus,POINT (2.1454770033287818 41.42275999577186)
B-H2-435,435,Arenys - Rossell,H2,Bus,POINT (2.1454770033287818 41.42275999577186)
B-19-436,436,Arenys - Fastenrath,19,Bus,POINT (2.1430059981417946 41.42204799688772)
B-H2-436,436,Arenys - Fastenrath,H2,Bus,POINT (2.1430059981417946 41.42204799688772)
B-39-437,437,Pl del Nen de la Rutlla,39,Bus,POINT (2.1719430017816057 41.41858000444061)
B-D40-437,437,Pl del Nen de la Rutlla,D40,Bus,POINT (2.1719430017816057 41.41858000444061)
B-V23-437,437,Pl del Nen de la Rutlla,V23,Bus,POINT (2.1719430017816057 41.41858000444061)
B-76-440,440,Via Júlia - Sant Francesc Xavier,76,Bus,POINT (2.177584994323826 41.44159500299127)
B-H2-440,440,Via Júlia - Sant Francesc Xavier,H2,Bus,POINT (2.177584994323826 41.44159500299127)
B-D50-440,440,Via Júlia - Sant Francesc Xavier,D50,Bus,POINT (2.177584994323826 41.44159500299127)
B-22-441,441,Gran Vista - Pl de la Mitja Lluna,22,Bus,POINT (2.1649190011430703 41.42012599655469)
B-119-441,441,Gran Vista - Pl de la Mitja Lluna,119,Bus,POINT (2.1649190011430703 41.42012599655469)
B-V11-442,442,Comte d'Urgell - Floridablanca,V11,Bus,POINT (2.160363002759621 41.38088600003416)
B-V23-445,445,Pedrell - Ptge Gabarnet,V23,Bus,POINT (2.1587649982541213 41.42312899714801)
B-117-446,446,Montserrat de Casanovas - Pg Font d'En Fargas,117,Bus,POINT (2.1649549969767627 41.42371100004521)
B-V23-446,446,Montserrat de Casanovas - Pg Font d'En Fargas,V23,Bus,POINT (2.1649549969767627 41.42371100004521)
B-39-447,447,Av Mare de Déu de Montserrat - França,39,Bus,POINT (2.164890994793352 41.41482999974886)
B-D40-447,447,Av Mare de Déu de Montserrat - França,D40,Bus,POINT (2.164890994793352 41.41482999974886)
B-191-447,447,Av Mare de Déu de Montserrat - França,191,Bus,POINT (2.164890994793352 41.41482999974886)
B-109-449,449,Pg Zona Franca - Ctra del Prat,109,Bus,POINT (2.1374500009631747 41.362070000839886)
B-V3-449,449,Pg Zona Franca - Ctra del Prat,V3,Bus,POINT (2.1374500009631747 41.362070000839886)
B-H16-449,449,Pg Zona Franca - Ctra del Prat,H16,Bus,POINT (2.1374500009631747 41.362070000839886)
B-109-450,450,Pg Zona Franca - Foneria,109,Bus,POINT (2.139622001455555 41.35957300313494)
B-V3-450,450,Pg Zona Franca - Foneria,V3,Bus,POINT (2.139622001455555 41.35957300313494)
B-H16-450,450,Pg Zona Franca - Foneria,H16,Bus,POINT (2.139622001455555 41.35957300313494)
B-V31-453,453,Via Barcino - Foradada,V31,Bus,POINT (2.19377899842338 41.45281099859041)
B-133-453,453,Via Barcino - Foradada,133,Bus,POINT (2.19377899842338 41.45281099859041)
B-34-454,454,Sagrera - Martí Molins,34,Bus,POINT (2.1910819967547406 41.42302600189548)
B-126-454,454,Sagrera - Martí Molins,126,Bus,POINT (2.1910819967547406 41.42302600189548)
B-B24-454,454,Sagrera - Martí Molins,B24,Bus,POINT (2.1910819967547406 41.42302600189548)
B-H8-454,454,Sagrera - Martí Molins,H8,Bus,POINT (2.1910819967547406 41.42302600189548)
B-V31-454,454,Sagrera - Martí Molins,V31,Bus,POINT (2.1910819967547406 41.42302600189548)
B-V29-454,454,Sagrera - Martí Molins,V29,Bus,POINT (2.1910819967547406 41.42302600189548)
B-62-455,455,Meridiana - La Sagrera,62,Bus,POINT (2.1867599954368595 41.421937002037474)
B-96-455,455,Meridiana - La Sagrera,96,Bus,POINT (2.1867599954368595 41.421937002037474)
B-H8-455,455,Meridiana - La Sagrera,H8,Bus,POINT (2.1867599954368595 41.421937002037474)
B-V27-455,455,Meridiana - La Sagrera,V27,Bus,POINT (2.1867599954368595 41.421937002037474)
B-7-458,458,Pl Pius XII,7,Bus,POINT (2.1215530054008918 41.386963996477775)
B-33-458,458,Pl Pius XII,33,Bus,POINT (2.1215530054008918 41.386963996477775)
B-H6-458,458,Pl Pius XII,H6,Bus,POINT (2.1215530054008918 41.386963996477775)
B-39-459,459,Av Mare de Déu de Montserrat - Gènova,39,Bus,POINT (2.1701289992938784 41.41649900036562)
B-D40-459,459,Av Mare de Déu de Montserrat - Gènova,D40,Bus,POINT (2.1701289992938784 41.41649900036562)
B-V23-459,459,Av Mare de Déu de Montserrat - Gènova,V23,Bus,POINT (2.1701289992938784 41.41649900036562)
B-39-460,460,Av Mare de Déu de Montserrat - Francesc Alegre,39,Bus,POINT (2.1675797997647956 41.415661630102335)
B-D40-460,460,Av Mare de Déu de Montserrat - Francesc Alegre,D40,Bus,POINT (2.1675797997647956 41.415661630102335)
B-191-460,460,Av Mare de Déu de Montserrat - Francesc Alegre,191,Bus,POINT (2.1675797997647956 41.415661630102335)
B-H12-464,464,Gran Via - Bac de Roda,H12,Bus,POINT (2.1974279978781555 41.411084995870056)
B-H12-466,466,Gran Via - Pl dels Porxos,H12,Bus,POINT (2.2006179993322115 41.41390499953283)
B-B25-469,469,Rambla Prim - Ferrer Bassa,B25,Bus,POINT (2.2151019889986077 41.41480413959914)
B-H14-469,469,Rambla Prim - Ferrer Bassa,H14,Bus,POINT (2.2151019889986077 41.41480413959914)
B-V31-469,469,Rambla Prim - Ferrer Bassa,V31,Bus,POINT (2.2151019889986077 41.41480413959914)
B-136-469,469,Rambla Prim - Ferrer Bassa,136,Bus,POINT (2.2151019889986077 41.41480413959914)
B-78-470,470,Estudis TV3,78,Bus,POINT (2.0686619993671744 41.37347900443733)
B-H2-471,471,Aiguablava - Via Favència,H2,Bus,POINT (2.180759995995179 41.44744900180069)
B-D50-471,471,Aiguablava - Via Favència,D50,Bus,POINT (2.180759995995179 41.44744900180069)
B-65-472,472,Pl. Europa - Fira,65,Bus,POINT (2.126403995021902 41.357418997155776)
B-H12-472,472,Pl. Europa - Fira,H12,Bus,POINT (2.126403995021902 41.357418997155776)
B-19-475,475,Pg Maragall - Dante Alighieri,19,Bus,POINT (2.1628469984928675 41.42868800448602)
B-H2-475,475,Pg Maragall - Dante Alighieri,H2,Bus,POINT (2.1628469984928675 41.42868800448602)
B-V25-475,475,Pg Maragall - Dante Alighieri,V25,Bus,POINT (2.1628469984928675 41.42868800448602)
B-V23-475,475,Pg Maragall - Dante Alighieri,V23,Bus,POINT (2.1628469984928675 41.42868800448602)
B-102-476,476,Rambla del Carmel,102,Bus,POINT (2.158312999971833 41.42603699802895)
B-87-476,476,Rambla del Carmel,87,Bus,POINT (2.158312999971833 41.42603699802895)
B-V21-476,476,Rambla del Carmel,V21,Bus,POINT (2.158312999971833 41.42603699802895)
B-V23-476,476,Rambla del Carmel,V23,Bus,POINT (2.158312999971833 41.42603699802895)
B-86-477,477,Rambla del Carmel - Dante Alighieri,86,Bus,POINT (2.1572410042096286 41.427200001062154)
B-87-477,477,Rambla del Carmel - Dante Alighieri,87,Bus,POINT (2.1572410042096286 41.427200001062154)
B-V21-477,477,Rambla del Carmel - Dante Alighieri,V21,Bus,POINT (2.1572410042096286 41.427200001062154)
B-27-478,478,Av Vallcarca - Hospital HM Delfos,27,Bus,POINT (2.1431189957475287 41.41400999992696)
B-129-478,478,Av Vallcarca - Hospital HM Delfos,129,Bus,POINT (2.1431189957475287 41.41400999992696)
B-54-479,479,Av Madrid - Carles III,54,Bus,POINT (2.1284679997577993 41.37893100331009)
B-70-481,481,Maria Cristina - Carles III,70,Bus,POINT (2.12802799461774 41.389326003162374)
B-H6-481,481,Maria Cristina - Carles III,H6,Bus,POINT (2.12802799461774 41.389326003162374)
B-V3-481,481,Maria Cristina - Carles III,V3,Bus,POINT (2.12802799461774 41.389326003162374)
B-H8-482,482,Les Corts - Maternitat,H8,Bus,POINT (2.126647998075236 41.38121500149172)
B-7-483,483,Diagonal - Numància,7,Bus,POINT (2.131638459427172 41.38954116967683)
B-33-483,483,Diagonal - Numància,33,Bus,POINT (2.131638459427172 41.38954116967683)
B-63-483,483,Diagonal - Numància,63,Bus,POINT (2.131638459427172 41.38954116967683)
B-67-483,483,Diagonal - Numància,67,Bus,POINT (2.131638459427172 41.38954116967683)
B-78-483,483,Diagonal - Numància,78,Bus,POINT (2.131638459427172 41.38954116967683)
B-M14-483,483,Diagonal - Numància,M14,Bus,POINT (2.131638459427172 41.38954116967683)
B-59-484,484,Les Corts - Vallespir,59,Bus,POINT (2.1327249978005574 41.385516002815024)
B-H8-484,484,Les Corts - Vallespir,H8,Bus,POINT (2.1327249978005574 41.385516002815024)
B-59-485,485,Mercat de Les Corts,59,Bus,POINT (2.129907997245556 41.38369100133153)
B-H8-485,485,Mercat de Les Corts,H8,Bus,POINT (2.129907997245556 41.38369100133153)
B-V5-485,485,Mercat de Les Corts,V5,Bus,POINT (2.129907997245556 41.38369100133153)
B-70-487,487,Mitre - Prat de la Riba,70,Bus,POINT (2.131301000580248 41.393274000803615)
B-H6-487,487,Mitre - Prat de la Riba,H6,Bus,POINT (2.131301000580248 41.393274000803615)
B-70-491,491,Diagonal - Joan Güell,70,Bus,POINT (2.128121997125069 41.388025997063615)
B-V3-491,491,Diagonal - Joan Güell,V3,Bus,POINT (2.128121997125069 41.388025997063615)
B-7-492,492,Diagonal - Av Joan XXIII,7,Bus,POINT (2.1229850039220697 41.38693199938228)
B-33-492,492,Diagonal - Av Joan XXIII,33,Bus,POINT (2.1229850039220697 41.38693199938228)
B-63-492,492,Diagonal - Av Joan XXIII,63,Bus,POINT (2.1229850039220697 41.38693199938228)
B-67-492,492,Diagonal - Av Joan XXIII,67,Bus,POINT (2.1229850039220697 41.38693199938228)
B-78-492,492,Diagonal - Av Joan XXIII,78,Bus,POINT (2.1229850039220697 41.38693199938228)
B-V5-492,492,Diagonal - Av Joan XXIII,V5,Bus,POINT (2.1229850039220697 41.38693199938228)
B-M14-492,492,Diagonal - Av Joan XXIII,M14,Bus,POINT (2.1229850039220697 41.38693199938228)
B-175-492,492,Diagonal - Av Joan XXIII,175,Bus,POINT (2.1229850039220697 41.38693199938228)
B-7-493,493,Diagonal - Gran Via Carles III,7,Bus,POINT (2.1255769965450284 41.38758899781322)
B-33-493,493,Diagonal - Gran Via Carles III,33,Bus,POINT (2.1255769965450284 41.38758899781322)
B-63-493,493,Diagonal - Gran Via Carles III,63,Bus,POINT (2.1255769965450284 41.38758899781322)
B-67-493,493,Diagonal - Gran Via Carles III,67,Bus,POINT (2.1255769965450284 41.38758899781322)
B-78-493,493,Diagonal - Gran Via Carles III,78,Bus,POINT (2.1255769965450284 41.38758899781322)
B-6-494,494,Diagonal - Gandesa,6,Bus,POINT (2.128934000089846 41.38844299701231)
B-7-494,494,Diagonal - Gandesa,7,Bus,POINT (2.128934000089846 41.38844299701231)
B-33-494,494,Diagonal - Gandesa,33,Bus,POINT (2.128934000089846 41.38844299701231)
B-34-494,494,Diagonal - Gandesa,34,Bus,POINT (2.128934000089846 41.38844299701231)
B-63-494,494,Diagonal - Gandesa,63,Bus,POINT (2.128934000089846 41.38844299701231)
B-67-494,494,Diagonal - Gandesa,67,Bus,POINT (2.128934000089846 41.38844299701231)
B-78-494,494,Diagonal - Gandesa,78,Bus,POINT (2.128934000089846 41.38844299701231)
B-39-495,495,Av Mare de Déu de Montserrat - Cartagena,39,Bus,POINT (2.1698919999071142 41.416050997696736)
B-D40-495,495,Av Mare de Déu de Montserrat - Cartagena,D40,Bus,POINT (2.1698919999071142 41.416050997696736)
B-V23-495,495,Av Mare de Déu de Montserrat - Cartagena,V23,Bus,POINT (2.1698919999071142 41.416050997696736)
B-126-496,496,Pg Torras i Bages - Residència,126,Bus,POINT (2.1909089990435793 41.439415000585214)
B-H4-496,496,Pg Torras i Bages - Residència,H4,Bus,POINT (2.1909089990435793 41.439415000585214)
B-V31-496,496,Pg Torras i Bages - Residència,V31,Bus,POINT (2.1909089990435793 41.439415000585214)
B-27-497,497,Alcántara - Garigliano,27,Bus,POINT (2.172429998586486 41.445521003532804)
B-V29-497,497,Alcántara - Garigliano,V29,Bus,POINT (2.172429998586486 41.445521003532804)
B-7-499,499,Gran Via - Padilla,7,Bus,POINT (2.183267003015758 41.40038899827895)
B-H12-499,499,Gran Via - Padilla,H12,Bus,POINT (2.183267003015758 41.40038899827895)
B-X1-499,499,Gran Via - Padilla,X1,Bus,POINT (2.183267003015758 41.40038899827895)
B-111-501,501,Colònia Tibidabo,111,Bus,POINT (2.1192017899964237 41.42066252965669)
B-7-503,503,Metro Tetuan,7,Bus,POINT (2.173665995213939 41.39376199706256)
B-54-503,503,Metro Tetuan,54,Bus,POINT (2.173665995213939 41.39376199706256)
B-H12-503,503,Metro Tetuan,H12,Bus,POINT (2.173665995213939 41.39376199706256)
B-H10-504,504,Mallorca - Girona,H10,Bus,POINT (2.1679219958152327 41.39794900019919)
B-24-505,505,Trav de Dalt - La Granja,24,Bus,POINT (2.153525996392289 41.408840999449914)
B-116-505,505,Trav de Dalt - La Granja,116,Bus,POINT (2.153525996392289 41.408840999449914)
B-H6-505,505,Trav de Dalt - La Granja,H6,Bus,POINT (2.153525996392289 41.408840999449914)
B-D40-505,505,Trav de Dalt - La Granja,D40,Bus,POINT (2.153525996392289 41.408840999449914)
B-B25-506,506,Extremadura - Ctra de Mataró,B25,Bus,POINT (2.210997999080995 41.42354700245339)
B-V33-506,506,Extremadura - Ctra de Mataró,V33,Bus,POINT (2.210997999080995 41.42354700245339)
B-V27-508,508,Pl dels Indians,V27,Bus,POINT (2.182623000840673 41.42356000369989)
B-191-508,508,Pl dels Indians,191,Bus,POINT (2.182623000840673 41.42356000369989)
B-V27-509,509,Pl dels Indians,V27,Bus,POINT (2.1828389975353053 41.42359999994708)
B-191-509,509,Pl dels Indians,191,Bus,POINT (2.1828389975353053 41.42359999994708)
B-62-510,510,Meridiana - La Sagrera,62,Bus,POINT (2.1870900007695324 41.42140200311687)
B-H8-510,510,Meridiana - La Sagrera,H8,Bus,POINT (2.1870900007695324 41.42140200311687)
B-62-511,511,Meridiana - Cardenal Tedeschini,62,Bus,POINT (2.186340998019887 41.42502000412932)
B-96-511,511,Meridiana - Cardenal Tedeschini,96,Bus,POINT (2.186340998019887 41.42502000412932)
B-6-512,512,Av de Sarrià - Mestre Villa,6,Bus,POINT (2.132753996808595 41.392242002286615)
B-34-512,512,Av de Sarrià - Mestre Villa,34,Bus,POINT (2.132753996808595 41.392242002286615)
B-V15-515,515,Balmes - Pàdua,V15,Bus,POINT (2.143959005352065 41.40305000047951)
B-70-516,516,Carles III - Numància,70,Bus,POINT (2.129243997502404 41.39168599655763)
B-H6-516,516,Carles III - Numància,H6,Bus,POINT (2.129243997502404 41.39168599655763)
B-V3-516,516,Carles III - Numància,V3,Bus,POINT (2.129243997502404 41.39168599655763)
B-V15-517,517,Balmes - Pl Kennedy,V15,Bus,POINT (2.1372629985444815 41.40923600274836)
B-V15-519,519,Balmes - Pl Joaquim Folguera,V15,Bus,POINT (2.1392260050113756 41.405439996335474)
B-6-520,520,Av de Sarrià - Diagonal,6,Bus,POINT (2.1369949948810163 41.39159200439814)
B-34-520,520,Av de Sarrià - Diagonal,34,Bus,POINT (2.1369949948810163 41.39159200439814)
B-68-522,522,Via Augusta - Pl Orient,68,Bus,POINT (2.1288589953286086 41.39768499600936)
B-68-523,523,Via Augusta - Ronda General Mitre,68,Bus,POINT (2.132077000415774 41.397695002615315)
B-V9-523,523,Via Augusta - Ronda General Mitre,V9,Bus,POINT (2.132077000415774 41.397695002615315)
B-6-524,524,Diagonal - Ganduxer,6,Bus,POINT (2.1400229968550923 41.39165000313343)
B-7-524,524,Diagonal - Ganduxer,7,Bus,POINT (2.1400229968550923 41.39165000313343)
B-33-524,524,Diagonal - Ganduxer,33,Bus,POINT (2.1400229968550923 41.39165000313343)
B-34-524,524,Diagonal - Ganduxer,34,Bus,POINT (2.1400229968550923 41.39165000313343)
B-63-524,524,Diagonal - Ganduxer,63,Bus,POINT (2.1400229968550923 41.39165000313343)
B-67-524,524,Diagonal - Ganduxer,67,Bus,POINT (2.1400229968550923 41.39165000313343)
B-70-526,526,Ganduxer - Alacant,70,Bus,POINT (2.133574003351368 41.4001859999661)
B-V11-526,526,Ganduxer - Alacant,V11,Bus,POINT (2.133574003351368 41.4001859999661)
B-70-527,527,Ganduxer - Emancipació,70,Bus,POINT (2.131277000017369 41.40315300089843)
B-V11-527,527,Ganduxer - Emancipació,V11,Bus,POINT (2.131277000017369 41.40315300089843)
B-68-528,528,Via Augusta - Alt de Gironella,68,Bus,POINT (2.133682003420402 41.39769900076585)
B-70-529,529,Mitre - Mandri,70,Bus,POINT (2.1353669962115327 41.400649997065855)
B-H6-529,529,Mitre - Mandri,H6,Bus,POINT (2.1353669962115327 41.400649997065855)
B-H4-531,531,Pg Bonanova - Anglí,H4,Bus,POINT (2.1234470025947467 41.40097700204862)
B-H4-532,532,Pg Bonanova - Escoles Pies,H4,Bus,POINT (2.127723005243812 41.40336599871854)
B-27-533,533,Av de Vallcarca - Gomis,27,Bus,POINT (2.1443999979858015 41.411881999387326)
B-123-534,534,Pl Alfonso Comín - Av República Argentina,123,Bus,POINT (2.1382620005221376 41.41449600265102)
B-124-534,534,Pl Alfonso Comín - Av República Argentina,124,Bus,POINT (2.1382620005221376 41.41449600265102)
B-131-534,534,Pl Alfonso Comín - Av República Argentina,131,Bus,POINT (2.1382620005221376 41.41449600265102)
B-V17-534,534,Pl Alfonso Comín - Av República Argentina,V17,Bus,POINT (2.1382620005221376 41.41449600265102)
B-V15-534,534,Pl Alfonso Comín - Av República Argentina,V15,Bus,POINT (2.1382620005221376 41.41449600265102)
B-H4-534,534,Pl Alfonso Comín - Av República Argentina,H4,Bus,POINT (2.1382620005221376 41.41449600265102)
B-H2-534,534,Pl Alfonso Comín - Av República Argentina,H2,Bus,POINT (2.1382620005221376 41.41449600265102)
B-V19-534,534,Pl Alfonso Comín - Av República Argentina,V19,Bus,POINT (2.1382620005221376 41.41449600265102)
B-78-536,536,Av Barcelona - Mare de Déu de Montserrat,78,Bus,POINT (2.0678609987494148 41.36808199568395)
B-78-537,537,Av Barcelona - Gran Capità,78,Bus,POINT (2.067659000885012 41.368158003941154)
B-H12-540,540,Gran Via - Agricultura,H12,Bus,POINT (2.203369999643473 41.41596800131812)
B-33-541,541,Guipúscoa - Treball,33,Bus,POINT (2.199803997559482 41.418160002611586)
B-H10-541,541,Guipúscoa - Treball,H10,Bus,POINT (2.199803997559482 41.418160002611586)
B-33-542,542,Guipúscoa - Cantàbria,33,Bus,POINT (2.2017540033705814 41.420063000885186)
B-H10-542,542,Guipúscoa - Cantàbria,H10,Bus,POINT (2.2017540033705814 41.420063000885186)
B-22-544,544,Gran Vista - Doctor Bové,22,Bus,POINT (2.1580389977463366 41.419004000546494)
B-119-544,544,Gran Vista - Doctor Bové,119,Bus,POINT (2.1580389977463366 41.419004000546494)
B-119-545,545,Gran Vista - IES Ferran Tallada,119,Bus,POINT (2.161667002637069 41.42079100191251)
B-22-546,546,IES Ferran Tallada,22,Bus,POINT (2.161841002408547 41.42069199868205)
B-119-546,546,IES Ferran Tallada,119,Bus,POINT (2.161841002408547 41.42069199868205)
B-7-547,547,Metro Zona Universitària,7,Bus,POINT (2.1114429969054043 41.384729000634714)
B-33-548,548,Zona Universitària - Facultat d'Economia i Empresa,33,Bus,POINT (2.111023998084714 41.3846950036497)
B-113-548,548,Zona Universitària - Facultat d'Economia i Empresa,113,Bus,POINT (2.111023998084714 41.3846950036497)
B-V1-548,548,Zona Universitària - Facultat d'Economia i Empresa,V1,Bus,POINT (2.111023998084714 41.3846950036497)
B-175-548,548,Zona Universitària - Facultat d'Economia i Empresa,175,Bus,POINT (2.111023998084714 41.3846950036497)
B-63-549,549,Av d'Esplugues - Av Pearson,63,Bus,POINT (2.111624995133029 41.39213799552182)
B-68-549,549,Av d'Esplugues - Av Pearson,68,Bus,POINT (2.111624995133029 41.39213799552182)
B-78-549,549,Av d'Esplugues - Av Pearson,78,Bus,POINT (2.111624995133029 41.39213799552182)
B-H4-549,549,Av d'Esplugues - Av Pearson,H4,Bus,POINT (2.111624995133029 41.39213799552182)
B-63-550,550,Av d'Esplugues - Dr Joaquim Albarrán,63,Bus,POINT (2.1090289948512804 41.38994000256022)
B-68-550,550,Av d'Esplugues - Dr Joaquim Albarrán,68,Bus,POINT (2.1090289948512804 41.38994000256022)
B-78-550,550,Av d'Esplugues - Dr Joaquim Albarrán,78,Bus,POINT (2.1090289948512804 41.38994000256022)
B-H4-550,550,Av d'Esplugues - Dr Joaquim Albarrán,H4,Bus,POINT (2.1090289948512804 41.38994000256022)
B-63-552,552,Av d'Esplugues - Eduard Toldrà,63,Bus,POINT (2.1065760004092153 41.38788100178284)
B-68-552,552,Av d'Esplugues - Eduard Toldrà,68,Bus,POINT (2.1065760004092153 41.38788100178284)
B-78-552,552,Av d'Esplugues - Eduard Toldrà,78,Bus,POINT (2.1065760004092153 41.38788100178284)
B-113-552,552,Av d'Esplugues - Eduard Toldrà,113,Bus,POINT (2.1065760004092153 41.38788100178284)
B-H4-552,552,Av d'Esplugues - Eduard Toldrà,H4,Bus,POINT (2.1065760004092153 41.38788100178284)
B-H2-552,552,Av d'Esplugues - Eduard Toldrà,H2,Bus,POINT (2.1065760004092153 41.38788100178284)
B-175-554,554,Sor Eulàlia d'Anzizu - González Tablas,175,Bus,POINT (2.1086659965107555 41.38703499582197)
B-H6-556,556,Zona Universitària,H6,Bus,POINT (2.1109140006935547 41.38459499924312)
B-22-557,557,Lesseps - Av Riera de Cassoles,22,Bus,POINT (2.149836002101013 41.406117999376484)
B-27-557,557,Lesseps - Av Riera de Cassoles,27,Bus,POINT (2.149836002101013 41.406117999376484)
B-87-557,557,Lesseps - Av Riera de Cassoles,87,Bus,POINT (2.149836002101013 41.406117999376484)
B-V17-557,557,Lesseps - Av Riera de Cassoles,V17,Bus,POINT (2.149836002101013 41.406117999376484)
B-V15-559,559,Pl Molina,V15,Bus,POINT (2.147376998385616 41.40140699670393)
B-59-560,560,Villarroel - Gran Via,59,Bus,POINT (2.1592010051361132 41.38329099782077)
B-141-560,560,Villarroel - Gran Via,141,Bus,POINT (2.1592010051361132 41.38329099782077)
B-V11-560,560,Villarroel - Gran Via,V11,Bus,POINT (2.1592010051361132 41.38329099782077)
B-22-561,561,Pg de Gràcia - Casp,22,Bus,POINT (2.1692509948792655 41.388912001123856)
B-V15-561,561,Pg de Gràcia - Casp,V15,Bus,POINT (2.1692509948792655 41.388912001123856)
B-63-562,562,Balmes - Gran Via,63,Bus,POINT (2.164736005015333 41.38761300320176)
B-V15-562,562,Balmes - Gran Via,V15,Bus,POINT (2.164736005015333 41.38761300320176)
B-54-564,564,Muntaner - Diputació,54,Bus,POINT (2.1599510024322326 41.38614000295141)
B-V13-564,564,Muntaner - Diputació,V13,Bus,POINT (2.1599510024322326 41.38614000295141)
B-B25-565,565,Rambla Prim - Bernat Metge,B25,Bus,POINT (2.2112788590188637 41.41767480972768)
B-V31-565,565,Rambla Prim - Bernat Metge,V31,Bus,POINT (2.2112788590188637 41.41767480972768)
B-136-565,565,Rambla Prim - Bernat Metge,136,Bus,POINT (2.2112788590188637 41.41767480972768)
B-192-567,567,Bilbao - Andrade,192,Bus,POINT (2.193691002667824 41.410072998261924)
B-B25-569,569,Extremadura - Pl Clementina Arderiu,B25,Bus,POINT (2.2112719980882938 41.422486999937945)
B-V33-569,569,Extremadura - Pl Clementina Arderiu,V33,Bus,POINT (2.2112719980882938 41.422486999937945)
B-91-571,571,Sant Pere d'Abanto - Moianès,91,Bus,POINT (2.142974999550928 41.371723003820456)
B-H12-572,572,Besòs - Verneda,H12,Bus,POINT (2.2103910049459556 41.42229399776561)
B-V31-574,574,Rambla Prim - Andrade (Besòs),V31,Bus,POINT (2.207256994733412 41.42001000335471)
B-136-574,574,Rambla Prim - Andrade (Besòs),136,Bus,POINT (2.207256994733412 41.42001000335471)
B-22-577,577,Metro Pg de Gràcia,22,Bus,POINT (2.1675200018406544 41.38991899607807)
B-24-577,577,Metro Pg de Gràcia,24,Bus,POINT (2.1675200018406544 41.38991899607807)
B-V27-578,578,Bac de Roda - Bolívia,V27,Bus,POINT (2.201133005581061 41.40976300035332)
B-D20-584,584,Metro Pl de Sants,D20,Bus,POINT (2.1368099945831176 41.375311998633514)
B-V5-584,584,Metro Pl de Sants,V5,Bus,POINT (2.1368099945831176 41.375311998633514)
B-52-584,584,Metro Pl de Sants,52,Bus,POINT (2.1368099945831176 41.375311998633514)
B-65-585,585,La Granja,65,Bus,POINT (2.091616997780693 41.317881999660806)
B-47-586,586,Pg Valldaura - Mercat Guineueta,47,Bus,POINT (2.16972800485847 41.43901199846851)
B-76-586,586,Pg Valldaura - Mercat Guineueta,76,Bus,POINT (2.16972800485847 41.43901199846851)
B-H4-586,586,Pg Valldaura - Mercat Guineueta,H4,Bus,POINT (2.16972800485847 41.43901199846851)
B-H2-586,586,Pg Valldaura - Mercat Guineueta,H2,Bus,POINT (2.16972800485847 41.43901199846851)
B-M19-586,586,Pg Valldaura - Mercat Guineueta,M19,Bus,POINT (2.16972800485847 41.43901199846851)
B-182-586,586,Pg Valldaura - Mercat Guineueta,182,Bus,POINT (2.16972800485847 41.43901199846851)
B-V33-588,588,Sant Adrià - Bon Pastor,V33,Bus,POINT (2.2078960037958226 41.43647600287886)
B-133-588,588,Sant Adrià - Bon Pastor,133,Bus,POINT (2.2078960037958226 41.43647600287886)
B-H4-589,589,Lima - Sas,H4,Bus,POINT (2.2048190020534726 41.43920799916086)
B-157-590,590,Can Clota,157,Bus,POINT (2.0928590056317913 41.377090003933105)
B-EP1-590,590,Can Clota,EP1,Bus,POINT (2.0928590056317913 41.377090003933105)
B-63-591,591,Av d'Esplugues - Hospital Sant Joan de Déu,63,Bus,POINT (2.1039729972153656 41.38492400323297)
B-63-592,592,Laureà Miró - Josep Campreciós,63,Bus,POINT (2.0866460025045255 41.377484997522984)
B-157-592,592,Laureà Miró - Josep Campreciós,157,Bus,POINT (2.0866460025045255 41.377484997522984)
B-EP2-592,592,Laureà Miró - Josep Campreciós,EP2,Bus,POINT (2.0866460025045255 41.377484997522984)
B-96-594,594,Av Catalunya - Puigcerdà,96,Bus,POINT (2.1834560028111856 41.49599300384218)
B-B21-595,595,Av. Catalunya ,B21,Bus,POINT (2.223151987748912 41.428622206607585)
B-B23-595,595,Av. Catalunya ,B23,Bus,POINT (2.223151987748912 41.428622206607585)
B-67-597,597,Ctra de L'Hospitalet - Av Fama,67,Bus,POINT (2.0799239998677788 41.353819998067)
B-68-597,597,Ctra de L'Hospitalet - Av Fama,68,Bus,POINT (2.0799239998677788 41.353819998067)
B-60-603,603,Lima - Ciutat d'Asunción,60,Bus,POINT (2.2007920027282912 41.43919799981147)
B-H8-603,603,Lima - Ciutat d'Asunción,H8,Bus,POINT (2.2007920027282912 41.43919799981147)
B-H4-603,603,Lima - Ciutat d'Asunción,H4,Bus,POINT (2.2007920027282912 41.43919799981147)
B-V33-603,603,Lima - Ciutat d'Asunción,V33,Bus,POINT (2.2007920027282912 41.43919799981147)
B-133-603,603,Lima - Ciutat d'Asunción,133,Bus,POINT (2.2007920027282912 41.43919799981147)
B-V19-604,604,Pi i Margall - Pl Joanic,V19,Bus,POINT (2.1633429952221555 41.406378003408776)
B-V17-605,605,Pg Vall d'Hebron - Av de Vallcarca,V17,Bus,POINT (2.1394150056381553 41.418432001199456)
B-H4-605,605,Pg Vall d'Hebron - Av de Vallcarca,H4,Bus,POINT (2.1394150056381553 41.418432001199456)
B-H2-605,605,Pg Vall d'Hebron - Av de Vallcarca,H2,Bus,POINT (2.1394150056381553 41.418432001199456)
B-27-607,607,Pg Vall d'Hebron - Velòdrom,27,Bus,POINT (2.149734994681037 41.43718999802623)
B-60-607,607,Pg Vall d'Hebron - Velòdrom,60,Bus,POINT (2.149734994681037 41.43718999802623)
B-76-607,607,Pg Vall d'Hebron - Velòdrom,76,Bus,POINT (2.149734994681037 41.43718999802623)
B-H4-607,607,Pg Vall d'Hebron - Velòdrom,H4,Bus,POINT (2.149734994681037 41.43718999802623)
B-M19-607,607,Pg Vall d'Hebron - Velòdrom,M19,Bus,POINT (2.149734994681037 41.43718999802623)
B-PR3-608,608,Av. Anselm Clavé - Enric Borràs,PR3,Bus,POINT (2.0976763108194496 41.33279319252971)
B-L22-608,608,Av. Anselm Clavé - Enric Borràs,L22,Bus,POINT (2.0976763108194496 41.33279319252971)
B-67-609,609,Rubió i Ors - Sant Isidre,67,Bus,POINT (2.0735833499778624 41.352516135913994)
B-68-609,609,Rubió i Ors - Sant Isidre,68,Bus,POINT (2.0735833499778624 41.352516135913994)
B-V13-610,610,Santaló - Plató,V13,Bus,POINT (2.140716994564306 41.399791004197496)
B-V13-611,611,Pl d'Adrià,V13,Bus,POINT (2.1392399951260113 41.400995001209075)
B-V13-612,612,Muntaner - Pl Bonanova,V13,Bus,POINT (2.1341699992670025 41.405792001487164)
B-V13-613,613,Muntaner - Mitre,V13,Bus,POINT (2.137540004416487 41.40305499955769)
B-27-614,614,Pg Vall d'Hebron - Av Can Marcet,27,Bus,POINT (2.1483449963762435 41.435624997808866)
B-60-614,614,Pg Vall d'Hebron - Av Can Marcet,60,Bus,POINT (2.1483449963762435 41.435624997808866)
B-76-614,614,Pg Vall d'Hebron - Av Can Marcet,76,Bus,POINT (2.1483449963762435 41.435624997808866)
B-H4-614,614,Pg Vall d'Hebron - Av Can Marcet,H4,Bus,POINT (2.1483449963762435 41.435624997808866)
B-M19-614,614,Pg Vall d'Hebron - Av Can Marcet,M19,Bus,POINT (2.1483449963762435 41.435624997808866)
B-185-615,615,Campoamor - Av Estatut de Catalunya,185,Bus,POINT (2.154372999231519 41.43513100162537)
B-185-616,616,Campoamor - Rectoria,185,Bus,POINT (2.158050997217813 41.43291900053262)
B-V29-618,618,Cantàbria - Pl del Ram de l'Aigua,V29,Bus,POINT (2.20116199808114 41.42000999928842)
B-B24-619,619,Cantàbria - Menorca,B24,Bus,POINT (2.198677001719468 41.42155799953171)
B-V31-619,619,Cantàbria - Menorca,V31,Bus,POINT (2.198677001719468 41.42155799953171)
B-V29-619,619,Cantàbria - Menorca,V29,Bus,POINT (2.198677001719468 41.42155799953171)
B-V27-621,621,Bac de Roda - Rambla de Guipúscoa,V27,Bus,POINT (2.194211998860061 41.41499100250075)
B-68-622,622,Pg Bonanova,68,Bus,POINT (2.1233449991084132 41.39996899988409)
B-V7-622,622,Pg Bonanova,V7,Bus,POINT (2.1233449991084132 41.39996899988409)
B-39-626,626,Av Mare de Déu de Montserrat - La Bisbal,39,Bus,POINT (2.1716960016260654 41.41798800336364)
B-D40-626,626,Av Mare de Déu de Montserrat - La Bisbal,D40,Bus,POINT (2.1716960016260654 41.41798800336364)
B-V23-626,626,Av Mare de Déu de Montserrat - La Bisbal,V23,Bus,POINT (2.1716960016260654 41.41798800336364)
B-54-627,627,Londres - Calàbria,54,Bus,POINT (2.1440360042370763 41.388472995935345)
B-54-628,628,París - Josep Tarradellas,54,Bus,POINT (2.1431900045849974 41.38599099625973)
B-78-629,629,Numància - Berlín,78,Bus,POINT (2.1394509991861446 41.38275899755587)
B-V7-629,629,Numància - Berlín,V7,Bus,POINT (2.1394509991861446 41.38275899755587)
B-59-630,630,Av de Sarrià - Josep Tarradellas,59,Bus,POINT (2.1448073599629067 41.39040344957521)
B-141-630,630,Av de Sarrià - Josep Tarradellas,141,Bus,POINT (2.1448073599629067 41.39040344957521)
B-78-632,632,Fructuós Gelabert - Sant Martí de l'Erm,78,Bus,POINT (2.0674269965278014 41.37277900045937)
B-19-634,634,Lepant - Sant Antoni Maria Claret,19,Bus,POINT (2.1715700037917287 41.40820500037636)
B-V21-634,634,Lepant - Sant Antoni Maria Claret,V21,Bus,POINT (2.1715700037917287 41.40820500037636)
B-117-635,635,Dos de Maig - Sant Antoni Maria Claret,117,Bus,POINT (2.1759789990738314 41.411569996397304)
B-V23-635,635,Dos de Maig - Sant Antoni Maria Claret,V23,Bus,POINT (2.1759789990738314 41.411569996397304)
B-D50-635,635,Dos de Maig - Sant Antoni Maria Claret,D50,Bus,POINT (2.1759789990738314 41.411569996397304)
B-96-638,638,Av de la Ribera - Mercat Municipal,96,Bus,POINT (2.190971000394085 41.484987995638754)
B-96-639,639,Av Mossèn Joaquim Castellví - Rbla Països Catalans,96,Bus,POINT (2.1882999941602033 41.487510000848204)
B-96-640,640,Rambla dels Països Catalans - Torras i Bages,96,Bus,POINT (2.186709000842178 41.48936899582246)
B-126-641,641,Gran de Sant Andreu - Fabra i Puig,126,Bus,POINT (2.189992994278767 41.42932700007369)
B-H8-641,641,Gran de Sant Andreu - Fabra i Puig,H8,Bus,POINT (2.189992994278767 41.42932700007369)
B-V31-641,641,Gran de Sant Andreu - Fabra i Puig,V31,Bus,POINT (2.189992994278767 41.42932700007369)
B-67-642,642,La Miranda - Pl Catalunya,67,Bus,POINT (2.0782320002418078 41.36002000429915)
B-68-643,643,Ctra d'Esplugues - Les Garrigues,68,Bus,POINT (2.0790589988808876 41.36758599642312)
B-67-644,644,Av de Cornellà - Milà i Pi,67,Bus,POINT (2.0829280000725903 41.37185600130431)
B-68-644,644,Av de Cornellà - Milà i Pi,68,Bus,POINT (2.0829280000725903 41.37185600130431)
B-78-644,644,Av de Cornellà - Milà i Pi,78,Bus,POINT (2.0829280000725903 41.37185600130431)
B-67-645,645,Av de Cornellà - Gall,67,Bus,POINT (2.080804994963558 41.369716001309946)
B-68-645,645,Av de Cornellà - Gall,68,Bus,POINT (2.080804994963558 41.369716001309946)
B-78-645,645,Av de Cornellà - Gall,78,Bus,POINT (2.080804994963558 41.369716001309946)
B-M14-648,648,Escola La Marina,M14,Bus,POINT (2.1094170005334245 41.35253199664815)
B-19-649,649,Pg Maragall - Mossèn Josep Bundó,19,Bus,POINT (2.1681420003723786 41.42736800032179)
B-V25-649,649,Pg Maragall - Mossèn Josep Bundó,V25,Bus,POINT (2.1681420003723786 41.42736800032179)
B-V27-651,651,Mercat Mare de Déu de la Mercè,V27,Bus,POINT (2.1732119987896237 41.43027599668535)
B-19-652,652,Pg Maragall - Amílcar,19,Bus,POINT (2.1729630052388695 41.42627499898193)
B-V25-652,652,Pg Maragall - Amílcar,V25,Bus,POINT (2.1729630052388695 41.42627499898193)
B-55-654,654,Av Miramar - Fundació Joan Miró,55,Bus,POINT (2.1597739954592905 41.36777000135593)
B-150-654,654,Av Miramar - Fundació Joan Miró,150,Bus,POINT (2.1597739954592905 41.36777000135593)
B-55-655,655,Av Miramar - Estació del Funicular,55,Bus,POINT (2.1629429943410345 41.36887600077113)
B-150-655,655,Av Miramar - Estació del Funicular,150,Bus,POINT (2.1629429943410345 41.36887600077113)
B-55-656,656,Av Miramar - Escoles del Bosc,55,Bus,POINT (2.1619440057355304 41.368936997783095)
B-150-656,656,Av Miramar - Escoles del Bosc,150,Bus,POINT (2.1619440057355304 41.368936997783095)
B-55-657,657,Fundació Joan Miró - Pl Neptú,55,Bus,POINT (2.1596310033076964 41.3678609962078)
B-150-657,657,Fundació Joan Miró - Pl Neptú,150,Bus,POINT (2.1596310033076964 41.3678609962078)
B-67-659,659,Ctra d'Esplugues - Can Maragall,67,Bus,POINT (2.0716819954250574 41.356136001012054)
B-68-659,659,Ctra d'Esplugues - Can Maragall,68,Bus,POINT (2.0716819954250574 41.356136001012054)
B-B24-661,661,Aragó - Independència,B24,Bus,POINT (2.1848291255245047 41.40720939509749)
B-V25-661,661,Aragó - Independència,V25,Bus,POINT (2.1848291255245047 41.40720939509749)
B-59-662,662,Marina - Pl dels Voluntaris,59,Bus,POINT (2.1956165004298587 41.38838506995279)
B-V21-662,662,Marina - Pl dels Voluntaris,V21,Bus,POINT (2.1956165004298587 41.38838506995279)
B-V27-662,662,Marina - Pl dels Voluntaris,V27,Bus,POINT (2.1956165004298587 41.38838506995279)
B-136-662,662,Marina - Pl dels Voluntaris,136,Bus,POINT (2.1956165004298587 41.38838506995279)
B-B80-663,663,Can Peixauet,B80,Bus,POINT (2.210814995403075 41.4447200011089)
B-B15-663,663,Can Peixauet,B15,Bus,POINT (2.210814995403075 41.4447200011089)
B-B18-663,663,Can Peixauet,B18,Bus,POINT (2.210814995403075 41.4447200011089)
B-B20-663,663,Can Peixauet,B20,Bus,POINT (2.210814995403075 41.4447200011089)
B-V33-663,663,Can Peixauet,V33,Bus,POINT (2.210814995403075 41.4447200011089)
B-B80-666,666,Banús - Metro Santa Rosa,B80,Bus,POINT (2.2140530035961024 41.446324000577675)
B-B20-666,666,Banús - Metro Santa Rosa,B20,Bus,POINT (2.2140530035961024 41.446324000577675)
B-V33-666,666,Banús - Metro Santa Rosa,V33,Bus,POINT (2.2140530035961024 41.446324000577675)
B-47-667,667,Via Laietana - Correus,47,Bus,POINT (2.1797058889445284 41.38314714931683)
B-59-667,667,Via Laietana - Correus,59,Bus,POINT (2.1797058889445284 41.38314714931683)
B-120-667,667,Via Laietana - Correus,120,Bus,POINT (2.1797058889445284 41.38314714931683)
B-V15-667,667,Via Laietana - Correus,V15,Bus,POINT (2.1797058889445284 41.38314714931683)
B-102-669,669,Bucle Entrada Recinte Cementiri,102,Bus,POINT (2.156183999873581 41.466226003655756)
B-102-670,670,Agrupació número 1·2 - Jardí del Repòs,102,Bus,POINT (2.1580580001938006 41.460526996937666)
B-104-670,670,Agrupació número 1·2 - Jardí del Repòs,104,Bus,POINT (2.1580580001938006 41.460526996937666)
B-102-671,671,Agrupacions números 8 i 14,102,Bus,POINT (2.1625629990838666 41.45841799580502)
B-104-671,671,Agrupacions números 8 i 14,104,Bus,POINT (2.1625629990838666 41.45841799580502)
B-102-673,673,Agrupació número 12·13 - Fossar,102,Bus,POINT (2.162849001357009 41.45929400242117)
B-104-673,673,Agrupació número 12·13 - Fossar,104,Bus,POINT (2.162849001357009 41.45929400242117)
B-102-674,674,Agrupació número 14·15,102,Bus,POINT (2.161238001391399 41.46003599661966)
B-104-674,674,Agrupació número 14·15,104,Bus,POINT (2.161238001391399 41.46003599661966)
B-102-675,675,Agrupació número 15,102,Bus,POINT (2.1594900013604503 41.46061699577451)
B-104-675,675,Agrupació número 15,104,Bus,POINT (2.1594900013604503 41.46061699577451)
B-102-676,676,Agrupació número 16 entrada,102,Bus,POINT (2.1589229980318603 41.46229699962813)
B-104-676,676,Agrupació número 16 entrada,104,Bus,POINT (2.1589229980318603 41.46229699962813)
B-102-678,678,Agrupació número 16 sortida,102,Bus,POINT (2.158824994066417 41.462328997830234)
B-104-678,678,Agrupació número 16 sortida,104,Bus,POINT (2.158824994066417 41.462328997830234)
B-102-679,679,Agrupació número 15 - Columbaris,102,Bus,POINT (2.158025999636635 41.461479997166094)
B-104-679,679,Agrupació número 15 - Columbaris,104,Bus,POINT (2.158025999636635 41.461479997166094)
B-102-680,680,Bucle Sortida Recinte Cementiri,102,Bus,POINT (2.156024005508733 41.466162003327014)
B-19-681,681,Av Jordà - Idumea,19,Bus,POINT (2.1389190058219945 41.42664700000502)
B-76-681,681,Av Jordà - Idumea,76,Bus,POINT (2.1389190058219945 41.42664700000502)
B-V25-682,682,Cementiri de l'Est,V25,Bus,POINT (2.201576998574853 41.394426999990436)
B-112-683,683,Natzaret - Lledoner,112,Bus,POINT (2.136233003911343 41.425866996798696)
B-107-684,684,Pl Sant Agustí,107,Bus,POINT (2.1559139993951573 41.357840002391015)
B-107-685,685,Via Santa Eulàlia - Rda Litoral,107,Bus,POINT (2.15452700131333 41.35312600338612)
B-107-686,686,Pl de l'Esperança,107,Bus,POINT (2.156254001336583 41.35385600422062)
B-107-687,687,Pl de la Caritat,107,Bus,POINT (2.1546729955743387 41.35525600293657)
B-107-688,688,Pl Sant Rafael,107,Bus,POINT (2.1538480019168857 41.355067996324195)
B-107-689,689,Pl Sant Francesc,107,Bus,POINT (2.1576999955132052 41.35642800357744)
B-107-690,690,Via Sant Jordi - Via Sant Sever,107,Bus,POINT (2.1579989959053547 41.355329000016894)
B-107-691,691,Via Sant Jaume - Via Santíssima Trinitat,107,Bus,POINT (2.1547399988499776 41.356267998423355)
B-107-692,692,Via Santíssima Trinitat,107,Bus,POINT (2.1520340047639963 41.35620499889036)
B-107-693,693,Via Santíssima Trinitat - Pl Sant Agustí,107,Bus,POINT (2.154374005320658 41.35688100288935)
B-107-694,694,Via Sant Antoni Abat - Via Santíssima Trinitat,107,Bus,POINT (2.1513790013050538 41.35555700428258)
B-107-695,695,Via Sant Jaume,107,Bus,POINT (2.1532180037513897 41.35569999833436)
B-107-696,696,Via Sant Francesc,107,Bus,POINT (2.1535380037159033 41.35472499678016)
B-6-697,697,Pallars - Zamora,6,Bus,POINT (2.190915000226239 41.39597399803267)
B-H14-697,697,Pallars - Zamora,H14,Bus,POINT (2.190915000226239 41.39597399803267)
B-59-698,698,Av Icària - Joan Miró,59,Bus,POINT (2.1963110056527575 41.39042299831602)
B-H16-698,698,Av Icària - Joan Miró,H16,Bus,POINT (2.1963110056527575 41.39042299831602)
B-V27-698,698,Av Icària - Joan Miró,V27,Bus,POINT (2.1963110056527575 41.39042299831602)
B-34-699,699,Benet Mateu - Manuel de Falla,34,Bus,POINT (2.1262399988971965 41.3938529984152)
B-130-699,699,Benet Mateu - Manuel de Falla,130,Bus,POINT (2.1262399988971965 41.3938529984152)
B-V3-699,699,Benet Mateu - Manuel de Falla,V3,Bus,POINT (2.1262399988971965 41.3938529984152)
B-H16-700,700,Pg Calvell - Rambla del Poblenou,H16,Bus,POINT (2.2065190008195708 41.39744699556359)
B-V27-700,700,Pg Calvell - Rambla del Poblenou,V27,Bus,POINT (2.2065190008195708 41.39744699556359)
B-V7-701,701,Els Vergós,V7,Bus,POINT (2.1270029956155043 41.39707600251049)
B-130-702,702,Pl Artós,130,Bus,POINT (2.125618995902081 41.3955470026369)
B-55-703,703,Ronda Sant Antoni - Pl Goya,55,Bus,POINT (2.1637750056902734 41.38304399772029)
B-H16-703,703,Ronda Sant Antoni - Pl Goya,H16,Bus,POINT (2.1637750056902734 41.38304399772029)
B-D50-703,703,Ronda Sant Antoni - Pl Goya,D50,Bus,POINT (2.1637750056902734 41.38304399772029)
B-27-704,704,Parc de la Vall d'Hebron,27,Bus,POINT (2.145727996713024 41.43131200323899)
B-60-704,704,Parc de la Vall d'Hebron,60,Bus,POINT (2.145727996713024 41.43131200323899)
B-76-704,704,Parc de la Vall d'Hebron,76,Bus,POINT (2.145727996713024 41.43131200323899)
B-V21-704,704,Parc de la Vall d'Hebron,V21,Bus,POINT (2.145727996713024 41.43131200323899)
B-H4-704,704,Parc de la Vall d'Hebron,H4,Bus,POINT (2.145727996713024 41.43131200323899)
B-M19-704,704,Parc de la Vall d'Hebron,M19,Bus,POINT (2.145727996713024 41.43131200323899)
B-62-705,705,Meridiana - Josep Estivill,62,Bus,POINT (2.187081629521355 41.41794463997854)
B-H8-705,705,Meridiana - Josep Estivill,H8,Bus,POINT (2.187081629521355 41.41794463997854)
B-D20-707,707,Sants - Badal,D20,Bus,POINT (2.131880005174098 41.37541800427265)
B-52-707,707,Sants - Badal,52,Bus,POINT (2.131880005174098 41.37541800427265)
B-D20-708,708,Pl de Sants,D20,Bus,POINT (2.1343169975392575 41.37536799685674)
B-52-708,708,Pl de Sants,52,Bus,POINT (2.1343169975392575 41.37536799685674)
B-59-709,709,Les Corts - Carles III,59,Bus,POINT (2.1288360039916134 41.38273200399146)
B-H8-709,709,Les Corts - Carles III,H8,Bus,POINT (2.1288360039916134 41.38273200399146)
B-V5-709,709,Les Corts - Carles III,V5,Bus,POINT (2.1288360039916134 41.38273200399146)
B-63-711,711,Av Pedralbes - Cavallers,63,Bus,POINT (2.1151929998515233 41.3929030034513)
B-78-711,711,Av Pedralbes - Cavallers,78,Bus,POINT (2.1151929998515233 41.3929030034513)
B-V5-711,711,Av Pedralbes - Cavallers,V5,Bus,POINT (2.1151929998515233 41.3929030034513)
B-JM-712,712,Av de l'Exèrcit - Trias i Giró,JM,Bus,POINT (2.110182219516637 41.385126629784445)
B-H4-712,712,Av de l'Exèrcit - Trias i Giró,H4,Bus,POINT (2.110182219516637 41.385126629784445)
B-27-713,713,CAP Vallcarca,27,Bus,POINT (2.1422550004175536 41.41548500070938)
B-123-713,713,CAP Vallcarca,123,Bus,POINT (2.1422550004175536 41.41548500070938)
B-124-713,713,CAP Vallcarca,124,Bus,POINT (2.1422550004175536 41.41548500070938)
B-H12-716,716,Gran Via - Bilbao,H12,Bus,POINT (2.1948689988178263 41.409605004144304)
B-H12-717,717,Gran Via - Selva de Mar,H12,Bus,POINT (2.2008839992637537 41.413668995922905)
B-21-719,719,Pg de Josep Carner - Jardins de Walter Benjamin,21,Bus,POINT (2.175363001266132 41.37307200413157)
B-21-721,721,Pg de Josep Carner - Pg de Montjuïc,21,Bus,POINT (2.1743190050952905 41.37145299774382)
B-21-722,722,Paral·lel - Cabanes,21,Bus,POINT (2.1706349963968408 41.37479399782006)
B-D20-722,722,Paral·lel - Cabanes,D20,Bus,POINT (2.1706349963968408 41.37479399782006)
B-H14-722,722,Paral·lel - Cabanes,H14,Bus,POINT (2.1706349963968408 41.37479399782006)
B-88-722,722,Paral·lel - Cabanes,88,Bus,POINT (2.1706349963968408 41.37479399782006)
B-V11-722,722,Paral·lel - Cabanes,V11,Bus,POINT (2.1706349963968408 41.37479399782006)
B-21-723,723,Paral·lel - Drassanes,21,Bus,POINT (2.1745576004389275 41.374549229722454)
B-D20-723,723,Paral·lel - Drassanes,D20,Bus,POINT (2.1745576004389275 41.374549229722454)
B-H14-723,723,Paral·lel - Drassanes,H14,Bus,POINT (2.1745576004389275 41.374549229722454)
B-88-723,723,Paral·lel - Drassanes,88,Bus,POINT (2.1745576004389275 41.374549229722454)
B-V11-723,723,Paral·lel - Drassanes,V11,Bus,POINT (2.1745576004389275 41.374549229722454)
B-127-725,725,Mina de la Ciutat - Les Torres,127,Bus,POINT (2.174268003571266 41.44735599839298)
B-V29-725,725,Mina de la Ciutat - Les Torres,V29,Bus,POINT (2.174268003571266 41.44735599839298)
B-V33-728,728,Balmes - Almirall Oquendo,V33,Bus,POINT (2.2077400040585227 41.43114600439252)
B-V33-729,729,Balmes - Alarcón,V33,Bus,POINT (2.2108680037900776 41.42962800294464)
B-H4-731,731,Pg Torras i Bages - Els Segadors,H4,Bus,POINT (2.1912779961119617 41.4369760029813)
B-V31-731,731,Pg Torras i Bages - Els Segadors,V31,Bus,POINT (2.1912779961119617 41.4369760029813)
B-19-732,732,Hospital Sant Rafael,19,Bus,POINT (2.1407039953959486 41.42516000374303)
B-76-732,732,Hospital Sant Rafael,76,Bus,POINT (2.1407039953959486 41.42516000374303)
B-112-732,732,Hospital Sant Rafael,112,Bus,POINT (2.1407039953959486 41.42516000374303)
B-19-733,733,Escola Oficial d'Idiomes Vall d'Hebron,19,Bus,POINT (2.1385430054811434 41.42661700065185)
B-76-733,733,Escola Oficial d'Idiomes Vall d'Hebron,76,Bus,POINT (2.1385430054811434 41.42661700065185)
B-112-733,733,Escola Oficial d'Idiomes Vall d'Hebron,112,Bus,POINT (2.1385430054811434 41.42661700065185)
B-19-734,734,Centre Cívic Casa Groga,19,Bus,POINT (2.13698800090582 41.427023003161274)
B-76-734,734,Centre Cívic Casa Groga,76,Bus,POINT (2.13698800090582 41.427023003161274)
B-112-734,734,Centre Cívic Casa Groga,112,Bus,POINT (2.13698800090582 41.427023003161274)
B-B14-740,740,Encants de Sant Adrià,B14,Bus,POINT (2.2214203993148147 41.43027373109906)
B-B21-740,740,Encants de Sant Adrià,B21,Bus,POINT (2.2214203993148147 41.43027373109906)
B-B23-740,740,Encants de Sant Adrià,B23,Bus,POINT (2.2214203993148147 41.43027373109906)
B-B25-740,740,Encants de Sant Adrià,B25,Bus,POINT (2.2214203993148147 41.43027373109906)
B-B20-740,740,Encants de Sant Adrià,B20,Bus,POINT (2.2214203993148147 41.43027373109906)
B-H10-740,740,Encants de Sant Adrià,H10,Bus,POINT (2.2214203993148147 41.43027373109906)
B-96-742,742,Av de la Ribera - Pg Rocamora,96,Bus,POINT (2.1908390058170717 41.48481499939601)
B-126-744,744,Felip II - Meridiana,126,Bus,POINT (2.186077005628056 41.42111699678237)
B-V27-744,744,Felip II - Meridiana,V27,Bus,POINT (2.186077005628056 41.42111699678237)
B-96-747,747,Av Catalunya - Sol,96,Bus,POINT (2.182103997599606 41.493746998579056)
B-67-748,748,Av de Cornellà - Pl Sardana,67,Bus,POINT (2.0839340045586034 41.37254500000701)
B-68-748,748,Av de Cornellà - Pl Sardana,68,Bus,POINT (2.0839340045586034 41.37254500000701)
B-78-748,748,Av de Cornellà - Pl Sardana,78,Bus,POINT (2.0839340045586034 41.37254500000701)
B-19-749,749,Santa Rosalia - Castellbisbal,19,Bus,POINT (2.143730000490074 41.42075400001772)
B-119-749,749,Santa Rosalia - Castellbisbal,119,Bus,POINT (2.143730000490074 41.42075400001772)
B-H2-749,749,Santa Rosalia - Castellbisbal,H2,Bus,POINT (2.143730000490074 41.42075400001772)
B-76-752,752,Aiguablava - Pedrosa,76,Bus,POINT (2.182142994993306 41.44892299891655)
B-127-752,752,Aiguablava - Pedrosa,127,Bus,POINT (2.182142994993306 41.44892299891655)
B-H2-752,752,Aiguablava - Pedrosa,H2,Bus,POINT (2.182142994993306 41.44892299891655)
B-V29-752,752,Aiguablava - Pedrosa,V29,Bus,POINT (2.182142994993306 41.44892299891655)
B-D50-752,752,Aiguablava - Pedrosa,D50,Bus,POINT (2.182142994993306 41.44892299891655)
B-180-752,752,Aiguablava - Pedrosa,180,Bus,POINT (2.182142994993306 41.44892299891655)
B-H2-753,753,Aiguablava - La Fosca,H2,Bus,POINT (2.1817629984117977 41.44839600176623)
B-D50-753,753,Aiguablava - La Fosca,D50,Bus,POINT (2.1817629984117977 41.44839600176623)
B-180-753,753,Aiguablava - La Fosca,180,Bus,POINT (2.1817629984117977 41.44839600176623)
B-V17-754,754,Pg Vall d'Hebron - L'Arrabassada,V17,Bus,POINT (2.1390620045997215 41.41862300236761)
B-H4-754,754,Pg Vall d'Hebron - L'Arrabassada,H4,Bus,POINT (2.1390620045997215 41.41862300236761)
B-H2-754,754,Pg Vall d'Hebron - L'Arrabassada,H2,Bus,POINT (2.1390620045997215 41.41862300236761)
B-47-755,755,Pg Valldaura - Guineueta,47,Bus,POINT (2.16538399454511 41.439436997767416)
B-76-755,755,Pg Valldaura - Guineueta,76,Bus,POINT (2.16538399454511 41.439436997767416)
B-122-755,755,Pg Valldaura - Guineueta,122,Bus,POINT (2.16538399454511 41.439436997767416)
B-V27-755,755,Pg Valldaura - Guineueta,V27,Bus,POINT (2.16538399454511 41.439436997767416)
B-H4-755,755,Pg Valldaura - Guineueta,H4,Bus,POINT (2.16538399454511 41.439436997767416)
B-M19-755,755,Pg Valldaura - Guineueta,M19,Bus,POINT (2.16538399454511 41.439436997767416)
B-182-755,755,Pg Valldaura - Guineueta,182,Bus,POINT (2.16538399454511 41.439436997767416)
B-91-760,760,Badal - Av Carrilet,91,Bus,POINT (2.134608004630681 41.36661699725089)
B-V3-760,760,Badal - Av Carrilet,V3,Bus,POINT (2.134608004630681 41.36661699725089)
B-63-761,761,Av d'Esplugues - González Tablas,63,Bus,POINT (2.106660996961792 41.38748399901989)
B-68-761,761,Av d'Esplugues - González Tablas,68,Bus,POINT (2.106660996961792 41.38748399901989)
B-78-761,761,Av d'Esplugues - González Tablas,78,Bus,POINT (2.106660996961792 41.38748399901989)
B-H2-761,761,Av d'Esplugues - González Tablas,H2,Bus,POINT (2.106660996961792 41.38748399901989)
B-175-761,761,Av d'Esplugues - González Tablas,175,Bus,POINT (2.106660996961792 41.38748399901989)
B-63-762,762,Av d'Esplugues,63,Bus,POINT (2.109145999841358 41.38989599718423)
B-68-762,762,Av d'Esplugues,68,Bus,POINT (2.109145999841358 41.38989599718423)
B-78-762,762,Av d'Esplugues,78,Bus,POINT (2.109145999841358 41.38989599718423)
B-H4-762,762,Av d'Esplugues,H4,Bus,POINT (2.109145999841358 41.38989599718423)
B-63-763,763,Av d'Esplugues - Av Pearson,63,Bus,POINT (2.112004004883896 41.39332000095271)
B-68-763,763,Av d'Esplugues - Av Pearson,68,Bus,POINT (2.112004004883896 41.39332000095271)
B-78-763,763,Av d'Esplugues - Av Pearson,78,Bus,POINT (2.112004004883896 41.39332000095271)
B-H4-763,763,Av d'Esplugues - Av Pearson,H4,Bus,POINT (2.112004004883896 41.39332000095271)
B-V5-763,763,Av d'Esplugues - Av Pearson,V5,Bus,POINT (2.112004004883896 41.39332000095271)
B-68-764,764,Bisbe Català - Pl de Pedralbes,68,Bus,POINT (2.1142809986291 41.39601299898649)
B-H4-764,764,Bisbe Català - Pl de Pedralbes,H4,Bus,POINT (2.1142809986291 41.39601299898649)
B-63-765,765,Pl Pius XII,63,Bus,POINT (2.121618005383787 41.38811600193336)
B-78-765,765,Pl Pius XII,78,Bus,POINT (2.121618005383787 41.38811600193336)
B-V5-765,765,Pl Pius XII,V5,Bus,POINT (2.121618005383787 41.38811600193336)
B-67-766,766,Diagonal - Pl Pius XII,67,Bus,POINT (2.122614996445706 41.38723800060718)
B-M14-766,766,Diagonal - Pl Pius XII,M14,Bus,POINT (2.122614996445706 41.38723800060718)
B-175-766,766,Diagonal - Pl Pius XII,175,Bus,POINT (2.122614996445706 41.38723800060718)
B-117-768,768,Grècia - Pl del Nen de la Rutlla,117,Bus,POINT (2.1714469989199907 41.41911299894634)
B-V23-768,768,Grècia - Pl del Nen de la Rutlla,V23,Bus,POINT (2.1714469989199907 41.41911299894634)
B-60-769,769,Via Favència - Rambla Caçador,60,Bus,POINT (2.1670940031220702 41.44147699939824)
B-122-769,769,Via Favència - Rambla Caçador,122,Bus,POINT (2.1670940031220702 41.44147699939824)
B-21-770,770,Paral·lel - Margarit,21,Bus,POINT (2.1645059993348923 41.374866001323774)
B-D20-770,770,Paral·lel - Margarit,D20,Bus,POINT (2.1645059993348923 41.374866001323774)
B-H14-770,770,Paral·lel - Margarit,H14,Bus,POINT (2.1645059993348923 41.374866001323774)
B-V11-770,770,Paral·lel - Margarit,V11,Bus,POINT (2.1645059993348923 41.374866001323774)
B-D50-770,770,Paral·lel - Margarit,D50,Bus,POINT (2.1645059993348923 41.374866001323774)
B-157-771,771,Ca n'Oliveres,157,Bus,POINT (2.097657132702501 41.37654852957012)
B-47-772,772,Doctor Pi i Molist - Pl Virrei Amat,47,Bus,POINT (2.1746199981284233 41.430841001694375)
B-D40-772,772,Doctor Pi i Molist - Pl Virrei Amat,D40,Bus,POINT (2.1746199981284233 41.430841001694375)
B-V29-772,772,Doctor Pi i Molist - Pl Virrei Amat,V29,Bus,POINT (2.1746199981284233 41.430841001694375)
B-D50-772,772,Doctor Pi i Molist - Pl Virrei Amat,D50,Bus,POINT (2.1746199981284233 41.430841001694375)
B-47-773,773,Doctor Pi i Molist - Orduña,47,Bus,POINT (2.173054998398178 41.43342099690031)
B-D40-773,773,Doctor Pi i Molist - Orduña,D40,Bus,POINT (2.173054998398178 41.43342099690031)
B-V29-773,773,Doctor Pi i Molist - Orduña,V29,Bus,POINT (2.173054998398178 41.43342099690031)
B-D50-773,773,Doctor Pi i Molist - Orduña,D50,Bus,POINT (2.173054998398178 41.43342099690031)
B-182-773,773,Doctor Pi i Molist - Orduña,182,Bus,POINT (2.173054998398178 41.43342099690031)
B-13-776,776,Sepúlveda - Av Mistral,13,Bus,POINT (2.152409002777773 41.3756829956789)
B-91-776,776,Sepúlveda - Av Mistral,91,Bus,POINT (2.152409002777773 41.3756829956789)
B-27-777,777,Av Roma - Tarragona,27,Bus,POINT (2.1436143295190133 41.380472159447905)
B-78-777,777,Av Roma - Tarragona,78,Bus,POINT (2.1436143295190133 41.380472159447905)
B-109-777,777,Av Roma - Tarragona,109,Bus,POINT (2.1436143295190133 41.380472159447905)
B-115-777,777,Av Roma - Tarragona,115,Bus,POINT (2.1436143295190133 41.380472159447905)
B-V7-777,777,Av Roma - Tarragona,V7,Bus,POINT (2.1436143295190133 41.380472159447905)
B-H10-777,777,Av Roma - Tarragona,H10,Bus,POINT (2.1436143295190133 41.380472159447905)
B-D40-777,777,Av Roma - Tarragona,D40,Bus,POINT (2.1436143295190133 41.380472159447905)
B-D20-778,778,Av Sant Ramon Nonat - Cardenal Reig,D20,Bus,POINT (2.1164460031717036 41.3774340040467)
B-19-780,780,Trafalgar - Bruc,19,Bus,POINT (2.1770009954894003 41.38971500254741)
B-V17-780,780,Trafalgar - Bruc,V17,Bus,POINT (2.1770009954894003 41.38971500254741)
B-H16-780,780,Trafalgar - Bruc,H16,Bus,POINT (2.1770009954894003 41.38971500254741)
B-47-783,783,Sant Antoni Maria Claret - Lepant,47,Bus,POINT (2.170400000657914 41.40831200081118)
B-H8-783,783,Sant Antoni Maria Claret - Lepant,H8,Bus,POINT (2.170400000657914 41.40831200081118)
B-33-784,784,València - Lepant,33,Bus,POINT (2.1774169951326514 41.40320800341996)
B-34-784,784,València - Lepant,34,Bus,POINT (2.1774169951326514 41.40320800341996)
B-B24-784,784,València - Lepant,B24,Bus,POINT (2.1774169951326514 41.40320800341996)
B-H10-784,784,València - Lepant,H10,Bus,POINT (2.1774169951326514 41.40320800341996)
B-D50-784,784,València - Lepant,D50,Bus,POINT (2.1774169951326514 41.40320800341996)
B-7-785,785,Gran Via - Padilla,7,Bus,POINT (2.1829380690810827 41.40058499619476)
B-H12-785,785,Gran Via - Padilla,H12,Bus,POINT (2.1829380690810827 41.40058499619476)
B-B14-786,786,Joan XXIII - Andreu Soler,B14,Bus,POINT (2.2182931528606216 41.432656691908235)
B-B21-786,786,Joan XXIII - Andreu Soler,B21,Bus,POINT (2.2182931528606216 41.432656691908235)
B-B23-786,786,Joan XXIII - Andreu Soler,B23,Bus,POINT (2.2182931528606216 41.432656691908235)
B-B25-786,786,Joan XXIII - Andreu Soler,B25,Bus,POINT (2.2182931528606216 41.432656691908235)
B-B20-786,786,Joan XXIII - Andreu Soler,B20,Bus,POINT (2.2182931528606216 41.432656691908235)
B-H10-786,786,Joan XXIII - Andreu Soler,H10,Bus,POINT (2.2182931528606216 41.432656691908235)
B-39-787,787,Escorial - Legalitat,39,Bus,POINT (2.160790995261843 41.407944003801205)
B-114-787,787,Escorial - Legalitat,114,Bus,POINT (2.160790995261843 41.407944003801205)
B-116-787,787,Escorial - Legalitat,116,Bus,POINT (2.160790995261843 41.407944003801205)
B-55-789,789,Pg de l'Exposició - Santa Madrona,55,Bus,POINT (2.1585909979748896 41.370517996465765)
B-86-793,793,Rambla del Carmel,86,Bus,POINT (2.1575619958524355 41.42575000035757)
B-87-793,793,Rambla del Carmel,87,Bus,POINT (2.1575619958524355 41.42575000035757)
B-V21-793,793,Rambla del Carmel,V21,Bus,POINT (2.1575619958524355 41.42575000035757)
B-112-797,797,Costa Pacheco - Font del Roure,112,Bus,POINT (2.1296340039690747 41.428405998973986)
B-112-800,800,Natzaret - Cànoves,112,Bus,POINT (2.135451002297943 41.42701300323724)
B-47-803,803,Pg Verdum - Pl Jardins d'Alfàbia,47,Bus,POINT (2.173484004284166 41.436940997971526)
B-D40-803,803,Pg Verdum - Pl Jardins d'Alfàbia,D40,Bus,POINT (2.173484004284166 41.436940997971526)
B-V29-803,803,Pg Verdum - Pl Jardins d'Alfàbia,V29,Bus,POINT (2.173484004284166 41.436940997971526)
B-D50-803,803,Pg Verdum - Pl Jardins d'Alfàbia,D50,Bus,POINT (2.173484004284166 41.436940997971526)
B-182-803,803,Pg Verdum - Pl Jardins d'Alfàbia,182,Bus,POINT (2.173484004284166 41.436940997971526)
B-76-804,804,Via Júlia - Font de Canyelles,76,Bus,POINT (2.1762529941437516 41.44042100117906)
B-H2-804,804,Via Júlia - Font de Canyelles,H2,Bus,POINT (2.1762529941437516 41.44042100117906)
B-D40-804,804,Via Júlia - Font de Canyelles,D40,Bus,POINT (2.1762529941437516 41.44042100117906)
B-V29-804,804,Via Júlia - Font de Canyelles,V29,Bus,POINT (2.1762529941437516 41.44042100117906)
B-D50-804,804,Via Júlia - Font de Canyelles,D50,Bus,POINT (2.1762529941437516 41.44042100117906)
B-H4-805,805,Pg Valldaura - Font de Canyelles,H4,Bus,POINT (2.179161998046628 41.43903499591237)
B-M19-805,805,Pg Valldaura - Font de Canyelles,M19,Bus,POINT (2.179161998046628 41.43903499591237)
B-47-806,806,Mercat de la Guineueta,47,Bus,POINT (2.170002001276591 41.438790996706196)
B-76-806,806,Mercat de la Guineueta,76,Bus,POINT (2.170002001276591 41.438790996706196)
B-H4-806,806,Mercat de la Guineueta,H4,Bus,POINT (2.170002001276591 41.438790996706196)
B-H2-806,806,Mercat de la Guineueta,H2,Bus,POINT (2.170002001276591 41.438790996706196)
B-M19-806,806,Mercat de la Guineueta,M19,Bus,POINT (2.170002001276591 41.438790996706196)
B-182-806,806,Mercat de la Guineueta,182,Bus,POINT (2.170002001276591 41.438790996706196)
B-47-807,807,Pg Valldaura - Pg de Verdum,47,Bus,POINT (2.173494998486418 41.438433996092996)
B-76-807,807,Pg Valldaura - Pg de Verdum,76,Bus,POINT (2.173494998486418 41.438433996092996)
B-H4-807,807,Pg Valldaura - Pg de Verdum,H4,Bus,POINT (2.173494998486418 41.438433996092996)
B-H2-807,807,Pg Valldaura - Pg de Verdum,H2,Bus,POINT (2.173494998486418 41.438433996092996)
B-M19-807,807,Pg Valldaura - Pg de Verdum,M19,Bus,POINT (2.173494998486418 41.438433996092996)
B-182-807,807,Pg Valldaura - Pg de Verdum,182,Bus,POINT (2.173494998486418 41.438433996092996)
B-76-808,808,Via Júlia - Pl Francesc Layret,76,Bus,POINT (2.177865999293262 41.44251700330637)
B-H2-808,808,Via Júlia - Pl Francesc Layret,H2,Bus,POINT (2.177865999293262 41.44251700330637)
B-D50-808,808,Via Júlia - Pl Francesc Layret,D50,Bus,POINT (2.177865999293262 41.44251700330637)
B-76-810,810,Via Júlia - Ptge Quintana,76,Bus,POINT (2.178941002374727 41.44500000277419)
B-H2-810,810,Via Júlia - Ptge Quintana,H2,Bus,POINT (2.178941002374727 41.44500000277419)
B-D50-810,810,Via Júlia - Ptge Quintana,D50,Bus,POINT (2.178941002374727 41.44500000277419)
B-60-813,813,Via Favència - Almansa,60,Bus,POINT (2.174626001618524 41.44488300393244)
B-V29-813,813,Via Favència - Almansa,V29,Bus,POINT (2.174626001618524 41.44488300393244)
B-59-814,814,Villarroel - Buenos Aires,59,Bus,POINT (2.147597000524724 41.39205299794752)
B-63-814,814,Villarroel - Buenos Aires,63,Bus,POINT (2.147597000524724 41.39205299794752)
B-67-814,814,Villarroel - Buenos Aires,67,Bus,POINT (2.147597000524724 41.39205299794752)
B-68-814,814,Villarroel - Buenos Aires,68,Bus,POINT (2.147597000524724 41.39205299794752)
B-141-814,814,Villarroel - Buenos Aires,141,Bus,POINT (2.147597000524724 41.39205299794752)
B-V11-814,814,Villarroel - Buenos Aires,V11,Bus,POINT (2.147597000524724 41.39205299794752)
B-60-817,817,Via Favència - Biblioteca Les Roquetes,60,Bus,POINT (2.177482000361501 41.44585299558605)
B-127-817,817,Via Favència - Biblioteca Les Roquetes,127,Bus,POINT (2.177482000361501 41.44585299558605)
B-V29-817,817,Via Favència - Biblioteca Les Roquetes,V29,Bus,POINT (2.177482000361501 41.44585299558605)
B-H4-818,818,Pg Valldaura - Escultor Ordóñez,H4,Bus,POINT (2.1792710012954735 41.438894996451616)
B-M19-818,818,Pg Valldaura - Escultor Ordóñez,M19,Bus,POINT (2.1792710012954735 41.438894996451616)
B-47-819,819,Pg Verdum - Pl de la República,47,Bus,POINT (2.1740510023950046 41.43775600056994)
B-D40-819,819,Pg Verdum - Pl de la República,D40,Bus,POINT (2.1740510023950046 41.43775600056994)
B-V29-819,819,Pg Verdum - Pl de la República,V29,Bus,POINT (2.1740510023950046 41.43775600056994)
B-D50-819,819,Pg Verdum - Pl de la República,D50,Bus,POINT (2.1740510023950046 41.43775600056994)
B-182-819,819,Pg Verdum - Pl de la República,182,Bus,POINT (2.1740510023950046 41.43775600056994)
B-D40-820,820,Metro Maragall,D40,Bus,POINT (2.17612499443525 41.42451800278659)
B-65-821,821,Antoni Martín i Sánchez,65,Bus,POINT (2.084971001608296 41.316953997805605)
B-PR3-821,821,Antoni Martín i Sánchez,PR3,Bus,POINT (2.084971001608296 41.316953997805605)
B-6-822,822,Diagonal - Av de Sarrià,6,Bus,POINT (2.1403099996229207 41.39133200345739)
B-7-822,822,Diagonal - Av de Sarrià,7,Bus,POINT (2.1403099996229207 41.39133200345739)
B-33-822,822,Diagonal - Av de Sarrià,33,Bus,POINT (2.1403099996229207 41.39133200345739)
B-34-822,822,Diagonal - Av de Sarrià,34,Bus,POINT (2.1403099996229207 41.39133200345739)
B-63-822,822,Diagonal - Av de Sarrià,63,Bus,POINT (2.1403099996229207 41.39133200345739)
B-67-822,822,Diagonal - Av de Sarrià,67,Bus,POINT (2.1403099996229207 41.39133200345739)
B-V9-822,822,Diagonal - Av de Sarrià,V9,Bus,POINT (2.1403099996229207 41.39133200345739)
B-117-823,823,Av Mare de Déu de Montserrat - Periodistes,117,Bus,POINT (2.174119995306825 41.421681996147264)
B-D40-823,823,Av Mare de Déu de Montserrat - Periodistes,D40,Bus,POINT (2.174119995306825 41.421681996147264)
B-117-824,824,Alt de Pedrell - Aguilar,117,Bus,POINT (2.168776995128422 41.42564499721283)
B-V23-824,824,Alt de Pedrell - Aguilar,V23,Bus,POINT (2.168776995128422 41.42564499721283)
B-V23-825,825,Alt de Pedrell - Palautordera,V23,Bus,POINT (2.169577998324987 41.426011998623586)
B-V23-826,826,Arc de Sant Martí - Camil Oliveras,V23,Bus,POINT (2.171801001681411 41.423723997829754)
B-B25-827,827,Llull - Bilbao,B25,Bus,POINT (2.2034310017399545 41.40189100103083)
B-B20-827,827,Llull - Bilbao,B20,Bus,POINT (2.2034310017399545 41.40189100103083)
B-136-827,827,Llull - Bilbao,136,Bus,POINT (2.2034310017399545 41.40189100103083)
B-33-828,828,Guipúscoa - Bilbao,33,Bus,POINT (2.1920440003014496 41.412351001366204)
B-B25-830,830,Llull - Ciutat de Granada,B25,Bus,POINT (2.1989129960705296 41.398485000716306)
B-B20-830,830,Llull - Ciutat de Granada,B20,Bus,POINT (2.1989129960705296 41.398485000716306)
B-136-830,830,Llull - Ciutat de Granada,136,Bus,POINT (2.1989129960705296 41.398485000716306)
B-157-831,831,Collblanc - Cardenal Reig,157,Bus,POINT (2.114647995304897 41.37576000070048)
B-6-835,835,Pujades - Àlaba,6,Bus,POINT (2.1932870048430044 41.39614999586701)
B-B25-835,835,Pujades - Àlaba,B25,Bus,POINT (2.1932870048430044 41.39614999586701)
B-B20-835,835,Pujades - Àlaba,B20,Bus,POINT (2.1932870048430044 41.39614999586701)
B-136-835,835,Pujades - Àlaba,136,Bus,POINT (2.1932870048430044 41.39614999586701)
B-B14-838,838,Llorenç Serra ,B14,Bus,POINT (2.2051779983598845 41.45045799719693)
B-B15-838,838,Llorenç Serra ,B15,Bus,POINT (2.2051779983598845 41.45045799719693)
B-V33-838,838,Llorenç Serra ,V33,Bus,POINT (2.2051779983598845 41.45045799719693)
B-M19-838,838,Llorenç Serra ,M19,Bus,POINT (2.2051779983598845 41.45045799719693)
B-47-839,839,Bruc - Provença,47,Bus,POINT (2.165625998340079 41.397189002768236)
B-39-841,841,Llúria - Mallorca,39,Bus,POINT (2.1657059950305095 41.39557599816347)
B-47-841,841,Llúria - Mallorca,47,Bus,POINT (2.1657059950305095 41.39557599816347)
B-V17-841,841,Llúria - Mallorca,V17,Bus,POINT (2.1657059950305095 41.39557599816347)
B-54-842,842,Aribau - Mallorca,54,Bus,POINT (2.157710005596018 41.389686998699084)
B-67-842,842,Aribau - Mallorca,67,Bus,POINT (2.157710005596018 41.389686998699084)
B-V13-842,842,Aribau - Mallorca,V13,Bus,POINT (2.157710005596018 41.389686998699084)
B-109-843,843,Mercabarna,109,Bus,POINT (2.1155450020334947 41.33117399756304)
B-109-844,844,Carrer número 6 - Carrer F,109,Bus,POINT (2.1181230049830555 41.324991003533555)
B-19-845,845,Pg Mare de Déu del Coll - Ramon Rocafull,19,Bus,POINT (2.152115001435449 41.42483600120951)
B-87-845,845,Pg Mare de Déu del Coll - Ramon Rocafull,87,Bus,POINT (2.152115001435449 41.42483600120951)
B-H2-845,845,Pg Mare de Déu del Coll - Ramon Rocafull,H2,Bus,POINT (2.152115001435449 41.42483600120951)
B-22-847,847,Vallcarca,22,Bus,POINT (2.1443709986106496 41.41302600191297)
B-87-847,847,Vallcarca,87,Bus,POINT (2.1443709986106496 41.41302600191297)
B-V19-847,847,Vallcarca,V19,Bus,POINT (2.1443709986106496 41.41302600191297)
B-22-848,848,Pg Mare de Déu del Coll - Cartago,22,Bus,POINT (2.146380003292119 41.41542900163053)
B-87-848,848,Pg Mare de Déu del Coll - Cartago,87,Bus,POINT (2.146380003292119 41.41542900163053)
B-V19-848,848,Pg Mare de Déu del Coll - Cartago,V19,Bus,POINT (2.146380003292119 41.41542900163053)
B-22-849,849,Pg Mare de Déu del Coll - Baixada de Sant Marià,22,Bus,POINT (2.147739000157181 41.41783199829484)
B-87-849,849,Pg Mare de Déu del Coll - Baixada de Sant Marià,87,Bus,POINT (2.147739000157181 41.41783199829484)
B-V19-849,849,Pg Mare de Déu del Coll - Baixada de Sant Marià,V19,Bus,POINT (2.147739000157181 41.41783199829484)
B-22-850,850,Pg Mare de Déu del Coll - Santuari,22,Bus,POINT (2.149115995425957 41.42014899999148)
B-V19-850,850,Pg Mare de Déu del Coll - Santuari,V19,Bus,POINT (2.149115995425957 41.42014899999148)
B-22-851,851,Pg Mare de Déu del Coll - Santuari,22,Bus,POINT (2.1489179951381017 41.42007399857076)
B-V19-851,851,Pg Mare de Déu del Coll - Santuari,V19,Bus,POINT (2.1489179951381017 41.42007399857076)
B-22-852,852,Pg Mare de Déu del Coll - Baixada Solanell,22,Bus,POINT (2.147553001867762 41.417603001858566)
B-87-852,852,Pg Mare de Déu del Coll - Baixada Solanell,87,Bus,POINT (2.147553001867762 41.417603001858566)
B-V19-852,852,Pg Mare de Déu del Coll - Baixada Solanell,V19,Bus,POINT (2.147553001867762 41.417603001858566)
B-22-853,853,Pg Mare de Déu del Coll - Pl Flandes,22,Bus,POINT (2.1459239996856647 41.41530599830427)
B-87-853,853,Pg Mare de Déu del Coll - Pl Flandes,87,Bus,POINT (2.1459239996856647 41.41530599830427)
B-V19-853,853,Pg Mare de Déu del Coll - Pl Flandes,V19,Bus,POINT (2.1459239996856647 41.41530599830427)
B-175-854,854,Riera Blanca - Onze de Setembre,175,Bus,POINT (2.1214549958964626 41.37732200337675)
B-54-855,855,Vallespir - Jardí de Magalí,54,Bus,POINT (2.133990002732209 41.383906999264106)
B-D20-856,856,Arizala - Av Madrid,D20,Bus,POINT (2.1251039966768155 41.376424004423065)
B-52-856,856,Arizala - Av Madrid,52,Bus,POINT (2.1251039966768155 41.376424004423065)
B-70-857,857,Rambla del Brasil - Miquel Àngel,70,Bus,POINT (2.1300949998128305 41.37732499810918)
B-V3-858,858,Carles III - Av Madrid,V3,Bus,POINT (2.128728998686933 41.37978799975069)
B-19-859,859,Sant Antoni Maria Claret - Rambla Volart,19,Bus,POINT (2.179667996396681 41.41526900239648)
B-47-859,859,Sant Antoni Maria Claret - Rambla Volart,47,Bus,POINT (2.179667996396681 41.41526900239648)
B-117-859,859,Sant Antoni Maria Claret - Rambla Volart,117,Bus,POINT (2.179667996396681 41.41526900239648)
B-192-859,859,Sant Antoni Maria Claret - Rambla Volart,192,Bus,POINT (2.179667996396681 41.41526900239648)
B-H8-859,859,Sant Antoni Maria Claret - Rambla Volart,H8,Bus,POINT (2.179667996396681 41.41526900239648)
B-D50-859,859,Sant Antoni Maria Claret - Rambla Volart,D50,Bus,POINT (2.179667996396681 41.41526900239648)
B-191-859,859,Sant Antoni Maria Claret - Rambla Volart,191,Bus,POINT (2.179667996396681 41.41526900239648)
B-191-861,861,Pl Maragall - Navas de Tolosa,191,Bus,POINT (2.1813769955946345 41.41979399734664)
B-114-863,863,Jaume Puigvert - José Millán González,114,Bus,POINT (2.1601299957479405 41.41611899878041)
B-70-866,866,Capità Arenas - Pg Manuel Girona,70,Bus,POINT (2.1257770041148505 41.39083499904546)
B-109-867,867,Pg Zona Franca - Mineria,109,Bus,POINT (2.1376400003406406 41.36230299965029)
B-125-867,867,Pg Zona Franca - Mineria,125,Bus,POINT (2.1376400003406406 41.36230299965029)
B-V3-867,867,Pg Zona Franca - Mineria,V3,Bus,POINT (2.1376400003406406 41.36230299965029)
B-H16-867,867,Pg Zona Franca - Mineria,H16,Bus,POINT (2.1376400003406406 41.36230299965029)
B-65-868,868,La Campana,65,Bus,POINT (2.139983998832136 41.36802499917103)
B-109-868,868,La Campana,109,Bus,POINT (2.139983998832136 41.36802499917103)
B-H12-868,868,La Campana,H12,Bus,POINT (2.139983998832136 41.36802499917103)
B-H16-868,868,La Campana,H16,Bus,POINT (2.139983998832136 41.36802499917103)
B-33-871,871,Mallorca - Meridiana,33,Bus,POINT (2.1873589957272848 41.412523997438335)
B-34-871,871,Mallorca - Meridiana,34,Bus,POINT (2.1873589957272848 41.412523997438335)
B-H10-871,871,Mallorca - Meridiana,H10,Bus,POINT (2.1873589957272848 41.412523997438335)
B-97-872,872,Estació d'Autobusos Fabra i Puig,97,Bus,POINT (2.1832539949931715 41.43162800136446)
B-34-873,873,Fabra i Puig - Gran de Sant Andreu,34,Bus,POINT (2.18915599897663 41.43020199650871)
B-126-873,873,Fabra i Puig - Gran de Sant Andreu,126,Bus,POINT (2.18915599897663 41.43020199650871)
B-H6-873,873,Fabra i Puig - Gran de Sant Andreu,H6,Bus,POINT (2.18915599897663 41.43020199650871)
B-133-873,873,Fabra i Puig - Gran de Sant Andreu,133,Bus,POINT (2.18915599897663 41.43020199650871)
B-34-874,874,Fabra i Puig - Llenguadoc,34,Bus,POINT (2.185483003813473 41.430251001003185)
B-126-874,874,Fabra i Puig - Llenguadoc,126,Bus,POINT (2.185483003813473 41.430251001003185)
B-H6-874,874,Fabra i Puig - Llenguadoc,H6,Bus,POINT (2.185483003813473 41.430251001003185)
B-133-874,874,Fabra i Puig - Llenguadoc,133,Bus,POINT (2.185483003813473 41.430251001003185)
B-34-875,875,Escòcia,34,Bus,POINT (2.1794360053626747 41.428618997769604)
B-122-875,875,Escòcia,122,Bus,POINT (2.1794360053626747 41.428618997769604)
B-H6-875,875,Escòcia,H6,Bus,POINT (2.1794360053626747 41.428618997769604)
B-V29-875,875,Escòcia,V29,Bus,POINT (2.1794360053626747 41.428618997769604)
B-126-877,877,Ctra de Ribes - Meridiana,126,Bus,POINT (2.1897439965074477 41.4494590008065)
B-127-877,877,Ctra de Ribes - Meridiana,127,Bus,POINT (2.1897439965074477 41.4494590008065)
B-V31-877,877,Ctra de Ribes - Meridiana,V31,Bus,POINT (2.1897439965074477 41.4494590008065)
B-133-877,877,Ctra de Ribes - Meridiana,133,Bus,POINT (2.1897439965074477 41.4494590008065)
B-62-878,878,Av Rasos de Peguera - Meridiana,62,Bus,POINT (2.1796739972084875 41.46214800220511)
B-104-878,878,Av Rasos de Peguera - Meridiana,104,Bus,POINT (2.1796739972084875 41.46214800220511)
B-62-879,879,Ctra C-17 Estació de Torre Baró,62,Bus,POINT (2.1814449965908373 41.46072600099227)
B-96-879,879,Ctra C-17 Estació de Torre Baró,96,Bus,POINT (2.1814449965908373 41.46072600099227)
B-97-879,879,Ctra C-17 Estació de Torre Baró,97,Bus,POINT (2.1814449965908373 41.46072600099227)
B-104-879,879,Ctra C-17 Estació de Torre Baró,104,Bus,POINT (2.1814449965908373 41.46072600099227)
B-126-880,880,Felip II - Palència,126,Bus,POINT (2.1896869953825924 41.41841300113082)
B-V27-880,880,Felip II - Palència,V27,Bus,POINT (2.1896869953825924 41.41841300113082)
B-62-882,882,Consell de Cent - Meridiana,62,Bus,POINT (2.186509995909502 41.406595002378666)
B-97-883,883,Meridiana - Pl de Mossèn Clapés,97,Bus,POINT (2.1864380051274126 41.44233699653277)
B-104-883,883,Meridiana - Pl de Mossèn Clapés,104,Bus,POINT (2.1864380051274126 41.44233699653277)
B-97-884,884,Av Sivatte - Ctra Nacional 152,97,Bus,POINT (2.180783996887256 41.46387400180788)
B-183-884,884,Av Sivatte - Ctra Nacional 152,183,Bus,POINT (2.180783996887256 41.46387400180788)
B-62-885,885,Meridiana - Garbí,62,Bus,POINT (2.188590409611172 41.45211153029564)
B-96-885,885,Meridiana - Garbí,96,Bus,POINT (2.188590409611172 41.45211153029564)
B-97-885,885,Meridiana - Garbí,97,Bus,POINT (2.188590409611172 41.45211153029564)
B-104-885,885,Meridiana - Garbí,104,Bus,POINT (2.188590409611172 41.45211153029564)
B-B20-887,887,Metro Maresme - Fòrum,B20,Bus,POINT (2.2166849978675356 41.41218100229273)
B-136-887,887,Metro Maresme - Fòrum,136,Bus,POINT (2.2166849978675356 41.41218100229273)
B-H12-888,888,Gran Via - Maresme,H12,Bus,POINT (2.2061849963124742 41.41763099836312)
B-H12-889,889,Gran Via - Maresme,H12,Bus,POINT (2.2069659985553027 41.418658003063925)
B-114-894,894,Pl Can Baró,114,Bus,POINT (2.162287996452316 41.41619500101298)
B-65-895,895,La Campana,65,Bus,POINT (2.1400170052528478 41.368295999615704)
B-109-895,895,La Campana,109,Bus,POINT (2.1400170052528478 41.368295999615704)
B-H12-895,895,La Campana,H12,Bus,POINT (2.1400170052528478 41.368295999615704)
B-H16-895,895,La Campana,H16,Bus,POINT (2.1400170052528478 41.368295999615704)
B-V5-895,895,La Campana,V5,Bus,POINT (2.1400170052528478 41.368295999615704)
B-24-897,897,Pl Sanllehy,24,Bus,POINT (2.1608139957377297 41.41394100378027)
B-V19-897,897,Pl Sanllehy,V19,Bus,POINT (2.1608139957377297 41.41394100378027)
B-39-898,898,Pl Catalana - Amílcar,39,Bus,POINT (2.1729089975377907 41.42122199577958)
B-V23-898,898,Pl Catalana - Amílcar,V23,Bus,POINT (2.1729089975377907 41.42122199577958)
B-B25-899,899,La Verneda - Polígon Montsolís,B25,Bus,POINT (2.2110730007454706 41.426829998724976)
B-H10-899,899,La Verneda - Polígon Montsolís,H10,Bus,POINT (2.2110730007454706 41.426829998724976)
B-V33-899,899,La Verneda - Polígon Montsolís,V33,Bus,POINT (2.2110730007454706 41.426829998724976)
B-67-902,902,Rubió i Ors - Pl Quatre Camins,67,Bus,POINT (2.066787994146353 41.355522998445274)
B-68-902,902,Rubió i Ors - Pl Quatre Camins,68,Bus,POINT (2.066787994146353 41.355522998445274)
B-67-903,903,Rubió i Ors - Camí Vell de Sant Boi,67,Bus,POINT (2.0693069949744345 41.35311700410785)
B-68-903,903,Rubió i Ors - Camí Vell de Sant Boi,68,Bus,POINT (2.0693069949744345 41.35311700410785)
B-78-904,904,Poliesportiu Francesc Calvet,78,Bus,POINT (2.0642540004541274 41.36787200299074)
B-157-905,905,Can Rigal,157,Bus,POINT (2.1057779948758917 41.376210001305594)
B-157-906,906,Ctra de Collblanc - Av Tomás Giménez,157,Bus,POINT (2.103440000971605 41.37614699612964)
B-L16-906,906,Ctra de Collblanc - Av Tomás Giménez,L16,Bus,POINT (2.103440000971605 41.37614699612964)
B-65-907,907,Gran Via - Moianès,65,Bus,POINT (2.142617002439329 41.37023199619949)
B-109-907,907,Gran Via - Moianès,109,Bus,POINT (2.142617002439329 41.37023199619949)
B-H12-907,907,Gran Via - Moianès,H12,Bus,POINT (2.142617002439329 41.37023199619949)
B-H16-907,907,Gran Via - Moianès,H16,Bus,POINT (2.142617002439329 41.37023199619949)
B-91-908,908,Ctra de la Bordeta - Àliga,91,Bus,POINT (2.143915994856617 41.373185002901366)
B-91-909,909,Gavà - Ptge Solsona,91,Bus,POINT (2.139993996152574 41.37112900165993)
B-47-913,913,Indústria - Lepant,47,Bus,POINT (2.1727208989331537 41.40820830935741)
B-H8-913,913,Indústria - Lepant,H8,Bus,POINT (2.1727208989331537 41.40820830935741)
B-6-914,914,Gran Via - Marina,6,Bus,POINT (2.1806489995239926 41.39861099580233)
B-7-914,914,Gran Via - Marina,7,Bus,POINT (2.1806489995239926 41.39861099580233)
B-H12-914,914,Gran Via - Marina,H12,Bus,POINT (2.1806489995239926 41.39861099580233)
B-59-915,915,Vila Olímpica,59,Bus,POINT (2.193668002467456 41.388445003594484)
B-V21-915,915,Vila Olímpica,V21,Bus,POINT (2.193668002467456 41.388445003594484)
B-V27-915,915,Vila Olímpica,V27,Bus,POINT (2.193668002467456 41.388445003594484)
B-136-915,915,Vila Olímpica,136,Bus,POINT (2.193668002467456 41.388445003594484)
B-65-916,916,Hospital Oncològic,65,Bus,POINT (2.110728001822232 41.34582599659969)
B-LH1-916,916,Hospital Oncològic,LH1,Bus,POINT (2.110728001822232 41.34582599659969)
B-65-917,917,Av. Granvia - Hospital de Bellvitge,65,Bus,POINT (2.106544997265904 41.342626999966946)
B-L22-917,917,Av. Granvia - Hospital de Bellvitge,L22,Bus,POINT (2.106544997265904 41.342626999966946)
B-68-921,921,Pl de Sarrià,68,Bus,POINT (2.1213789972644705 41.39987899824512)
B-H4-921,921,Pl de Sarrià,H4,Bus,POINT (2.1213789972644705 41.39987899824512)
B-130-922,922,Ronda de Dalt - Ràfols,130,Bus,POINT (2.1148360030710758 41.401582998650724)
B-H2-922,922,Ronda de Dalt - Ràfols,H2,Bus,POINT (2.1148360030710758 41.401582998650724)
B-H8-923,923,Les Corts - Mejía Lequerica,H8,Bus,POINT (2.127254995172241 41.38191099616975)
B-M12-923,923,Les Corts - Mejía Lequerica,M12,Bus,POINT (2.127254995172241 41.38191099616975)
B-175-923,923,Les Corts - Mejía Lequerica,175,Bus,POINT (2.127254995172241 41.38191099616975)
B-113-925,925,Mini Estadi - Palau Blaugrana,113,Bus,POINT (2.119226996322486 41.38083399552591)
B-M12-925,925,Mini Estadi - Palau Blaugrana,M12,Bus,POINT (2.119226996322486 41.38083399552591)
B-59-927,927,Gran Via - Muntaner,59,Bus,POINT (2.1616849997065786 41.384376998555915)
B-H12-927,927,Gran Via - Muntaner,H12,Bus,POINT (2.1616849997065786 41.384376998555915)
B-52-927,927,Gran Via - Muntaner,52,Bus,POINT (2.1616849997065786 41.384376998555915)
B-6-928,928,Diagonal - Muntaner,6,Bus,POINT (2.150403005689941 41.39430199856323)
B-7-928,928,Diagonal - Muntaner,7,Bus,POINT (2.150403005689941 41.39430199856323)
B-33-928,928,Diagonal - Muntaner,33,Bus,POINT (2.150403005689941 41.39430199856323)
B-34-928,928,Diagonal - Muntaner,34,Bus,POINT (2.150403005689941 41.39430199856323)
B-H8-928,928,Diagonal - Muntaner,H8,Bus,POINT (2.150403005689941 41.39430199856323)
B-6-929,929,Diagonal - Muntaner,6,Bus,POINT (2.150519999031113 41.39417100166793)
B-7-929,929,Diagonal - Muntaner,7,Bus,POINT (2.150519999031113 41.39417100166793)
B-33-929,929,Diagonal - Muntaner,33,Bus,POINT (2.150519999031113 41.39417100166793)
B-34-929,929,Diagonal - Muntaner,34,Bus,POINT (2.150519999031113 41.39417100166793)
B-H8-929,929,Diagonal - Muntaner,H8,Bus,POINT (2.150519999031113 41.39417100166793)
B-54-930,930,Còrsega - Aribau,54,Bus,POINT (2.1534729988631818 41.392176995842036)
B-67-930,930,Còrsega - Aribau,67,Bus,POINT (2.1534729988631818 41.392176995842036)
B-H6-933,933,Mitre - Balmes,H6,Bus,POINT (2.141066998434747 41.40467700431772)
B-H6-934,934,Mitre - Mandri,H6,Bus,POINT (2.1362809967705663 41.4011309977066)
B-123-936,936,Pg Sant Gervasi - Pl Bonanova,123,Bus,POINT (2.1338799952094054 41.40711799724988)
B-H4-936,936,Pg Sant Gervasi - Pl Bonanova,H4,Bus,POINT (2.1338799952094054 41.40711799724988)
B-V13-936,936,Pg Sant Gervasi - Pl Bonanova,V13,Bus,POINT (2.1338799952094054 41.40711799724988)
B-123-937,937,Pg Sant Gervasi - Pl Kennedy,123,Bus,POINT (2.135810995309201 41.4100350028588)
B-H4-937,937,Pg Sant Gervasi - Pl Kennedy,H4,Bus,POINT (2.135810995309201 41.4100350028588)
B-V13-937,937,Pg Sant Gervasi - Pl Kennedy,V13,Bus,POINT (2.135810995309201 41.4100350028588)
B-63-938,938,Provença - Aribau,63,Bus,POINT (2.1555089945213033 41.39030200331524)
B-70-940,940,Mitre - Av Sarrià,70,Bus,POINT (2.1311470029306676 41.393020997616716)
B-H6-940,940,Mitre - Av Sarrià,H6,Bus,POINT (2.1311470029306676 41.393020997616716)
B-65-941,941,Gran Via - Mandoni,65,Bus,POINT (2.141952997245189 41.36950400353499)
B-109-941,941,Gran Via - Mandoni,109,Bus,POINT (2.141952997245189 41.36950400353499)
B-H12-941,941,Gran Via - Mandoni,H12,Bus,POINT (2.141952997245189 41.36950400353499)
B-H16-941,941,Gran Via - Mandoni,H16,Bus,POINT (2.141952997245189 41.36950400353499)
B-13-943,943,Pl Espanya - Av Reina Maria Cristina,13,Bus,POINT (2.1495700014861567 41.37412399619849)
B-13-945,945,Poble Espanyol,13,Bus,POINT (2.1470000034857444 41.369420996473536)
B-23-945,945,Poble Espanyol,23,Bus,POINT (2.1470000034857444 41.369420996473536)
B-150-945,945,Poble Espanyol,150,Bus,POINT (2.1470000034857444 41.369420996473536)
B-34-946,946,Berenguer de Palou - Pont del Treball,34,Bus,POINT (2.191778002622111 41.42368799684947)
B-126-946,946,Berenguer de Palou - Pont del Treball,126,Bus,POINT (2.191778002622111 41.42368799684947)
B-B24-946,946,Berenguer de Palou - Pont del Treball,B24,Bus,POINT (2.191778002622111 41.42368799684947)
B-H8-946,946,Berenguer de Palou - Pont del Treball,H8,Bus,POINT (2.191778002622111 41.42368799684947)
B-V31-946,946,Berenguer de Palou - Pont del Treball,V31,Bus,POINT (2.191778002622111 41.42368799684947)
B-V29-946,946,Berenguer de Palou - Pont del Treball,V29,Bus,POINT (2.191778002622111 41.42368799684947)
B-34-947,947,Berenguer de Palou - Pare Manyanet,34,Bus,POINT (2.1917110009633483 41.427012998611936)
B-126-947,947,Berenguer de Palou - Pare Manyanet,126,Bus,POINT (2.1917110009633483 41.427012998611936)
B-H8-947,947,Berenguer de Palou - Pare Manyanet,H8,Bus,POINT (2.1917110009633483 41.427012998611936)
B-V31-947,947,Berenguer de Palou - Pare Manyanet,V31,Bus,POINT (2.1917110009633483 41.427012998611936)
B-47-949,949,Indústria - Sardenya,47,Bus,POINT (2.170284519841767 41.4063806399776)
B-H8-949,949,Indústria - Sardenya,H8,Bus,POINT (2.170284519841767 41.4063806399776)
B-B25-950,950,Almogàvers - Marina,B25,Bus,POINT (2.1861514420174855 41.394276612540835)
B-B20-950,950,Almogàvers - Marina,B20,Bus,POINT (2.1861514420174855 41.394276612540835)
B-V15-954,954,Pg Joan de Borbó - Almirall Aixada,V15,Bus,POINT (2.1883620055859314 41.37764899672298)
B-V19-954,954,Pg Joan de Borbó - Almirall Aixada,V19,Bus,POINT (2.1883620055859314 41.37764899672298)
B-47-955,955,Pg Joan de Borbó,47,Bus,POINT (2.187433003869681 41.37999499957555)
B-59-955,955,Pg Joan de Borbó,59,Bus,POINT (2.187433003869681 41.37999499957555)
B-D20-955,955,Pg Joan de Borbó,D20,Bus,POINT (2.187433003869681 41.37999499957555)
B-V15-955,955,Pg Joan de Borbó,V15,Bus,POINT (2.187433003869681 41.37999499957555)
B-V19-955,955,Pg Joan de Borbó,V19,Bus,POINT (2.187433003869681 41.37999499957555)
B-47-956,956,Pg Joan de Borbó,47,Bus,POINT (2.1872549987293213 41.379834002953054)
B-59-956,956,Pg Joan de Borbó,59,Bus,POINT (2.1872549987293213 41.379834002953054)
B-D20-956,956,Pg Joan de Borbó,D20,Bus,POINT (2.1872549987293213 41.379834002953054)
B-V15-956,956,Pg Joan de Borbó,V15,Bus,POINT (2.1872549987293213 41.379834002953054)
B-V19-956,956,Pg Joan de Borbó,V19,Bus,POINT (2.1872549987293213 41.379834002953054)
B-V15-957,957,Pg Joan de Borbó - Pepe Rubianes,V15,Bus,POINT (2.188154994576569 41.3775590013721)
B-V19-957,957,Pg Joan de Borbó - Pepe Rubianes,V19,Bus,POINT (2.188154994576569 41.3775590013721)
B-V15-959,959,Pg Joan de Borbó - Judici,V15,Bus,POINT (2.1889419961524483 41.376098998698076)
B-V19-959,959,Pg Joan de Borbó - Judici,V19,Bus,POINT (2.1889419961524483 41.376098998698076)
B-V15-960,960,Pg Joan de Borbó - Pl del Mar,V15,Bus,POINT (2.188566995962131 41.374332004134075)
B-V19-960,960,Pg Joan de Borbó - Pl del Mar,V19,Bus,POINT (2.188566995962131 41.374332004134075)
B-H12-962,962,Metro Besòs,H12,Bus,POINT (2.207703999745226 41.42048100264786)
B-V31-962,962,Metro Besòs,V31,Bus,POINT (2.207703999745226 41.42048100264786)
B-136-962,962,Metro Besòs,136,Bus,POINT (2.207703999745226 41.42048100264786)
B-V29-963,963,Cantàbria - Andrade,V29,Bus,POINT (2.2035520027865654 41.41824300007753)
B-B24-965,965,Pont del Treball - Santander,B24,Bus,POINT (2.1974469993888297 41.422092999331625)
B-V31-965,965,Pont del Treball - Santander,V31,Bus,POINT (2.1974469993888297 41.422092999331625)
B-V29-965,965,Pont del Treball - Santander,V29,Bus,POINT (2.1974469993888297 41.422092999331625)
B-V33-967,967,Balmes - Jovellanos,V33,Bus,POINT (2.2103190040551692 41.430118997394395)
B-V33-968,968,Balmes - Pereda,V33,Bus,POINT (2.2078850053269923 41.43132699881507)
B-V33-969,969,Pg Enric Sanchís - Sant Adrià,V33,Bus,POINT (2.2048469971309683 41.43551899610373)
B-V33-970,970,Pg Enric Sanchís - Santander,V33,Bus,POINT (2.2059719971780973 41.433497001141376)
B-33-971,971,Rambla Prim - Santander,33,Bus,POINT (2.2012819950330518 41.42527300247476)
B-V31-971,971,Rambla Prim - Santander,V31,Bus,POINT (2.2012819950330518 41.42527300247476)
B-136-971,971,Rambla Prim - Santander,136,Bus,POINT (2.2012819950330518 41.42527300247476)
B-102-972,972,Pl Botticelli,102,Bus,POINT (2.1531520025856534 41.433116001449854)
B-V21-972,972,Pl Botticelli,V21,Bus,POINT (2.1531520025856534 41.433116001449854)
B-V25-972,972,Pl Botticelli,V25,Bus,POINT (2.1531520025856534 41.433116001449854)
B-V23-972,972,Pl Botticelli,V23,Bus,POINT (2.1531520025856534 41.433116001449854)
B-D40-973,973,Artesania - Pl de la República,D40,Bus,POINT (2.1747169970183418 41.43947400303424)
B-V29-973,973,Artesania - Pl de la República,V29,Bus,POINT (2.1747169970183418 41.43947400303424)
B-D40-974,974,Artesania - Góngora,D40,Bus,POINT (2.172807001597492 41.4418380030533)
B-V29-974,974,Artesania - Góngora,V29,Bus,POINT (2.172807001597492 41.4418380030533)
B-D40-975,975,Almansa - Via Favència,D40,Bus,POINT (2.174337002542358 41.443974999360655)
B-V29-975,975,Almansa - Via Favència,V29,Bus,POINT (2.174337002542358 41.443974999360655)
B-V31-977,977,Via Barcino - Ausona,V31,Bus,POINT (2.1924270045229326 41.44984600089872)
B-133-977,977,Via Barcino - Ausona,133,Bus,POINT (2.1924270045229326 41.44984600089872)
B-68-988,988,Santaló - Trav de Gràcia,68,Bus,POINT (2.1469140033367817 41.394837998443315)
B-V11-988,988,Santaló - Trav de Gràcia,V11,Bus,POINT (2.1469140033367817 41.394837998443315)
B-68-989,989,Santaló - Mercat Galvany,68,Bus,POINT (2.1442270031322224 41.39694100214654)
B-V11-989,989,Santaló - Mercat Galvany,V11,Bus,POINT (2.1442270031322224 41.39694100214654)
B-59-990,990,Numància - Parc Les Corts,59,Bus,POINT (2.135868998049556 41.386137998524994)
B-78-990,990,Numància - Parc Les Corts,78,Bus,POINT (2.135868998049556 41.386137998524994)
B-V7-990,990,Numància - Parc Les Corts,V7,Bus,POINT (2.135868998049556 41.386137998524994)
B-H8-990,990,Numància - Parc Les Corts,H8,Bus,POINT (2.135868998049556 41.386137998524994)
B-59-991,991,Les Corts - Numància,59,Bus,POINT (2.13579500310809 41.38731100311013)
B-H8-991,991,Les Corts - Numància,H8,Bus,POINT (2.13579500310809 41.38731100311013)
B-70-993,993,Mandri - Artesa de Segre,70,Bus,POINT (2.1340249987978375 41.40296800401963)
B-V11-993,993,Mandri - Artesa de Segre,V11,Bus,POINT (2.1340249987978375 41.40296800401963)
B-H6-994,994,Mitre - Muntaner,H6,Bus,POINT (2.1375717505475844 41.402652189858266)
B-123-995,995,Pg Bonanova - Ganduxer,123,Bus,POINT (2.1301209990637306 41.40484300409077)
B-H4-995,995,Pg Bonanova - Ganduxer,H4,Bus,POINT (2.1301209990637306 41.40484300409077)
B-70-996,996,Pg Bonanova - Horaci,70,Bus,POINT (2.1304850020452872 41.404907997214295)
B-H4-996,996,Pg Bonanova - Horaci,H4,Bus,POINT (2.1304850020452872 41.404907997214295)
B-V11-996,996,Pg Bonanova - Horaci,V11,Bus,POINT (2.1304850020452872 41.404907997214295)
B-V11-997,997,Mandri - Jardins Ca n'Altimira,V11,Bus,POINT (2.1326819947186224 41.40419300186205)
B-22-998,998,Santuari - Ceuta,22,Bus,POINT (2.1513570046807713 41.420126000784435)
B-V19-998,998,Santuari - Ceuta,V19,Bus,POINT (2.1513570046807713 41.420126000784435)
B-22-999,999,Santuari - La Murtra,22,Bus,POINT (2.1550203973697655 41.419897495825644)
B-86-999,999,Santuari - La Murtra,86,Bus,POINT (2.1550203973697655 41.419897495825644)
B-V19-999,999,Santuari - La Murtra,V19,Bus,POINT (2.1550203973697655 41.419897495825644)
B-22-1000,1000,Santuari - La Murtra,22,Bus,POINT (2.15508499903155 41.419944998208315)
B-V19-1000,1000,Santuari - La Murtra,V19,Bus,POINT (2.15508499903155 41.419944998208315)
B-22-1001,1001,Santuari - l'Hortal,22,Bus,POINT (2.1510039963739565 41.42023499865426)
B-V19-1001,1001,Santuari - l'Hortal,V19,Bus,POINT (2.1510039963739565 41.42023499865426)
B-27-1002,1002,Av de Vallcarca - Metro Penitents,27,Bus,POINT (2.1409200021548043 41.41808199608492)
B-123-1003,1003,Pl Alfonso Comín - Pg Vall d'Hebron,123,Bus,POINT (2.1382260019381207 41.41621099621556)
B-124-1003,1003,Pl Alfonso Comín - Pg Vall d'Hebron,124,Bus,POINT (2.1382260019381207 41.41621099621556)
B-V17-1003,1003,Pl Alfonso Comín - Pg Vall d'Hebron,V17,Bus,POINT (2.1382260019381207 41.41621099621556)
B-H4-1003,1003,Pl Alfonso Comín - Pg Vall d'Hebron,H4,Bus,POINT (2.1382260019381207 41.41621099621556)
B-H2-1003,1003,Pl Alfonso Comín - Pg Vall d'Hebron,H2,Bus,POINT (2.1382260019381207 41.41621099621556)
B-21-1004,1004,Metro Paral·lel,21,Bus,POINT (2.1706189991168574 41.37503099673165)
B-121-1004,1004,Metro Paral·lel,121,Bus,POINT (2.1706189991168574 41.37503099673165)
B-D20-1004,1004,Metro Paral·lel,D20,Bus,POINT (2.1706189991168574 41.37503099673165)
B-H14-1004,1004,Metro Paral·lel,H14,Bus,POINT (2.1706189991168574 41.37503099673165)
B-88-1004,1004,Metro Paral·lel,88,Bus,POINT (2.1706189991168574 41.37503099673165)
B-V11-1004,1004,Metro Paral·lel,V11,Bus,POINT (2.1706189991168574 41.37503099673165)
B-121-1005,1005,Pl Josep Maria Folch,121,Bus,POINT (2.166602002923556 41.37615600010244)
B-V11-1005,1005,Pl Josep Maria Folch,V11,Bus,POINT (2.166602002923556 41.37615600010244)
B-V11-1006,1006,Ronda Sant Pau - Parlament,V11,Bus,POINT (2.163580999794691 41.378446996649565)
B-D50-1006,1006,Ronda Sant Pau - Parlament,D50,Bus,POINT (2.163580999794691 41.378446996649565)
B-62-1007,1007,Meridiana - Biscaia,62,Bus,POINT (2.1867499950103606 41.41760699772238)
B-19-1008,1008,Pg Maragall - Trinxant,19,Bus,POINT (2.180738004001839 41.419027003033406)
B-47-1008,1008,Pg Maragall - Trinxant,47,Bus,POINT (2.180738004001839 41.419027003033406)
B-V25-1008,1008,Pg Maragall - Trinxant,V25,Bus,POINT (2.180738004001839 41.419027003033406)
B-D50-1008,1008,Pg Maragall - Trinxant,D50,Bus,POINT (2.180738004001839 41.419027003033406)
B-112-1010,1010,Olvan,112,Bus,POINT (2.133241770614606 41.42964295288665)
B-H16-1011,1011,Pl del Nou,H16,Bus,POINT (2.141139003222646 41.35325000112369)
B-21-1014,1014,Av. Verge de Montserrat - Coronel Sanfeliu,21,Bus,POINT (2.095148959115139 41.32573526913113)
B-L22-1014,1014,Av. Verge de Montserrat - Coronel Sanfeliu,L22,Bus,POINT (2.095148959115139 41.32573526913113)
B-21-1015,1015,Av. Verge de Montserrat - Ctra. Marina,21,Bus,POINT (2.0987309943035926 41.32737400442142)
B-L22-1015,1015,Av. Verge de Montserrat - Ctra. Marina,L22,Bus,POINT (2.0987309943035926 41.32737400442142)
B-21-1016,1016,Plaça Pau Casals,21,Bus,POINT (2.0944549954739546 41.325721003565256)
B-L22-1016,1016,Plaça Pau Casals,L22,Bus,POINT (2.0944549954739546 41.325721003565256)
B-63-1017,1017,Laureà Miró - Nord,63,Bus,POINT (2.0822009941747943 41.3780949983612)
B-157-1017,1017,Laureà Miró - Nord,157,Bus,POINT (2.0822009941747943 41.3780949983612)
B-EP1-1017,1017,Laureà Miró - Nord,EP1,Bus,POINT (2.0822009941747943 41.3780949983612)
B-EP2-1017,1017,Laureà Miró - Nord,EP2,Bus,POINT (2.0822009941747943 41.3780949983612)
B-19-1019,1019,Pg Vall d'Hebron - Av Jordà,19,Bus,POINT (2.1417200026928067 41.424328004127254)
B-27-1019,1019,Pg Vall d'Hebron - Av Jordà,27,Bus,POINT (2.1417200026928067 41.424328004127254)
B-60-1019,1019,Pg Vall d'Hebron - Av Jordà,60,Bus,POINT (2.1417200026928067 41.424328004127254)
B-119-1019,1019,Pg Vall d'Hebron - Av Jordà,119,Bus,POINT (2.1417200026928067 41.424328004127254)
B-V17-1019,1019,Pg Vall d'Hebron - Av Jordà,V17,Bus,POINT (2.1417200026928067 41.424328004127254)
B-H4-1019,1019,Pg Vall d'Hebron - Av Jordà,H4,Bus,POINT (2.1417200026928067 41.424328004127254)
B-19-1020,1020,Pg Vall d'Hebron - Natzaret,19,Bus,POINT (2.1405011996427605 41.42157553924782)
B-27-1020,1020,Pg Vall d'Hebron - Natzaret,27,Bus,POINT (2.1405011996427605 41.42157553924782)
B-60-1020,1020,Pg Vall d'Hebron - Natzaret,60,Bus,POINT (2.1405011996427605 41.42157553924782)
B-119-1020,1020,Pg Vall d'Hebron - Natzaret,119,Bus,POINT (2.1405011996427605 41.42157553924782)
B-V17-1020,1020,Pg Vall d'Hebron - Natzaret,V17,Bus,POINT (2.1405011996427605 41.42157553924782)
B-H4-1020,1020,Pg Vall d'Hebron - Natzaret,H4,Bus,POINT (2.1405011996427605 41.42157553924782)
B-H2-1020,1020,Pg Vall d'Hebron - Natzaret,H2,Bus,POINT (2.1405011996427605 41.42157553924782)
B-H2-1021,1021,Ardena - Ronda de Dalt,H2,Bus,POINT (2.1073320038500563 41.390617003178114)
B-H16-1022,1022,Pg Calvell - Rambla del Poblenou,H16,Bus,POINT (2.2059159961497334 41.39701199752278)
B-V27-1022,1022,Pg Calvell - Rambla del Poblenou,V27,Bus,POINT (2.2059159961497334 41.39701199752278)
B-133-1023,1023,Sant Adrià - Pg Enric Sanchís,133,Bus,POINT (2.2040509942115727 41.43601499899902)
B-H2-1025,1025,Ronda de Dalt - Moneders,H2,Bus,POINT (2.108094000268095 41.38997800331214)
B-126-1028,1028,Pg Torras i Bages - Joan Torras,126,Bus,POINT (2.191087999348094 41.43698199922006)
B-H4-1028,1028,Pg Torras i Bages - Joan Torras,H4,Bus,POINT (2.191087999348094 41.43698199922006)
B-V31-1028,1028,Pg Torras i Bages - Joan Torras,V31,Bus,POINT (2.191087999348094 41.43698199922006)
B-23-1030,1030,Av Ferrer i Guàrdia - Av Montanyans,23,Bus,POINT (2.14513800299557 41.367804000400064)
B-150-1030,1030,Av Ferrer i Guàrdia - Av Montanyans,150,Bus,POINT (2.14513800299557 41.367804000400064)
B-H10-1033,1033,Guipúscoa - Verneda,H10,Bus,POINT (2.208421996309189 41.42506599862171)
B-157-1034,1034,Laureà Miró - Primer de Maig,157,Bus,POINT (2.092165998874973 41.3769329962742)
B-EP1-1034,1034,Laureà Miró - Primer de Maig,EP1,Bus,POINT (2.092165998874973 41.3769329962742)
B-60-1035,1035,Via Favència - Molí,60,Bus,POINT (2.180146005142402 41.44594599966713)
B-76-1035,1035,Via Favència - Molí,76,Bus,POINT (2.180146005142402 41.44594599966713)
B-127-1035,1035,Via Favència - Molí,127,Bus,POINT (2.180146005142402 41.44594599966713)
B-V13-1036,1036,Aribau - Laforja,V13,Bus,POINT (2.1473230045020184 41.39792599635299)
B-19-1037,1037,Pg Maragall - Manigua,19,Bus,POINT (2.1795680003014986 41.42179899888)
B-47-1037,1037,Pg Maragall - Manigua,47,Bus,POINT (2.1795680003014986 41.42179899888)
B-V25-1037,1037,Pg Maragall - Manigua,V25,Bus,POINT (2.1795680003014986 41.42179899888)
B-D50-1037,1037,Pg Maragall - Manigua,D50,Bus,POINT (2.1795680003014986 41.42179899888)
B-47-1039,1039,Via Laietana - Comtal,47,Bus,POINT (2.1744258705926547 41.3873306396663)
B-59-1039,1039,Via Laietana - Comtal,59,Bus,POINT (2.1744258705926547 41.3873306396663)
B-V15-1039,1039,Via Laietana - Comtal,V15,Bus,POINT (2.1744258705926547 41.3873306396663)
B-19-1040,1040,Pl Urquinaona,19,Bus,POINT (2.1733219966254085 41.3887829964454)
B-V17-1040,1040,Pl Urquinaona,V17,Bus,POINT (2.1733219966254085 41.3887829964454)
B-H16-1040,1040,Pl Urquinaona,H16,Bus,POINT (2.1733219966254085 41.3887829964454)
B-65-1042,1042,Policia Local,65,Bus,POINT (2.0834199960011515 41.317632998451316)
B-PR3-1042,1042,Policia Local,PR3,Bus,POINT (2.0834199960011515 41.317632998451316)
B-65-1043,1043,Av. Remolar - Av. Onze de Setembre,65,Bus,POINT (2.090414004906366 41.319686997153035)
B-65-1044,1044,La Granja,65,Bus,POINT (2.091294002642828 41.318643996443164)
B-23-1045,1045,Pg Zona Franca - Motors,23,Bus,POINT (2.145139004115807 41.35147600285701)
B-109-1045,1045,Pg Zona Franca - Motors,109,Bus,POINT (2.145139004115807 41.35147600285701)
B-V3-1045,1045,Pg Zona Franca - Motors,V3,Bus,POINT (2.145139004115807 41.35147600285701)
B-V5-1045,1045,Pg Zona Franca - Motors,V5,Bus,POINT (2.145139004115807 41.35147600285701)
B-V27-1047,1047,Felip II - Ramon Albó,V27,Bus,POINT (2.177781004238827 41.427260999934184)
B-V27-1048,1048,Felip II - Pl Congrés,V27,Bus,POINT (2.1798019974227807 41.42572100095829)
B-102-1051,1051,Jerez - Pl de la Ciutadella,102,Bus,POINT (2.1552610003292156 41.43134699858174)
B-V25-1051,1051,Jerez - Pl de la Ciutadella,V25,Bus,POINT (2.1552610003292156 41.43134699858174)
B-63-1052,1052,Parc de la Rambla,63,Bus,POINT (2.0750356810938637 41.381013437659185)
B-157-1052,1052,Parc de la Rambla,157,Bus,POINT (2.0750356810938637 41.381013437659185)
B-JM-1052,1052,Parc de la Rambla,JM,Bus,POINT (2.0750356810938637 41.381013437659185)
B-63-1053,1053,El Parador,63,Bus,POINT (2.074091849438595 41.38296688967093)
B-157-1053,1053,El Parador,157,Bus,POINT (2.074091849438595 41.38296688967093)
B-JM-1053,1053,El Parador,JM,Bus,POINT (2.074091849438595 41.38296688967093)
B-63-1054,1054,Casal de Joves,63,Bus,POINT (2.0714399965887593 41.38274899913957)
B-157-1054,1054,Casal de Joves,157,Bus,POINT (2.0714399965887593 41.38274899913957)
B-91-1057,1057,Constitució - Mossèn Amadeu Oller,91,Bus,POINT (2.137749999441674 41.36992799838554)
B-V11-1058,1058,Viladomat - Manso,V11,Bus,POINT (2.1614399959441855 41.376480997027464)
B-V9-1058,1058,Viladomat - Manso,V9,Bus,POINT (2.1614399959441855 41.376480997027464)
B-D50-1058,1058,Viladomat - Manso,D50,Bus,POINT (2.1614399959441855 41.376480997027464)
B-55-1059,1059,Vilamarí - Av Mistral,55,Bus,POINT (2.153416005501986 41.375730996652784)
B-21-1061,1061,Paral·lel - Vila i Vilà,21,Bus,POINT (2.167040994103924 41.37486099576644)
B-D20-1061,1061,Paral·lel - Vila i Vilà,D20,Bus,POINT (2.167040994103924 41.37486099576644)
B-H14-1061,1061,Paral·lel - Vila i Vilà,H14,Bus,POINT (2.167040994103924 41.37486099576644)
B-88-1061,1061,Paral·lel - Vila i Vilà,88,Bus,POINT (2.167040994103924 41.37486099576644)
B-V11-1061,1061,Paral·lel - Vila i Vilà,V11,Bus,POINT (2.167040994103924 41.37486099576644)
B-D50-1061,1061,Paral·lel - Vila i Vilà,D50,Bus,POINT (2.167040994103924 41.37486099576644)
B-65-1062,1062,Av Paral·lel - Lleida,65,Bus,POINT (2.1530570596380905 41.3748245997682)
B-114-1065,1065,Pl de la Font Castellana - Tenerife,114,Bus,POINT (2.1663459978241697 41.41520600282084)
B-H10-1066,1066,Mallorca - Pau Claris,H10,Bus,POINT (2.164453998659267 41.39533799667856)
B-55-1067,1067,Pl Urquinaona - Pau Claris,55,Bus,POINT (2.172543000840403 41.389101000841976)
B-19-1069,1069,Metro Urquinaona,19,Bus,POINT (2.172785995640468 41.38901999605681)
B-H16-1069,1069,Metro Urquinaona,H16,Bus,POINT (2.172785995640468 41.38901999605681)
B-D50-1069,1069,Metro Urquinaona,D50,Bus,POINT (2.172785995640468 41.38901999605681)
B-7-1070,1070,Gran Via - Pau Claris,7,Bus,POINT (2.1693770016360205 41.390143002977105)
B-H12-1070,1070,Gran Via - Pau Claris,H12,Bus,POINT (2.1693770016360205 41.390143002977105)
B-D50-1070,1070,Gran Via - Pau Claris,D50,Bus,POINT (2.1693770016360205 41.390143002977105)
B-X1-1070,1070,Gran Via - Pau Claris,X1,Bus,POINT (2.1693770016360205 41.390143002977105)
B-39-1071,1071,Pl Urquinaona,39,Bus,POINT (2.172851996169299 41.3893370033829)
B-33-1072,1072,Mallorca - Padilla,33,Bus,POINT (2.1781239987773935 41.405589996473815)
B-34-1072,1072,Mallorca - Padilla,34,Bus,POINT (2.1781239987773935 41.405589996473815)
B-H10-1072,1072,Mallorca - Padilla,H10,Bus,POINT (2.1781239987773935 41.405589996473815)
B-D50-1072,1072,Mallorca - Padilla,D50,Bus,POINT (2.1781239987773935 41.405589996473815)
B-54-1075,1075,Pl Universitat,54,Bus,POINT (2.1639699981421163 41.38607000236647)
B-59-1075,1075,Pl Universitat,59,Bus,POINT (2.1639699981421163 41.38607000236647)
B-H12-1075,1075,Pl Universitat,H12,Bus,POINT (2.1639699981421163 41.38607000236647)
B-V13-1075,1075,Pl Universitat,V13,Bus,POINT (2.1639699981421163 41.38607000236647)
B-52-1075,1075,Pl Universitat,52,Bus,POINT (2.1639699981421163 41.38607000236647)
B-X1-1075,1075,Pl Universitat,X1,Bus,POINT (2.1639699981421163 41.38607000236647)
B-55-1076,1076,Pl Universitat - Pelai,55,Bus,POINT (2.1644929981278525 41.38562900125375)
B-H16-1076,1076,Pl Universitat - Pelai,H16,Bus,POINT (2.1644929981278525 41.38562900125375)
B-D50-1076,1076,Pl Universitat - Pelai,D50,Bus,POINT (2.1644929981278525 41.38562900125375)
B-H10-1078,1078,València - Pg de Gràcia,H10,Bus,POINT (2.162947996452736 41.392346000894904)
B-52-1079,1079,Ronda Sant Pere - Pl Urquinaona,52,Bus,POINT (2.1714479971835883 41.38858099921297)
B-6-1080,1080,Diagonal - Pau Claris,6,Bus,POINT (2.1606490021196096 41.39673699957311)
B-33-1080,1080,Diagonal - Pau Claris,33,Bus,POINT (2.1606490021196096 41.39673699957311)
B-34-1080,1080,Diagonal - Pau Claris,34,Bus,POINT (2.1606490021196096 41.39673699957311)
B-V17-1080,1080,Diagonal - Pau Claris,V17,Bus,POINT (2.1606490021196096 41.39673699957311)
B-H8-1080,1080,Diagonal - Pau Claris,H8,Bus,POINT (2.1606490021196096 41.39673699957311)
B-67-1082,1082,Rda. Sant Pere - Pl. de Catalunya,67,Bus,POINT (2.170599778023858 41.38823324780973)
B-39-1086,1086,Camèlies - Praga,39,Bus,POINT (2.162951997770753 41.41307699933364)
B-D40-1086,1086,Camèlies - Praga,D40,Bus,POINT (2.162951997770753 41.41307699933364)
B-63-1088,1088,Casanova - París,63,Bus,POINT (2.151078004430286 41.39128600151839)
B-67-1088,1088,Casanova - París,67,Bus,POINT (2.151078004430286 41.39128600151839)
B-68-1088,1088,Casanova - París,68,Bus,POINT (2.151078004430286 41.39128600151839)
B-39-1089,1089,Rosselló - Bailèn,39,Bus,POINT (2.1659910043005586 41.39976499952874)
B-47-1089,1089,Rosselló - Bailèn,47,Bus,POINT (2.1659910043005586 41.39976499952874)
B-114-1089,1089,Rosselló - Bailèn,114,Bus,POINT (2.1659910043005586 41.39976499952874)
B-H8-1089,1089,Rosselló - Bailèn,H8,Bus,POINT (2.1659910043005586 41.39976499952874)
B-B23-1090,1090,Metro Maresme - Fòrum,B23,Bus,POINT (2.217166997603997 41.412236003868365)
B-B20-1090,1090,Metro Maresme - Fòrum,B20,Bus,POINT (2.217166997603997 41.412236003868365)
B-136-1090,1090,Metro Maresme - Fòrum,136,Bus,POINT (2.217166997603997 41.412236003868365)
B-H10-1092,1092,Metro La Pau,H10,Bus,POINT (2.2054850020039387 41.42286600081383)
B-47-1095,1095,Av dels Quinze - Pg Maragall,47,Bus,POINT (2.175873996345208 41.42639999684875)
B-122-1095,1095,Av dels Quinze - Pg Maragall,122,Bus,POINT (2.175873996345208 41.42639999684875)
B-H6-1095,1095,Av dels Quinze - Pg Maragall,H6,Bus,POINT (2.175873996345208 41.42639999684875)
B-D40-1095,1095,Av dels Quinze - Pg Maragall,D40,Bus,POINT (2.175873996345208 41.42639999684875)
B-D50-1095,1095,Av dels Quinze - Pg Maragall,D50,Bus,POINT (2.175873996345208 41.42639999684875)
B-PR3-1097,1097,Av. Anselm Clavé - Manuel Bertrand,PR3,Bus,POINT (2.095122581753566 41.331767375072545)
B-L22-1097,1097,Av. Anselm Clavé - Manuel Bertrand,L22,Bus,POINT (2.095122581753566 41.331767375072545)
B-6-1098,1098,Diagonal - Francesc Macià,6,Bus,POINT (2.1458550057201027 41.39315400053753)
B-7-1098,1098,Diagonal - Francesc Macià,7,Bus,POINT (2.1458550057201027 41.39315400053753)
B-33-1098,1098,Diagonal - Francesc Macià,33,Bus,POINT (2.1458550057201027 41.39315400053753)
B-34-1098,1098,Diagonal - Francesc Macià,34,Bus,POINT (2.1458550057201027 41.39315400053753)
B-63-1098,1098,Diagonal - Francesc Macià,63,Bus,POINT (2.1458550057201027 41.39315400053753)
B-67-1098,1098,Diagonal - Francesc Macià,67,Bus,POINT (2.1458550057201027 41.39315400053753)
B-H8-1098,1098,Diagonal - Francesc Macià,H8,Bus,POINT (2.1458550057201027 41.39315400053753)
B-H8-1099,1099,Josep Tarradellas - Comte Borrell,H8,Bus,POINT (2.144260996137228 41.39152399601225)
B-B21-1100,1100,Sant Joan Baptista,B21,Bus,POINT (2.2254589319927134 41.42751642037854)
B-B23-1100,1100,Sant Joan Baptista,B23,Bus,POINT (2.2254589319927134 41.42751642037854)
B-B80-1101,1101,Pl. Vila - Metro Sta. Coloma,B80,Bus,POINT (2.2081490007673232 41.45115799787847)
B-B82-1101,1101,Pl. Vila - Metro Sta. Coloma,B82,Bus,POINT (2.2081490007673232 41.45115799787847)
B-B15-1101,1101,Pl. Vila - Metro Sta. Coloma,B15,Bus,POINT (2.2081490007673232 41.45115799787847)
B-B18-1101,1101,Pl. Vila - Metro Sta. Coloma,B18,Bus,POINT (2.2081490007673232 41.45115799787847)
B-V33-1101,1101,Pl. Vila - Metro Sta. Coloma,V33,Bus,POINT (2.2081490007673232 41.45115799787847)
B-M27-1101,1101,Pl. Vila - Metro Sta. Coloma,M27,Bus,POINT (2.2081490007673232 41.45115799787847)
B-M19-1101,1101,Pl. Vila - Metro Sta. Coloma,M19,Bus,POINT (2.2081490007673232 41.45115799787847)
B-78-1102,1102,Av Barcelona - Francesc Macià,78,Bus,POINT (2.06037499474523 41.36653599894966)
B-55-1103,1103,Pl Catalunya - Portal de l'Àngel,55,Bus,POINT (2.170845003553975 41.38643500288393)
B-59-1103,1103,Pl Catalunya - Portal de l'Àngel,59,Bus,POINT (2.170845003553975 41.38643500288393)
B-H16-1103,1103,Pl Catalunya - Portal de l'Àngel,H16,Bus,POINT (2.170845003553975 41.38643500288393)
B-V15-1103,1103,Pl Catalunya - Portal de l'Àngel,V15,Bus,POINT (2.170845003553975 41.38643500288393)
B-39-1104,1104,Sardenya - Camèlies,39,Bus,POINT (2.1615329946572315 41.413114000966566)
B-114-1104,1104,Sardenya - Camèlies,114,Bus,POINT (2.1615329946572315 41.413114000966566)
B-V19-1104,1104,Sardenya - Camèlies,V19,Bus,POINT (2.1615329946572315 41.413114000966566)
B-191-1104,1104,Sardenya - Camèlies,191,Bus,POINT (2.1615329946572315 41.413114000966566)
B-V17-1108,1108,Av Marquès de l'Argentera - Pg Picasso,V17,Bus,POINT (2.185188999639114 41.38509099933115)
B-H14-1108,1108,Av Marquès de l'Argentera - Pg Picasso,H14,Bus,POINT (2.185188999639114 41.38509099933115)
B-V19-1108,1108,Av Marquès de l'Argentera - Pg Picasso,V19,Bus,POINT (2.185188999639114 41.38509099933115)
B-6-1109,1109,Pallars - Pere IV,6,Bus,POINT (2.1946179959768926 41.39871400072229)
B-H14-1109,1109,Pallars - Pere IV,H14,Bus,POINT (2.1946179959768926 41.39871400072229)
B-B25-1111,1111,Rambla Prim - Pere IV,B25,Bus,POINT (2.2112069999731183 41.417085998297736)
B-V31-1111,1111,Rambla Prim - Pere IV,V31,Bus,POINT (2.2112069999731183 41.417085998297736)
B-136-1111,1111,Rambla Prim - Pere IV,136,Bus,POINT (2.2112069999731183 41.417085998297736)
B-V31-1113,1113,Rambla Prim - Cristóbal de Moura,V31,Bus,POINT (2.2129000039111175 41.416464998074325)
B-136-1113,1113,Rambla Prim - Cristóbal de Moura,136,Bus,POINT (2.2129000039111175 41.416464998074325)
B-22-1116,1116,Gran de Gràcia - Lesseps,22,Bus,POINT (2.1500789999263845 41.40617600133496)
B-24-1116,1116,Gran de Gràcia - Lesseps,24,Bus,POINT (2.1500789999263845 41.40617600133496)
B-116-1116,1116,Gran de Gràcia - Lesseps,116,Bus,POINT (2.1500789999263845 41.40617600133496)
B-87-1116,1116,Gran de Gràcia - Lesseps,87,Bus,POINT (2.1500789999263845 41.40617600133496)
B-V17-1116,1116,Gran de Gràcia - Lesseps,V17,Bus,POINT (2.1500789999263845 41.40617600133496)
B-22-1117,1117,Gran de Gràcia - Pl Trilla,22,Bus,POINT (2.152180996787531 41.403473998665156)
B-24-1117,1117,Gran de Gràcia - Pl Trilla,24,Bus,POINT (2.152180996787531 41.403473998665156)
B-87-1117,1117,Gran de Gràcia - Pl Trilla,87,Bus,POINT (2.152180996787531 41.403473998665156)
B-V17-1117,1117,Gran de Gràcia - Pl Trilla,V17,Bus,POINT (2.152180996787531 41.403473998665156)
B-27-1118,1118,Av Riera de Cassoles - Pl Lesseps,27,Bus,POINT (2.150126000970919 41.40574399868861)
B-D40-1118,1118,Av Riera de Cassoles - Pl Lesseps,D40,Bus,POINT (2.150126000970919 41.40574399868861)
B-22-1119,1119,Av República Argentina - Escipió,22,Bus,POINT (2.1470609976742234 41.408629002012326)
B-87-1119,1119,Av República Argentina - Escipió,87,Bus,POINT (2.1470609976742234 41.408629002012326)
B-V17-1119,1119,Av República Argentina - Escipió,V17,Bus,POINT (2.1470609976742234 41.408629002012326)
B-H6-1120,1120,Mitre - Berna,H6,Bus,POINT (2.1466370005664466 41.405622000774734)
B-24-1122,1122,Pl Lesseps - Riera de Vallcarca,24,Bus,POINT (2.1495109957379728 41.40674500369818)
B-H6-1122,1122,Pl Lesseps - Riera de Vallcarca,H6,Bus,POINT (2.1495109957379728 41.40674500369818)
B-D40-1122,1122,Pl Lesseps - Riera de Vallcarca,D40,Bus,POINT (2.1495109957379728 41.40674500369818)
B-27-1123,1123,Av Riera de Cassoles - Carolines,27,Bus,POINT (2.1500810045011267 41.40363799720156)
B-D40-1123,1123,Av Riera de Cassoles - Carolines,D40,Bus,POINT (2.1500810045011267 41.40363799720156)
B-55-1124,1124,Ronda Universitat - Pl Universitat,55,Bus,POINT (2.1652640019303337 41.38626199724515)
B-59-1124,1124,Ronda Universitat - Pl Universitat,59,Bus,POINT (2.1652640019303337 41.38626199724515)
B-67-1124,1124,Ronda Universitat - Pl Universitat,67,Bus,POINT (2.1652640019303337 41.38626199724515)
B-H16-1124,1124,Ronda Universitat - Pl Universitat,H16,Bus,POINT (2.1652640019303337 41.38626199724515)
B-V13-1124,1124,Ronda Universitat - Pl Universitat,V13,Bus,POINT (2.1652640019303337 41.38626199724515)
B-D50-1124,1124,Ronda Universitat - Pl Universitat,D50,Bus,POINT (2.1652640019303337 41.38626199724515)
B-B25-1127,1127,Pg Lluís Companys - Arc de Triomf,B25,Bus,POINT (2.1802519969213754 41.39068999713138)
B-B20-1127,1127,Pg Lluís Companys - Arc de Triomf,B20,Bus,POINT (2.1802519969213754 41.39068999713138)
B-V17-1127,1127,Pg Lluís Companys - Arc de Triomf,V17,Bus,POINT (2.1802519969213754 41.39068999713138)
B-H16-1127,1127,Pg Lluís Companys - Arc de Triomf,H16,Bus,POINT (2.1802519969213754 41.39068999713138)
B-V19-1127,1127,Pg Lluís Companys - Arc de Triomf,V19,Bus,POINT (2.1802519969213754 41.39068999713138)
B-B25-1128,1128,Pg Lluís Companys - Parc de la Ciutadella,B25,Bus,POINT (2.182697001547054 41.388837998566885)
B-B20-1128,1128,Pg Lluís Companys - Parc de la Ciutadella,B20,Bus,POINT (2.182697001547054 41.388837998566885)
B-V17-1128,1128,Pg Lluís Companys - Parc de la Ciutadella,V17,Bus,POINT (2.182697001547054 41.388837998566885)
B-H16-1128,1128,Pg Lluís Companys - Parc de la Ciutadella,H16,Bus,POINT (2.182697001547054 41.388837998566885)
B-V19-1128,1128,Pg Lluís Companys - Parc de la Ciutadella,V19,Bus,POINT (2.182697001547054 41.388837998566885)
B-V17-1129,1129,Parc de la Ciutadella - Princesa,V17,Bus,POINT (2.1830539984127704 41.38780400326466)
B-H14-1129,1129,Parc de la Ciutadella - Princesa,H14,Bus,POINT (2.1830539984127704 41.38780400326466)
B-V19-1129,1129,Parc de la Ciutadella - Princesa,V19,Bus,POINT (2.1830539984127704 41.38780400326466)
B-120-1130,1130,Pg Picasso - Comerç,120,Bus,POINT (2.18208699752018 41.388363003543816)
B-B25-1131,1131,Bac de Roda - Llull,B25,Bus,POINT (2.2067120039996753 41.40556800130662)
B-V27-1131,1131,Bac de Roda - Llull,V27,Bus,POINT (2.2067120039996753 41.40556800130662)
B-39-1135,1135,Pau Claris - Rosselló,39,Bus,POINT (2.1620740032029873 41.39646700077837)
B-7-1136,1136,Pg de Gràcia - Mallorca,7,Bus,POINT (2.163363002758875 41.39352200290079)
B-22-1136,1136,Pg de Gràcia - Mallorca,22,Bus,POINT (2.163363002758875 41.39352200290079)
B-24-1136,1136,Pg de Gràcia - Mallorca,24,Bus,POINT (2.163363002758875 41.39352200290079)
B-V15-1136,1136,Pg de Gràcia - Mallorca,V15,Bus,POINT (2.163363002758875 41.39352200290079)
B-59-1137,1137,Casanova - Mercat del Ninot,59,Bus,POINT (2.154626001352101 41.38859700151367)
B-6-1138,1138,Pg de Sant Joan - València,6,Bus,POINT (2.170461994917299 41.39884300430766)
B-V19-1138,1138,Pg de Sant Joan - València,V19,Bus,POINT (2.170461994917299 41.39884300430766)
B-19-1140,1140,Padilla - Mallorca,19,Bus,POINT (2.1781761194998372 41.40501557953052)
B-V21-1140,1140,Padilla - Mallorca,V21,Bus,POINT (2.1781761194998372 41.40501557953052)
B-19-1141,1141,Av Gaudí,19,Bus,POINT (2.174816998915844 41.405772002886394)
B-V21-1141,1141,Av Gaudí,V21,Bus,POINT (2.174816998915844 41.405772002886394)
B-V23-1142,1142,Independència - Mallorca,V23,Bus,POINT (2.181904004292528 41.408977997411704)
B-D50-1142,1142,Independència - Mallorca,D50,Bus,POINT (2.181904004292528 41.408977997411704)
B-V23-1143,1143,Dos de Maig - Còrsega,V23,Bus,POINT (2.1782769952845435 41.40981700326321)
B-D50-1143,1143,Dos de Maig - Còrsega,D50,Bus,POINT (2.1782769952845435 41.40981700326321)
B-22-1144,1144,Pg de Gràcia - Rosselló,22,Bus,POINT (2.160116004335041 41.395892999224166)
B-24-1144,1144,Pg de Gràcia - Rosselló,24,Bus,POINT (2.160116004335041 41.395892999224166)
B-96-1145,1145,Jaume I - Pl Lluís Companys,96,Bus,POINT (2.1886040048693833 41.48207500273731)
B-V21-1146,1146,Montbau,V21,Bus,POINT (2.1415040016698352 41.433033000556605)
B-27-1147,1147,Metro Montbau,27,Bus,POINT (2.1447539975050827 41.43066700395715)
B-60-1147,1147,Metro Montbau,60,Bus,POINT (2.1447539975050827 41.43066700395715)
B-76-1147,1147,Metro Montbau,76,Bus,POINT (2.1447539975050827 41.43066700395715)
B-V21-1147,1147,Metro Montbau,V21,Bus,POINT (2.1447539975050827 41.43066700395715)
B-H4-1147,1147,Metro Montbau,H4,Bus,POINT (2.1447539975050827 41.43066700395715)
B-M19-1147,1147,Metro Montbau,M19,Bus,POINT (2.1447539975050827 41.43066700395715)
B-27-1148,1148,Pg Vall d'Hebron - Mundet,27,Bus,POINT (2.1470400056176677 41.43503299905229)
B-60-1148,1148,Pg Vall d'Hebron - Mundet,60,Bus,POINT (2.1470400056176677 41.43503299905229)
B-76-1148,1148,Pg Vall d'Hebron - Mundet,76,Bus,POINT (2.1470400056176677 41.43503299905229)
B-H4-1148,1148,Pg Vall d'Hebron - Mundet,H4,Bus,POINT (2.1470400056176677 41.43503299905229)
B-M19-1148,1148,Pg Vall d'Hebron - Mundet,M19,Bus,POINT (2.1470400056176677 41.43503299905229)
B-V21-1150,1150,Vayreda - Arquitectura,V21,Bus,POINT (2.140175999080216 41.43038500354958)
B-B21-1152,1152,Av. Catalunya,B21,Bus,POINT (2.2228582327027526 41.42845992674198)
B-B23-1152,1152,Av. Catalunya,B23,Bus,POINT (2.2228582327027526 41.42845992674198)
B-65-1153,1153,Cèntric,65,Bus,POINT (2.0934740054898193 41.3216419969161)
B-PR3-1153,1153,Cèntric,PR3,Bus,POINT (2.0934740054898193 41.3216419969161)
B-65-1155,1155,Cèntric,65,Bus,POINT (2.093547997353545 41.321556998582224)
B-PR3-1155,1155,Cèntric,PR3,Bus,POINT (2.093547997353545 41.321556998582224)
B-67-1156,1156,Av del Parc - Bellaterra,67,Bus,POINT (2.073604994298353 41.358927995480215)
B-67-1157,1157,Av del Parc - Bonavista,67,Bus,POINT (2.076255331147331 41.35957767479585)
B-H4-1158,1158,Pg Torras i Bages - Residència,H4,Bus,POINT (2.191109001414191 41.43934799558737)
B-V31-1158,1158,Pg Torras i Bages - Residència,V31,Bus,POINT (2.191109001414191 41.43934799558737)
B-H4-1159,1159,Pg Torras i Bages - Palomar,H4,Bus,POINT (2.1909349969657703 41.44180899920394)
B-V31-1159,1159,Pg Torras i Bages - Palomar,V31,Bus,POINT (2.1909349969657703 41.44180899920394)
B-V31-1161,1161,Pg Torras i Bages - Palomar,V31,Bus,POINT (2.1907069994913546 41.44229800326963)
B-V17-1163,1163,Pg Picasso - Princesa,V17,Bus,POINT (2.1835229966699687 41.38713300262634)
B-H14-1163,1163,Pg Picasso - Princesa,H14,Bus,POINT (2.1835229966699687 41.38713300262634)
B-V19-1163,1163,Pg Picasso - Princesa,V19,Bus,POINT (2.1835229966699687 41.38713300262634)
B-47-1164,1164,Pla de Palau - Pl Pau Vila,47,Bus,POINT (2.185004997371699 41.38254999887679)
B-59-1164,1164,Pla de Palau - Pl Pau Vila,59,Bus,POINT (2.185004997371699 41.38254999887679)
B-D20-1164,1164,Pla de Palau - Pl Pau Vila,D20,Bus,POINT (2.185004997371699 41.38254999887679)
B-V17-1164,1164,Pla de Palau - Pl Pau Vila,V17,Bus,POINT (2.185004997371699 41.38254999887679)
B-V15-1164,1164,Pla de Palau - Pl Pau Vila,V15,Bus,POINT (2.185004997371699 41.38254999887679)
B-V19-1164,1164,Pla de Palau - Pl Pau Vila,V19,Bus,POINT (2.185004997371699 41.38254999887679)
B-62-1166,1166,Meridiana - Estació d'Autobusos Fabra i Puig,62,Bus,POINT (2.1829843102484334 41.43070208992237)
B-96-1166,1166,Meridiana - Estació d'Autobusos Fabra i Puig,96,Bus,POINT (2.1829843102484334 41.43070208992237)
B-126-1166,1166,Meridiana - Estació d'Autobusos Fabra i Puig,126,Bus,POINT (2.1829843102484334 41.43070208992237)
B-133-1166,1166,Meridiana - Estació d'Autobusos Fabra i Puig,133,Bus,POINT (2.1829843102484334 41.43070208992237)
B-62-1167,1167,CAP Sant Andreu,62,Bus,POINT (2.183621004045892 41.433331995605805)
B-96-1167,1167,CAP Sant Andreu,96,Bus,POINT (2.183621004045892 41.433331995605805)
B-126-1167,1167,CAP Sant Andreu,126,Bus,POINT (2.183621004045892 41.433331995605805)
B-133-1167,1167,CAP Sant Andreu,133,Bus,POINT (2.183621004045892 41.433331995605805)
B-76-1168,1168,S'Agaró - Llosa,76,Bus,POINT (2.1875409970245925 41.44923700354118)
B-H2-1168,1168,S'Agaró - Llosa,H2,Bus,POINT (2.1875409970245925 41.44923700354118)
B-D50-1168,1168,S'Agaró - Llosa,D50,Bus,POINT (2.1875409970245925 41.44923700354118)
B-60-1172,1172,Via Favència - IES Guineueta,60,Bus,POINT (2.1722569995091505 41.44344999711213)
B-D40-1172,1172,Via Favència - IES Guineueta,D40,Bus,POINT (2.1722569995091505 41.44344999711213)
B-65-1173,1173,Gran Via - Química,65,Bus,POINT (2.1363992198180717 41.36522286911445)
B-109-1173,1173,Gran Via - Química,109,Bus,POINT (2.1363992198180717 41.36522286911445)
B-H12-1173,1173,Gran Via - Química,H12,Bus,POINT (2.1363992198180717 41.36522286911445)
B-H16-1173,1173,Gran Via - Química,H16,Bus,POINT (2.1363992198180717 41.36522286911445)
B-27-1174,1174,Artesania - Antonio Machado,27,Bus,POINT (2.1709699954811486 41.44516700194315)
B-127-1174,1174,Artesania - Antonio Machado,127,Bus,POINT (2.1709699954811486 41.44516700194315)
B-60-1176,1176,Via Favència - Palamós,60,Bus,POINT (2.184238000826203 41.446495998710795)
B-76-1176,1176,Via Favència - Palamós,76,Bus,POINT (2.184238000826203 41.446495998710795)
B-127-1176,1176,Via Favència - Palamós,127,Bus,POINT (2.184238000826203 41.446495998710795)
B-132-1176,1176,Via Favència - Palamós,132,Bus,POINT (2.184238000826203 41.446495998710795)
B-B24-1178,1178,Pont del Treball - Santander,B24,Bus,POINT (2.1964939977817837 41.422072998336645)
B-V31-1178,1178,Pont del Treball - Santander,V31,Bus,POINT (2.1964939977817837 41.422072998336645)
B-V29-1178,1178,Pont del Treball - Santander,V29,Bus,POINT (2.1964939977817837 41.422072998336645)
B-V31-1180,1180,Rambla Prim - Cantàbria,V31,Bus,POINT (2.200924999986578 41.42488099579225)
B-33-1181,1181,Rambla Prim - Guipúscoa,33,Bus,POINT (2.2042689963456703 41.42235899740432)
B-V31-1181,1181,Rambla Prim - Guipúscoa,V31,Bus,POINT (2.2042689963456703 41.42235899740432)
B-136-1181,1181,Rambla Prim - Guipúscoa,136,Bus,POINT (2.2042689963456703 41.42235899740432)
B-D20-1185,1185,Paral·lel - Av Mistral,D20,Bus,POINT (2.152629005564002 41.37512799606243)
B-H16-1185,1185,Paral·lel - Av Mistral,H16,Bus,POINT (2.152629005564002 41.37512799606243)
B-19-1187,1187,Universitat Autònoma de Barcelona,19,Bus,POINT (2.137190996360799 41.42808799805684)
B-76-1187,1187,Universitat Autònoma de Barcelona,76,Bus,POINT (2.137190996360799 41.42808799805684)
B-19-1188,1188,Natzaret - Av Jordà,19,Bus,POINT (2.1368400024439396 41.42751399627329)
B-76-1188,1188,Natzaret - Av Jordà,76,Bus,POINT (2.1368400024439396 41.42751399627329)
B-112-1188,1188,Natzaret - Av Jordà,112,Bus,POINT (2.1368400024439396 41.42751399627329)
B-V27-1190,1190,Bac de Roda - Gran Via,V27,Bus,POINT (2.197520997796572 41.41249300036972)
B-192-1191,1191,Bilbao - Concili de Trento,192,Bus,POINT (2.19202500175277 41.41133600429217)
B-V21-1193,1193,Jorge Manrique - Can Travi,V21,Bus,POINT (2.149490003455104 41.4315610009642)
B-22-1195,1195,Vallcarca,22,Bus,POINT (2.144236001097511 41.41306200052249)
B-87-1195,1195,Vallcarca,87,Bus,POINT (2.144236001097511 41.41306200052249)
B-V19-1195,1195,Vallcarca,V19,Bus,POINT (2.144236001097511 41.41306200052249)
B-123-1196,1196,Isaac Newton - Lleó XIII,123,Bus,POINT (2.135835997063286 41.414895004482986)
B-H2-1196,1196,Isaac Newton - Lleó XIII,H2,Bus,POINT (2.135835997063286 41.414895004482986)
B-68-1197,1197,Ctra d'Esplugues - Oliverar,68,Bus,POINT (2.0778289985199283 41.3666510023013)
B-67-1198,1198,Av Sant Ildefons - Dàlia,67,Bus,POINT (2.082364000195682 41.362153996676454)
B-67-1199,1199,Av Sant Ildefons - Marfull,67,Bus,POINT (2.081165001032926 41.360525002781124)
B-68-1200,1200,Ctra d'Esplugues - La Miranda,68,Bus,POINT (2.07278000183052 41.36113600358687)
B-68-1201,1201,Ctra d'Esplugues - Pl del Sol,68,Bus,POINT (2.0759460051396608 41.364400997360086)
B-67-1202,1202,Av de Sant Ildefons - Avet,67,Bus,POINT (2.082788998402987 41.36550400277142)
B-67-1203,1203,Av de Sant Ildefons - Ctra d'Esplugues,67,Bus,POINT (2.0803041740881314 41.36746805734724)
B-60-1204,1204,Pg Santa Coloma - Pl de la Modernitat,60,Bus,POINT (2.19344999752326 41.44617899589073)
B-M19-1204,1204,Pg Santa Coloma - Pl de la Modernitat,M19,Bus,POINT (2.19344999752326 41.44617899589073)
B-60-1205,1205,Pg Santa Coloma - Tiana,60,Bus,POINT (2.1995440054667164 41.44831299576884)
B-M19-1205,1205,Pg Santa Coloma - Tiana,M19,Bus,POINT (2.1995440054667164 41.44831299576884)
B-65-1206,1206,CEM Julio Méndez,65,Bus,POINT (2.091060004127641 41.31612600362588)
B-PR3-1206,1206,CEM Julio Méndez,PR3,Bus,POINT (2.091060004127641 41.31612600362588)
B-H10-1207,1207,Mallorca - Pg de Gràcia,H10,Bus,POINT (2.1617990016607624 41.3933360006578)
B-24-1208,1208,Pl Catalunya - Rambla Catalunya,24,Bus,POINT (2.1688309997691277 41.387575001021965)
B-7-1209,1209,Gran Via - Balmes,7,Bus,POINT (2.1664310022929905 41.3879310007609)
B-54-1209,1209,Gran Via - Balmes,54,Bus,POINT (2.1664310022929905 41.3879310007609)
B-67-1209,1209,Gran Via - Balmes,67,Bus,POINT (2.1664310022929905 41.3879310007609)
B-H12-1209,1209,Gran Via - Balmes,H12,Bus,POINT (2.1664310022929905 41.3879310007609)
B-52-1209,1209,Gran Via - Balmes,52,Bus,POINT (2.1664310022929905 41.3879310007609)
B-55-1210,1210,Pl Catalunya - Pg de Gràcia,55,Bus,POINT (2.1693160045011775 41.38775699626139)
B-H16-1210,1210,Pl Catalunya - Pg de Gràcia,H16,Bus,POINT (2.1693160045011775 41.38775699626139)
B-D50-1210,1210,Pl Catalunya - Pg de Gràcia,D50,Bus,POINT (2.1693160045011775 41.38775699626139)
B-63-1211,1211,Rambla Sant Just - Ctra Reial,63,Bus,POINT (2.0758920042376157 41.37935099556969)
B-157-1211,1211,Rambla Sant Just - Ctra Reial,157,Bus,POINT (2.0758920042376157 41.37935099556969)
B-63-1212,1212,Parc de la Rambla,63,Bus,POINT (2.075248996811455 41.380339995698066)
B-157-1212,1212,Parc de la Rambla,157,Bus,POINT (2.075248996811455 41.380339995698066)
B-96-1213,1213,Anselm Clavé - Av Catalunya,96,Bus,POINT (2.183393003089578 41.492142004488194)
B-24-1214,1214,Ana María Matute - Pl Sanllehy,24,Bus,POINT (2.1606940034970172 41.413970997077534)
B-V19-1214,1214,Ana María Matute - Pl Sanllehy,V19,Bus,POINT (2.1606940034970172 41.413970997077534)
B-24-1215,1215,Ana María Matute - Miquel Sants Oliver,24,Bus,POINT (2.158412004624028 41.415207004245815)
B-24-1217,1217,Ctra. del Carmel - Albert Llanas,24,Bus,POINT (2.1564690010973435 41.41646199838415)
B-V19-1217,1217,Ctra. del Carmel - Albert Llanas,V19,Bus,POINT (2.1564690010973435 41.41646199838415)
B-24-1218,1218,Ctra. del Carmel - Pl. Raimon Casellas,24,Bus,POINT (2.158832998114051 41.41683500234418)
B-86-1218,1218,Ctra. del Carmel - Pl. Raimon Casellas,86,Bus,POINT (2.158832998114051 41.41683500234418)
B-V19-1218,1218,Ctra. del Carmel - Pl. Raimon Casellas,V19,Bus,POINT (2.158832998114051 41.41683500234418)
B-24-1219,1219,Ctra. del Carmel - Can Xirot,24,Bus,POINT (2.156457998634867 41.41697200124117)
B-V19-1219,1219,Ctra. del Carmel - Can Xirot,V19,Bus,POINT (2.156457998634867 41.41697200124117)
B-24-1221,1221,Ctra. del Carmel - Pg. Josefina Torrens Illas,24,Bus,POINT (2.156803997343156 41.4156459999879)
B-V19-1221,1221,Ctra. del Carmel - Pg. Josefina Torrens Illas,V19,Bus,POINT (2.156803997343156 41.4156459999879)
B-24-1222,1222,Ana María Matute - Av Pompeu Fabra,24,Bus,POINT (2.1586039977565754 41.41488399566712)
B-V19-1222,1222,Ana María Matute - Av Pompeu Fabra,V19,Bus,POINT (2.1586039977565754 41.41488399566712)
B-24-1223,1223,Ana María Matute - C N Catalunya,24,Bus,POINT (2.1567930007861533 41.4157820041443)
B-V19-1223,1223,Ana María Matute - C N Catalunya,V19,Bus,POINT (2.1567930007861533 41.4157820041443)
B-33-1224,1224,Mallorca - Rogent,33,Bus,POINT (2.184429003633548 41.410323995751575)
B-34-1224,1224,Mallorca - Rogent,34,Bus,POINT (2.184429003633548 41.410323995751575)
B-H10-1224,1224,Mallorca - Rogent,H10,Bus,POINT (2.184429003633548 41.410323995751575)
B-47-1225,1225,Sant Antoni Maria Claret - Nàpols,47,Bus,POINT (2.1658760045498 41.40490000030701)
B-H8-1225,1225,Sant Antoni Maria Claret - Nàpols,H8,Bus,POINT (2.1658760045498 41.40490000030701)
B-H16-1226,1226,Pg Pujades - Parc de la Ciutadella,H16,Bus,POINT (2.1853650029404847 41.39046100321469)
B-H14-1226,1226,Pg Pujades - Parc de la Ciutadella,H14,Bus,POINT (2.1853650029404847 41.39046100321469)
B-33-1227,1227,Mallorca - Pg Sant Joan,33,Bus,POINT (2.17042799947932 41.39983899683911)
B-34-1227,1227,Mallorca - Pg Sant Joan,34,Bus,POINT (2.17042799947932 41.39983899683911)
B-H10-1227,1227,Mallorca - Pg Sant Joan,H10,Bus,POINT (2.17042799947932 41.39983899683911)
B-19-1228,1228,València - Pg Sant Joan,19,Bus,POINT (2.1716279947727535 41.398872995878946)
B-33-1228,1228,València - Pg Sant Joan,33,Bus,POINT (2.1716279947727535 41.398872995878946)
B-34-1228,1228,València - Pg Sant Joan,34,Bus,POINT (2.1716279947727535 41.398872995878946)
B-B24-1228,1228,València - Pg Sant Joan,B24,Bus,POINT (2.1716279947727535 41.398872995878946)
B-H10-1228,1228,València - Pg Sant Joan,H10,Bus,POINT (2.1716279947727535 41.398872995878946)
B-D50-1228,1228,València - Pg Sant Joan,D50,Bus,POINT (2.1716279947727535 41.398872995878946)
B-6-1230,1230,Gran Via - Roger de Flor,6,Bus,POINT (2.176898001798824 41.39619100334436)
B-7-1230,1230,Gran Via - Roger de Flor,7,Bus,POINT (2.176898001798824 41.39619100334436)
B-H12-1230,1230,Gran Via - Roger de Flor,H12,Bus,POINT (2.176898001798824 41.39619100334436)
B-B25-1231,1231,Almogàvers - Roger de Flor,B25,Bus,POINT (2.182800590975886 41.391857872255805)
B-B20-1231,1231,Almogàvers - Roger de Flor,B20,Bus,POINT (2.182800590975886 41.391857872255805)
B-19-1232,1232,Pg Maragall - Ronda Guinardó,19,Bus,POINT (2.1770859987599063 41.42424200164388)
B-47-1232,1232,Pg Maragall - Ronda Guinardó,47,Bus,POINT (2.1770859987599063 41.42424200164388)
B-H6-1232,1232,Pg Maragall - Ronda Guinardó,H6,Bus,POINT (2.1770859987599063 41.42424200164388)
B-V25-1232,1232,Pg Maragall - Ronda Guinardó,V25,Bus,POINT (2.1770859987599063 41.42424200164388)
B-D50-1232,1232,Pg Maragall - Ronda Guinardó,D50,Bus,POINT (2.1770859987599063 41.42424200164388)
B-V21-1233,1233,Padilla - Trav de Gràcia,V21,Bus,POINT (2.1711440018443953 41.41035299879813)
B-V21-1234,1234,Padilla - Llorens i Barba,V21,Bus,POINT (2.1699067593741166 41.41130634916183)
B-19-1235,1235,Pg Maragall - Av Frederic Rahola,19,Bus,POINT (2.1646939973423724 41.42776299819988)
B-V25-1235,1235,Pg Maragall - Av Frederic Rahola,V25,Bus,POINT (2.1646939973423724 41.42776299819988)
B-117-1236,1236,Pedrell - Font d'en Fargas,117,Bus,POINT (2.1661700016686414 41.42446499912833)
B-V23-1236,1236,Pedrell - Font d'en Fargas,V23,Bus,POINT (2.1661700016686414 41.42446499912833)
B-117-1237,1237,Pedrell - Av Frederic Rahola,117,Bus,POINT (2.168549001759657 41.4241749998673)
B-V23-1237,1237,Pedrell - Av Frederic Rahola,V23,Bus,POINT (2.168549001759657 41.4241749998673)
B-62-1240,1240,Meridiana - Av Rio de Janeiro,62,Bus,POINT (2.186210003094333 41.44304099887853)
B-96-1240,1240,Meridiana - Av Rio de Janeiro,96,Bus,POINT (2.186210003094333 41.44304099887853)
B-97-1240,1240,Meridiana - Av Rio de Janeiro,97,Bus,POINT (2.186210003094333 41.44304099887853)
B-104-1240,1240,Meridiana - Av Rio de Janeiro,104,Bus,POINT (2.186210003094333 41.44304099887853)
B-H4-1242,1242,Pg Valldaura - Av Rio de Janeiro,H4,Bus,POINT (2.18260400552711 41.439439996233766)
B-M19-1242,1242,Pg Valldaura - Av Rio de Janeiro,M19,Bus,POINT (2.18260400552711 41.439439996233766)
B-V23-1243,1243,Montserrat de Casanovas - Marí,V23,Bus,POINT (2.161913996456883 41.4224139993039)
B-V23-1244,1244,Montserrat de Casanovas - Passerell,V23,Bus,POINT (2.1592410037501284 41.42154700283725)
B-7-1246,1246,Gran Via - Llúria,7,Bus,POINT (2.1712359986070435 41.391937002413314)
B-54-1246,1246,Gran Via - Llúria,54,Bus,POINT (2.1712359986070435 41.391937002413314)
B-H12-1246,1246,Gran Via - Llúria,H12,Bus,POINT (2.1712359986070435 41.391937002413314)
B-H10-1247,1247,València - Roger de Llúria,H10,Bus,POINT (2.1660279942313094 41.39466599914011)
B-27-1252,1252,Mercat Vall d'Hebron,27,Bus,POINT (2.1429079949837995 41.42519899943006)
B-60-1252,1252,Mercat Vall d'Hebron,60,Bus,POINT (2.1429079949837995 41.42519899943006)
B-76-1252,1252,Mercat Vall d'Hebron,76,Bus,POINT (2.1429079949837995 41.42519899943006)
B-112-1252,1252,Mercat Vall d'Hebron,112,Bus,POINT (2.1429079949837995 41.42519899943006)
B-119-1252,1252,Mercat Vall d'Hebron,119,Bus,POINT (2.1429079949837995 41.42519899943006)
B-H4-1252,1252,Mercat Vall d'Hebron,H4,Bus,POINT (2.1429079949837995 41.42519899943006)
B-M19-1252,1252,Mercat Vall d'Hebron,M19,Bus,POINT (2.1429079949837995 41.42519899943006)
B-27-1253,1253,Josep Tarradellas - París,27,Bus,POINT (2.142975998971082 41.38640999889868)
B-59-1253,1253,Josep Tarradellas - París,59,Bus,POINT (2.142975998971082 41.38640999889868)
B-H8-1253,1253,Josep Tarradellas - París,H8,Bus,POINT (2.142975998971082 41.38640999889868)
B-D40-1253,1253,Josep Tarradellas - París,D40,Bus,POINT (2.142975998971082 41.38640999889868)
B-H12-1254,1254,Gran Via - Entença,H12,Bus,POINT (2.1537189960568717 41.37838500368264)
B-52-1254,1254,Gran Via - Entença,52,Bus,POINT (2.1537189960568717 41.37838500368264)
B-13-1255,1255,Sepúlveda - Rocafort,13,Bus,POINT (2.154669995374899 41.37737699954295)
B-55-1255,1255,Sepúlveda - Rocafort,55,Bus,POINT (2.154669995374899 41.37737699954295)
B-91-1255,1255,Sepúlveda - Rocafort,91,Bus,POINT (2.154669995374899 41.37737699954295)
B-D50-1257,1257,Pl de Catalunya - Ronda Sant Pere,D50,Bus,POINT (2.1703422197837305 41.38789891931856)
B-54-1259,1259,Collblanc - Cardenal Reig,54,Bus,POINT (2.1146389988320626 41.37591900413184)
B-157-1259,1259,Collblanc - Cardenal Reig,157,Bus,POINT (2.1146389988320626 41.37591900413184)
B-D20-1259,1259,Collblanc - Cardenal Reig,D20,Bus,POINT (2.1146389988320626 41.37591900413184)
B-H8-1259,1259,Collblanc - Cardenal Reig,H8,Bus,POINT (2.1146389988320626 41.37591900413184)
B-22-1260,1260,Gran de Gràcia - Trav de Gràcia,22,Bus,POINT (2.1550289946590144 41.400278998726236)
B-24-1260,1260,Gran de Gràcia - Trav de Gràcia,24,Bus,POINT (2.1550289946590144 41.400278998726236)
B-V17-1260,1260,Gran de Gràcia - Trav de Gràcia,V17,Bus,POINT (2.1550289946590144 41.400278998726236)
B-22-1261,1261,Gran de Gràcia - Metro Fontana,22,Bus,POINT (2.1532740005951965 41.40180899785232)
B-24-1261,1261,Gran de Gràcia - Metro Fontana,24,Bus,POINT (2.1532740005951965 41.40180899785232)
B-V17-1261,1261,Gran de Gràcia - Metro Fontana,V17,Bus,POINT (2.1532740005951965 41.40180899785232)
B-27-1262,1262,Pl Gal·la Placídia,27,Bus,POINT (2.1520822793519994 41.399901169114656)
B-87-1262,1262,Pl Gal·la Placídia,87,Bus,POINT (2.1520822793519994 41.399901169114656)
B-V15-1262,1262,Pl Gal·la Placídia,V15,Bus,POINT (2.1520822793519994 41.399901169114656)
B-D40-1262,1262,Pl Gal·la Placídia,D40,Bus,POINT (2.1520822793519994 41.399901169114656)
B-47-1263,1263,Bruc - Còrsega,47,Bus,POINT (2.1634389994111514 41.39884000398834)
B-59-1264,1264,Villarroel - Hospital Clínic,59,Bus,POINT (2.151134004315156 41.389382003923814)
B-63-1264,1264,Villarroel - Hospital Clínic,63,Bus,POINT (2.151134004315156 41.389382003923814)
B-141-1264,1264,Villarroel - Hospital Clínic,141,Bus,POINT (2.151134004315156 41.389382003923814)
B-V11-1264,1264,Villarroel - Hospital Clínic,V11,Bus,POINT (2.151134004315156 41.389382003923814)
B-X1-1264,1264,Villarroel - Hospital Clínic,X1,Bus,POINT (2.151134004315156 41.389382003923814)
B-47-1265,1265,Pg de Sant Joan - Còrsega,47,Bus,POINT (2.1656551894493417 41.40207425925485)
B-H8-1265,1265,Pg de Sant Joan - Còrsega,H8,Bus,POINT (2.1656551894493417 41.40207425925485)
B-V19-1265,1265,Pg de Sant Joan - Còrsega,V19,Bus,POINT (2.1656551894493417 41.40207425925485)
B-141-1267,1267,Calàbria - Provença,141,Bus,POINT (2.147954002287175 41.385099004214155)
B-54-1268,1268,Muntaner - Rosselló,54,Bus,POINT (2.153439000487843 41.39105899614794)
B-68-1268,1268,Muntaner - Rosselló,68,Bus,POINT (2.153439000487843 41.39105899614794)
B-V13-1268,1268,Muntaner - Rosselló,V13,Bus,POINT (2.153439000487843 41.39105899614794)
B-V13-1271,1271,Pl Catalunya - Bergara,V13,Bus,POINT (2.169525004815105 41.38655200291615)
B-B25-1273,1273,Llull - Llacuna,B25,Bus,POINT (2.2010200044295583 41.400066001597594)
B-B20-1273,1273,Llull - Llacuna,B20,Bus,POINT (2.2010200044295583 41.400066001597594)
B-136-1273,1273,Llull - Llacuna,136,Bus,POINT (2.2010200044295583 41.400066001597594)
B-192-1274,1274,Pujades - Bilbao,192,Bus,POINT (2.202359996632508 41.403014004024314)
B-B25-1274,1274,Pujades - Bilbao,B25,Bus,POINT (2.202359996632508 41.403014004024314)
B-B20-1274,1274,Pujades - Bilbao,B20,Bus,POINT (2.202359996632508 41.403014004024314)
B-136-1274,1274,Pujades - Bilbao,136,Bus,POINT (2.202359996632508 41.403014004024314)
B-H14-1275,1275,Pallars - Rambla del Poblenou,H14,Bus,POINT (2.199050149580061 41.4020292299666)
B-V21-1278,1278,Marina - Doctor Trueta,V21,Bus,POINT (2.1922011203437197 41.390954060394805)
B-H16-1278,1278,Marina - Doctor Trueta,H16,Bus,POINT (2.1922011203437197 41.390954060394805)
B-136-1278,1278,Marina - Doctor Trueta,136,Bus,POINT (2.1922011203437197 41.390954060394805)
B-112-1279,1279,Av Elies Pagès,112,Bus,POINT (2.132870003975125 41.428363996770926)
B-47-1281,1281,Ramon Trias Fargas - Pg Marítim,47,Bus,POINT (2.1964589995366293 41.385810003495834)
B-47-1282,1282,Platja de la Barceloneta,47,Bus,POINT (2.1928409999682326 41.38030799844851)
B-59-1282,1282,Platja de la Barceloneta,59,Bus,POINT (2.1928409999682326 41.38030799844851)
B-D20-1282,1282,Platja de la Barceloneta,D20,Bus,POINT (2.1928409999682326 41.38030799844851)
B-47-1283,1283,Platja de la Barceloneta,47,Bus,POINT (2.1931299964707556 41.38051300091653)
B-59-1283,1283,Platja de la Barceloneta,59,Bus,POINT (2.1931299964707556 41.38051300091653)
B-D20-1283,1283,Platja de la Barceloneta,D20,Bus,POINT (2.1931299964707556 41.38051300091653)
B-47-1284,1284,Hospital del Mar,47,Bus,POINT (2.1946089982508856 41.383168998817666)
B-59-1284,1284,Hospital del Mar,59,Bus,POINT (2.1946089982508856 41.383168998817666)
B-D20-1284,1284,Hospital del Mar,D20,Bus,POINT (2.1946089982508856 41.383168998817666)
B-59-1285,1285,Ramon Trias Fargas - Ronda Litoral,59,Bus,POINT (2.1958520045659946 41.38627400094604)
B-19-1297,1297,Mallorca - Marina,19,Bus,POINT (2.175937000359616 41.40395399673105)
B-33-1297,1297,Mallorca - Marina,33,Bus,POINT (2.175937000359616 41.40395399673105)
B-34-1297,1297,Mallorca - Marina,34,Bus,POINT (2.175937000359616 41.40395399673105)
B-H10-1297,1297,Mallorca - Marina,H10,Bus,POINT (2.175937000359616 41.40395399673105)
B-D50-1297,1297,Mallorca - Marina,D50,Bus,POINT (2.175937000359616 41.40395399673105)
B-6-1298,1298,Gran Via - Sardenya,6,Bus,POINT (2.180294996943799 41.39873900197583)
B-7-1298,1298,Gran Via - Sardenya,7,Bus,POINT (2.180294996943799 41.39873900197583)
B-H12-1298,1298,Gran Via - Sardenya,H12,Bus,POINT (2.180294996943799 41.39873900197583)
B-24-1299,1299,Av Mare de Déu de Montserrat - Sanllehy,24,Bus,POINT (2.1607589997387193 41.41319200101474)
B-116-1299,1299,Av Mare de Déu de Montserrat - Sanllehy,116,Bus,POINT (2.1607589997387193 41.41319200101474)
B-114-1301,1301,Pi i Margall - Sardenya,114,Bus,POINT (2.164270999995094 41.409788997728846)
B-V19-1301,1301,Pi i Margall - Sardenya,V19,Bus,POINT (2.164270999995094 41.409788997728846)
B-H14-1302,1302,Buenaventura Muñoz - Sardenya,H14,Bus,POINT (2.1875460029976774 41.393583996162505)
B-B80-1303,1303,Can Mariner,B80,Bus,POINT (2.2104329036162214 41.448695057785955)
B-B15-1303,1303,Can Mariner,B15,Bus,POINT (2.2104329036162214 41.448695057785955)
B-B18-1303,1303,Can Mariner,B18,Bus,POINT (2.2104329036162214 41.448695057785955)
B-19-1305,1305,Pg Maragall - Indústria,19,Bus,POINT (2.1807840053221543 41.41515500219095)
B-47-1305,1305,Pg Maragall - Indústria,47,Bus,POINT (2.1807840053221543 41.41515500219095)
B-D50-1305,1305,Pg Maragall - Indústria,D50,Bus,POINT (2.1807840053221543 41.41515500219095)
B-191-1305,1305,Pg Maragall - Indústria,191,Bus,POINT (2.1807840053221543 41.41515500219095)
B-V21-1306,1306,Marina - Còrsega,V21,Bus,POINT (2.1727954101234754 41.40908523041568)
B-39-1307,1307,Pg de Sant Joan - Trav de Gràcia,39,Bus,POINT (2.163187995094421 41.403929003119)
B-V19-1307,1307,Pg de Sant Joan - Trav de Gràcia,V19,Bus,POINT (2.163187995094421 41.403929003119)
B-65-1310,1310,Gran Via - Santa Dorotea,65,Bus,POINT (2.144880005611626 41.371705001207765)
B-91-1310,1310,Gran Via - Santa Dorotea,91,Bus,POINT (2.144880005611626 41.371705001207765)
B-109-1310,1310,Gran Via - Santa Dorotea,109,Bus,POINT (2.144880005611626 41.371705001207765)
B-H12-1310,1310,Gran Via - Santa Dorotea,H12,Bus,POINT (2.144880005611626 41.371705001207765)
B-H16-1310,1310,Gran Via - Santa Dorotea,H16,Bus,POINT (2.144880005611626 41.371705001207765)
B-130-1313,1313,Via Augusta - Tres Reis,130,Bus,POINT (2.118015994975201 41.40414299549856)
B-19-1314,1314,Josep Sangenís - Dante Alighieri,19,Bus,POINT (2.152039004866528 41.4252179963807)
B-H2-1314,1314,Josep Sangenís - Dante Alighieri,H2,Bus,POINT (2.152039004866528 41.4252179963807)
B-19-1315,1315,Josep Sangenís - Santa Gemma,19,Bus,POINT (2.1487920047623246 41.42398000325572)
B-H2-1315,1315,Josep Sangenís - Santa Gemma,H2,Bus,POINT (2.1487920047623246 41.42398000325572)
B-39-1316,1316,Av Mare de Déu de Montserrat - Praga,39,Bus,POINT (2.162302998517533 41.414179996123984)
B-114-1316,1316,Av Mare de Déu de Montserrat - Praga,114,Bus,POINT (2.162302998517533 41.414179996123984)
B-D40-1316,1316,Av Mare de Déu de Montserrat - Praga,D40,Bus,POINT (2.162302998517533 41.414179996123984)
B-V19-1316,1316,Av Mare de Déu de Montserrat - Praga,V19,Bus,POINT (2.162302998517533 41.414179996123984)
B-191-1316,1316,Av Mare de Déu de Montserrat - Praga,191,Bus,POINT (2.162302998517533 41.414179996123984)
B-19-1318,1318,València - Diagonal,19,Bus,POINT (2.17405800125958 41.40068800042198)
B-33-1318,1318,València - Diagonal,33,Bus,POINT (2.17405800125958 41.40068800042198)
B-34-1318,1318,València - Diagonal,34,Bus,POINT (2.17405800125958 41.40068800042198)
B-B24-1318,1318,València - Diagonal,B24,Bus,POINT (2.17405800125958 41.40068800042198)
B-H10-1318,1318,València - Diagonal,H10,Bus,POINT (2.17405800125958 41.40068800042198)
B-D50-1318,1318,València - Diagonal,D50,Bus,POINT (2.17405800125958 41.40068800042198)
B-6-1319,1319,Gran Via - Roger de Flor,6,Bus,POINT (2.1773039956733076 41.3961010036345)
B-7-1319,1319,Gran Via - Roger de Flor,7,Bus,POINT (2.1773039956733076 41.3961010036345)
B-H12-1319,1319,Gran Via - Roger de Flor,H12,Bus,POINT (2.1773039956733076 41.3961010036345)
B-116-1321,1321,Mare de Déu de la Salut - Hospital de l'Esperança,116,Bus,POINT (2.154881997810349 41.410346001030405)
B-23-1323,1323,Pg Zona Franca - Cisell,23,Bus,POINT (2.1431690025405423 41.354767998653095)
B-109-1323,1323,Pg Zona Franca - Cisell,109,Bus,POINT (2.1431690025405423 41.354767998653095)
B-V3-1323,1323,Pg Zona Franca - Cisell,V3,Bus,POINT (2.1431690025405423 41.354767998653095)
B-H16-1323,1323,Pg Zona Franca - Cisell,H16,Bus,POINT (2.1431690025405423 41.354767998653095)
B-V5-1323,1323,Pg Zona Franca - Cisell,V5,Bus,POINT (2.1431690025405423 41.354767998653095)
B-19-1324,1324,Santa Rosalia - Sant Dalmir,19,Bus,POINT (2.148815002764439 41.42323799568878)
B-119-1324,1324,Santa Rosalia - Sant Dalmir,119,Bus,POINT (2.148815002764439 41.42323799568878)
B-H2-1324,1324,Santa Rosalia - Sant Dalmir,H2,Bus,POINT (2.148815002764439 41.42323799568878)
B-21-1326,1326,Paral·lel - Drassanes,21,Bus,POINT (2.1746400017346557 41.37478799792861)
B-D20-1326,1326,Paral·lel - Drassanes,D20,Bus,POINT (2.1746400017346557 41.37478799792861)
B-H14-1326,1326,Paral·lel - Drassanes,H14,Bus,POINT (2.1746400017346557 41.37478799792861)
B-88-1326,1326,Paral·lel - Drassanes,88,Bus,POINT (2.1746400017346557 41.37478799792861)
B-V11-1326,1326,Paral·lel - Drassanes,V11,Bus,POINT (2.1746400017346557 41.37478799792861)
B-39-1327,1327,Pi i Margall - Pau Alsina,39,Bus,POINT (2.163955997927606 41.40957599731859)
B-114-1327,1327,Pi i Margall - Pau Alsina,114,Bus,POINT (2.163955997927606 41.40957599731859)
B-V19-1327,1327,Pi i Margall - Pau Alsina,V19,Bus,POINT (2.163955997927606 41.40957599731859)
B-24-1328,1328,Camèlies - Pau Alsina,24,Bus,POINT (2.159769998021465 41.41134899723153)
B-39-1328,1328,Camèlies - Pau Alsina,39,Bus,POINT (2.159769998021465 41.41134899723153)
B-116-1328,1328,Camèlies - Pau Alsina,116,Bus,POINT (2.159769998021465 41.41134899723153)
B-D40-1328,1328,Camèlies - Pau Alsina,D40,Bus,POINT (2.159769998021465 41.41134899723153)
B-39-1335,1335,Escorial - Pl Joanic,39,Bus,POINT (2.1625170041610757 41.40611400176215)
B-B15-1336,1336,Llorenç Serra,B15,Bus,POINT (2.203987002613398 41.44987599803011)
B-V33-1336,1336,Llorenç Serra,V33,Bus,POINT (2.203987002613398 41.44987599803011)
B-M19-1336,1336,Llorenç Serra,M19,Bus,POINT (2.203987002613398 41.44987599803011)
B-126-1338,1338,Segre - Sant Adrià,126,Bus,POINT (2.192413004961748 41.433581000440604)
B-133-1338,1338,Segre - Sant Adrià,133,Bus,POINT (2.192413004961748 41.433581000440604)
B-34-1339,1339,Dublín - Meridiana,34,Bus,POINT (2.1851399946112635 41.428612999182434)
B-H6-1339,1339,Dublín - Meridiana,H6,Bus,POINT (2.1851399946112635 41.428612999182434)
B-62-1340,1340,Meridiana - Riera de Sant Andreu,62,Bus,POINT (2.184425005383432 41.43549499869391)
B-96-1340,1340,Meridiana - Riera de Sant Andreu,96,Bus,POINT (2.184425005383432 41.43549499869391)
B-126-1340,1340,Meridiana - Riera de Sant Andreu,126,Bus,POINT (2.184425005383432 41.43549499869391)
B-133-1340,1340,Meridiana - Riera de Sant Andreu,133,Bus,POINT (2.184425005383432 41.43549499869391)
B-62-1341,1341,Bartrina - Pont del Dragó,62,Bus,POINT (2.186132995550513 41.43952499748024)
B-96-1341,1341,Bartrina - Pont del Dragó,96,Bus,POINT (2.186132995550513 41.43952499748024)
B-126-1341,1341,Bartrina - Pont del Dragó,126,Bus,POINT (2.186132995550513 41.43952499748024)
B-62-1342,1342,Pl de Mossèn Clapés,62,Bus,POINT (2.1875200022215617 41.44172600410279)
B-96-1342,1342,Pl de Mossèn Clapés,96,Bus,POINT (2.1875200022215617 41.44172600410279)
B-126-1342,1342,Pl de Mossèn Clapés,126,Bus,POINT (2.1875200022215617 41.44172600410279)
B-H4-1342,1342,Pl de Mossèn Clapés,H4,Bus,POINT (2.1875200022215617 41.44172600410279)
B-M19-1342,1342,Pl de Mossèn Clapés,M19,Bus,POINT (2.1875200022215617 41.44172600410279)
B-34-1344,1344,Onze de Setembre - Virgili,34,Bus,POINT (2.1931249989127197 41.43016300383239)
B-126-1344,1344,Onze de Setembre - Virgili,126,Bus,POINT (2.1931249989127197 41.43016300383239)
B-H6-1344,1344,Onze de Setembre - Virgili,H6,Bus,POINT (2.1931249989127197 41.43016300383239)
B-H8-1344,1344,Onze de Setembre - Virgili,H8,Bus,POINT (2.1931249989127197 41.43016300383239)
B-V31-1344,1344,Onze de Setembre - Virgili,V31,Bus,POINT (2.1931249989127197 41.43016300383239)
B-133-1344,1344,Onze de Setembre - Virgili,133,Bus,POINT (2.1931249989127197 41.43016300383239)
B-19-1345,1345,Pg Maragall - Segle XX,19,Bus,POINT (2.179092000650815 41.422075996637034)
B-47-1345,1345,Pg Maragall - Segle XX,47,Bus,POINT (2.179092000650815 41.422075996637034)
B-117-1345,1345,Pg Maragall - Segle XX,117,Bus,POINT (2.179092000650815 41.422075996637034)
B-V25-1345,1345,Pg Maragall - Segle XX,V25,Bus,POINT (2.179092000650815 41.422075996637034)
B-D50-1345,1345,Pg Maragall - Segle XX,D50,Bus,POINT (2.179092000650815 41.422075996637034)
B-104-1347,1347,Les Agudes 27,104,Bus,POINT (2.1783380049494125 41.46363999975615)
B-104-1348,1348,Les Agudes - Fusters,104,Bus,POINT (2.1751570012817867 41.4638500022573)
B-62-1349,1349,Circumval·lació - Les Agudes,62,Bus,POINT (2.1736529980247434 41.46255099681448)
B-76-1349,1349,Circumval·lació - Les Agudes,76,Bus,POINT (2.1736529980247434 41.46255099681448)
B-62-1350,1350,Torrent del Bosc,62,Bus,POINT (2.174039002441969 41.46220000370644)
B-76-1350,1350,Torrent del Bosc,76,Bus,POINT (2.174039002441969 41.46220000370644)
B-34-1351,1351,Rovira i Virgili - Parc de la Pegaso,34,Bus,POINT (2.189330005301588 41.42789999936675)
B-H6-1351,1351,Rovira i Virgili - Parc de la Pegaso,H6,Bus,POINT (2.189330005301588 41.42789999936675)
B-131-1352,1352,Balmes - Mitre,131,Bus,POINT (2.1401690046991235 41.40484299723505)
B-V15-1352,1352,Balmes - Mitre,V15,Bus,POINT (2.1401690046991235 41.40484299723505)
B-131-1353,1353,Balmes - Joaquim Folguera,131,Bus,POINT (2.138735002720634 41.40678400188013)
B-V15-1353,1353,Balmes - Joaquim Folguera,V15,Bus,POINT (2.138735002720634 41.40678400188013)
B-131-1354,1354,Balmes - Pl Kennedy,131,Bus,POINT (2.1373640039439907 41.40945300236504)
B-V15-1354,1354,Balmes - Pl Kennedy,V15,Bus,POINT (2.1373640039439907 41.40945300236504)
B-196-1358,1358,Av Tibidabo - Josep Maria Florensa,196,Bus,POINT (2.1349150027300805 41.4129520017165)
B-V15-1358,1358,Av Tibidabo - Josep Maria Florensa,V15,Bus,POINT (2.1349150027300805 41.4129520017165)
B-H4-1360,1360,Pl Bonanova,H4,Bus,POINT (2.1337620020609966 41.4066029986009)
B-V13-1360,1360,Pl Bonanova,V13,Bus,POINT (2.1337620020609966 41.4066029986009)
B-52-1361,1361,Riera Blanca - Trav de les Corts,52,Bus,POINT (2.121488998704618 41.376049996916706)
B-70-1362,1362,Badal - Sants,70,Bus,POINT (2.1307790035255256 41.375223002891964)
B-70-1363,1363,Rambla del Brasil - Violant d'Hongria,70,Bus,POINT (2.1289860057496925 41.37889400444682)
B-D20-1364,1364,Metro Pl de Sants,D20,Bus,POINT (2.1366039966943062 41.375437999629796)
B-52-1364,1364,Metro Pl de Sants,52,Bus,POINT (2.1366039966943062 41.375437999629796)
B-D20-1365,1365,Sants - Premià,D20,Bus,POINT (2.1393120015725473 41.37538500145499)
B-52-1365,1365,Sants - Premià,52,Bus,POINT (2.1393120015725473 41.37538500145499)
B-55-1366,1366,Villarroel - Sepúlveda,55,Bus,POINT (2.1615610057182155 41.381507003520184)
B-120-1366,1366,Villarroel - Sepúlveda,120,Bus,POINT (2.1615610057182155 41.381507003520184)
B-141-1366,1366,Villarroel - Sepúlveda,141,Bus,POINT (2.1615610057182155 41.381507003520184)
B-H16-1366,1366,Villarroel - Sepúlveda,H16,Bus,POINT (2.1615610057182155 41.381507003520184)
B-V11-1366,1366,Villarroel - Sepúlveda,V11,Bus,POINT (2.1615610057182155 41.381507003520184)
B-D50-1366,1366,Villarroel - Sepúlveda,D50,Bus,POINT (2.1615610057182155 41.381507003520184)
B-D20-1367,1367,Paral·lel - Tamarit,D20,Bus,POINT (2.1554680031669764 41.374889000227455)
B-55-1368,1368,Tamarit - Lleida,55,Bus,POINT (2.155173001025357 41.374199002063605)
B-55-1369,1369,Lleida - Av Paral·lel,55,Bus,POINT (2.1542010010911183 41.37450799883282)
B-150-1369,1369,Lleida - Av Paral·lel,150,Bus,POINT (2.1542010010911183 41.37450799883282)
B-13-1370,1370,Calàbria - Av Mistral,13,Bus,POINT (2.158371999211398 41.37723700144037)
B-91-1370,1370,Calàbria - Av Mistral,91,Bus,POINT (2.158371999211398 41.37723700144037)
B-120-1370,1370,Calàbria - Av Mistral,120,Bus,POINT (2.158371999211398 41.37723700144037)
B-119-1372,1372,Pg Vall d'Hebron - Patronat Ribes,119,Bus,POINT (2.141293004131555 41.42234099970392)
B-54-1373,1373,Arizala - Les Corts,54,Bus,POINT (2.1236869950639816 41.3785729979916)
B-D20-1373,1373,Arizala - Les Corts,D20,Bus,POINT (2.1236869950639816 41.3785729979916)
B-52-1373,1373,Arizala - Les Corts,52,Bus,POINT (2.1236869950639816 41.3785729979916)
B-70-1376,1376,Carles III - Maria Cristina,70,Bus,POINT (2.1269449982820783 41.387435998823634)
B-V3-1376,1376,Carles III - Maria Cristina,V3,Bus,POINT (2.1269449982820783 41.387435998823634)
B-V5-1376,1376,Carles III - Maria Cristina,V5,Bus,POINT (2.1269449982820783 41.387435998823634)
B-M12-1376,1376,Carles III - Maria Cristina,M12,Bus,POINT (2.1269449982820783 41.387435998823634)
B-175-1376,1376,Carles III - Maria Cristina,175,Bus,POINT (2.1269449982820783 41.387435998823634)
B-78-1377,1377,Nicaragua - Parc Les Corts,78,Bus,POINT (2.1377750015190196 41.38625300069943)
B-V7-1377,1377,Nicaragua - Parc Les Corts,V7,Bus,POINT (2.1377750015190196 41.38625300069943)
B-59-1378,1378,Carles III - Mejía Lequerica,59,Bus,POINT (2.127233002786335 41.384214003154234)
B-70-1378,1378,Carles III - Mejía Lequerica,70,Bus,POINT (2.127233002786335 41.384214003154234)
B-V3-1378,1378,Carles III - Mejía Lequerica,V3,Bus,POINT (2.127233002786335 41.384214003154234)
B-V5-1378,1378,Carles III - Mejía Lequerica,V5,Bus,POINT (2.127233002786335 41.384214003154234)
B-M12-1378,1378,Carles III - Mejía Lequerica,M12,Bus,POINT (2.127233002786335 41.384214003154234)
B-175-1378,1378,Carles III - Mejía Lequerica,175,Bus,POINT (2.127233002786335 41.384214003154234)
B-70-1379,1379,Gran Via Carles III - Av Madrid,70,Bus,POINT (2.129228003152705 41.37997999797997)
B-175-1379,1379,Gran Via Carles III - Av Madrid,175,Bus,POINT (2.129228003152705 41.37997999797997)
B-78-1380,1380,Numància - Diagonal,78,Bus,POINT (2.132837540117968 41.38917715017617)
B-V7-1380,1380,Numància - Diagonal,V7,Bus,POINT (2.132837540117968 41.38917715017617)
B-78-1381,1381,Entença - Montnegre,78,Bus,POINT (2.1394630003026798 41.38853299644239)
B-V9-1381,1381,Entença - Montnegre,V9,Bus,POINT (2.1394630003026798 41.38853299644239)
B-V17-1382,1382,Estació de França,V17,Bus,POINT (2.1853989999743657 41.38483899662346)
B-H14-1382,1382,Estació de França,H14,Bus,POINT (2.1853989999743657 41.38483899662346)
B-V19-1382,1382,Estació de França,V19,Bus,POINT (2.1853989999743657 41.38483899662346)
B-65-1383,1383,Parc Nou,65,Bus,POINT (2.091029997482486 41.316289002298355)
B-PR3-1383,1383,Parc Nou,PR3,Bus,POINT (2.091029997482486 41.316289002298355)
B-65-1384,1384,Metro Parc Nou,65,Bus,POINT (2.087616999612039 41.316596999478264)
B-PR3-1384,1384,Metro Parc Nou,PR3,Bus,POINT (2.087616999612039 41.316596999478264)
B-V13-1386,1386,Aribau - Diagonal,V13,Bus,POINT (2.150394999522976 41.39520800319358)
B-22-1387,1387,Gal·la Placídia,22,Bus,POINT (2.152383003651582 41.399203003296314)
B-24-1387,1387,Gal·la Placídia,24,Bus,POINT (2.152383003651582 41.399203003296314)
B-V17-1387,1387,Gal·la Placídia,V17,Bus,POINT (2.152383003651582 41.399203003296314)
B-39-1388,1388,Pg de Sant Joan - Travessera de Gràcia,39,Bus,POINT (2.163850994317769 41.40400999954992)
B-V19-1388,1388,Pg de Sant Joan - Travessera de Gràcia,V19,Bus,POINT (2.163850994317769 41.40400999954992)
B-V15-1389,1389,Via Augusta - Diagonal,V15,Bus,POINT (2.1555599977697844 41.39607000420496)
B-27-1390,1390,Balmes - Trav de Gràcia,27,Bus,POINT (2.1511279968709816 41.39828100426782)
B-V15-1390,1390,Balmes - Trav de Gràcia,V15,Bus,POINT (2.1511279968709816 41.39828100426782)
B-D40-1390,1390,Balmes - Trav de Gràcia,D40,Bus,POINT (2.1511279968709816 41.39828100426782)
B-22-1391,1391,Gran de Gràcia - Jesús,22,Bus,POINT (2.157306999615891 41.398355997066496)
B-24-1391,1391,Gran de Gràcia - Jesús,24,Bus,POINT (2.157306999615891 41.398355997066496)
B-V17-1391,1391,Gran de Gràcia - Jesús,V17,Bus,POINT (2.157306999615891 41.398355997066496)
B-V13-1392,1392,Muntaner - Via Augusta,V13,Bus,POINT (2.1435009947763404 41.39856600013978)
B-114-1394,1394,Torrent de l'Olla - Astúries,114,Bus,POINT (2.155890000512868 41.403263003738)
B-V21-1395,1395,Lepant - Jardins del Baix Guinardó,V21,Bus,POINT (2.16874149951043 41.410385059146556)
B-V21-1396,1396,Lepant - Guinardó,V21,Bus,POINT (2.167010995705706 41.41169799647717)
B-196-1397,1397,Av Tibidabo - Teodor Roviralta,196,Bus,POINT (2.129421004742143 41.41541400286298)
B-107-1400,1400,Can Tunis,107,Bus,POINT (2.1582919998936054 41.35208799897546)
B-185-1402,1402,Pg de Fabra i Puig - Torrent Can Mariner,185,Bus,POINT (2.1629899944892057 41.43268599814405)
B-122-1403,1403,Fabra i Puig - Petrarca,122,Bus,POINT (2.1680279978306123 41.43052399748117)
B-V27-1403,1403,Fabra i Puig - Petrarca,V27,Bus,POINT (2.1680279978306123 41.43052399748117)
B-V27-1404,1404,Fabra i Puig - Petrarca,V27,Bus,POINT (2.1680590042548435 41.430348999910514)
B-33-1405,1405,Guipúscoa - Selva de Mar,33,Bus,POINT (2.1982290031115923 41.41741899981885)
B-H10-1405,1405,Guipúscoa - Selva de Mar,H10,Bus,POINT (2.1982290031115923 41.41741899981885)
B-19-1407,1407,Dante Alighieri - Sacedón,19,Bus,POINT (2.154498996073299 41.42609199850909)
B-86-1407,1407,Dante Alighieri - Sacedón,86,Bus,POINT (2.154498996073299 41.42609199850909)
B-87-1407,1407,Dante Alighieri - Sacedón,87,Bus,POINT (2.154498996073299 41.42609199850909)
B-H2-1407,1407,Dante Alighieri - Sacedón,H2,Bus,POINT (2.154498996073299 41.42609199850909)
B-V31-1409,1409,Pare Pérez del Pulgar - Peníscola,V31,Bus,POINT (2.189524994489853 41.453440997359245)
B-133-1409,1409,Pare Pérez del Pulgar - Peníscola,133,Bus,POINT (2.189524994489853 41.453440997359245)
B-19-1410,1410,Dante Alighieri - Rambla del Carmel,19,Bus,POINT (2.1575830050527443 41.42756600134055)
B-86-1410,1410,Dante Alighieri - Rambla del Carmel,86,Bus,POINT (2.1575830050527443 41.42756600134055)
B-87-1410,1410,Dante Alighieri - Rambla del Carmel,87,Bus,POINT (2.1575830050527443 41.42756600134055)
B-H2-1410,1410,Dante Alighieri - Rambla del Carmel,H2,Bus,POINT (2.1575830050527443 41.42756600134055)
B-67-1411,1411,Av de Cornellà - St Francesc Xavier,67,Bus,POINT (2.084743004590985 41.37369600336811)
B-68-1411,1411,Av de Cornellà - St Francesc Xavier,68,Bus,POINT (2.084743004590985 41.37369600336811)
B-78-1411,1411,Av de Cornellà - St Francesc Xavier,78,Bus,POINT (2.084743004590985 41.37369600336811)
B-D40-1412,1412,Av Mare de Déu de Montserrat - Periodistes,D40,Bus,POINT (2.1742790055183647 41.42168900136588)
B-63-1413,1413,Av Pedralbes - Tòquio,63,Bus,POINT (2.119079005028209 41.39007899632499)
B-78-1413,1413,Av Pedralbes - Tòquio,78,Bus,POINT (2.119079005028209 41.39007899632499)
B-V5-1413,1413,Av Pedralbes - Tòquio,V5,Bus,POINT (2.119079005028209 41.39007899632499)
B-27-1414,1414,Josep Tarradellas - Numància,27,Bus,POINT (2.1420890029065505 41.38116400097015)
B-D40-1414,1414,Josep Tarradellas - Numància,D40,Bus,POINT (2.1420890029065505 41.38116400097015)
B-60-1418,1418,Pg Santa Coloma - Baró de Viver,60,Bus,POINT (2.199741996728785 41.44856800436557)
B-V33-1418,1418,Pg Santa Coloma - Baró de Viver,V33,Bus,POINT (2.199741996728785 41.44856800436557)
B-M19-1418,1418,Pg Santa Coloma - Baró de Viver,M19,Bus,POINT (2.199741996728785 41.44856800436557)
B-60-1419,1419,Pg Santa Coloma - Nus de la Trinitat,60,Bus,POINT (2.1935680004630447 41.446407999310416)
B-M19-1419,1419,Pg Santa Coloma - Nus de la Trinitat,M19,Bus,POINT (2.1935680004630447 41.446407999310416)
B-126-1420,1420,Pg Torras i Bages - Almirall Pròixida,126,Bus,POINT (2.1907710035901387 41.44138000166151)
B-H4-1420,1420,Pg Torras i Bages - Almirall Pròixida,H4,Bus,POINT (2.1907710035901387 41.44138000166151)
B-112-1424,1424,Costa Pacheco 26,112,Bus,POINT (2.1312490033085143 41.42810199997397)
B-6-1425,1425,Diagonal - Balmes,6,Bus,POINT (2.154912999269627 41.39544599782159)
B-7-1425,1425,Diagonal - Balmes,7,Bus,POINT (2.154912999269627 41.39544599782159)
B-33-1425,1425,Diagonal - Balmes,33,Bus,POINT (2.154912999269627 41.39544599782159)
B-34-1425,1425,Diagonal - Balmes,34,Bus,POINT (2.154912999269627 41.39544599782159)
B-H8-1425,1425,Diagonal - Balmes,H8,Bus,POINT (2.154912999269627 41.39544599782159)
B-68-1426,1426,Calvet - Tenor Viñas,68,Bus,POINT (2.1418269963676635 41.3960110013278)
B-V11-1426,1426,Calvet - Tenor Viñas,V11,Bus,POINT (2.1418269963676635 41.3960110013278)
B-27-1427,1427,Pg Vall d'Hebron - Ctra d'Horta,27,Bus,POINT (2.153169002958973 41.43797399648443)
B-60-1427,1427,Pg Vall d'Hebron - Ctra d'Horta,60,Bus,POINT (2.153169002958973 41.43797399648443)
B-76-1427,1427,Pg Vall d'Hebron - Ctra d'Horta,76,Bus,POINT (2.153169002958973 41.43797399648443)
B-H4-1427,1427,Pg Vall d'Hebron - Ctra d'Horta,H4,Bus,POINT (2.153169002958973 41.43797399648443)
B-M19-1427,1427,Pg Vall d'Hebron - Ctra d'Horta,M19,Bus,POINT (2.153169002958973 41.43797399648443)
B-102-1428,1428,Ctra d'Horta - Av Estatut de Catalunya,102,Bus,POINT (2.153490999623075 41.43742800311359)
B-185-1428,1428,Ctra d'Horta - Av Estatut de Catalunya,185,Bus,POINT (2.153490999623075 41.43742800311359)
B-V25-1428,1428,Ctra d'Horta - Av Estatut de Catalunya,V25,Bus,POINT (2.153490999623075 41.43742800311359)
B-102-1430,1430,Pl de l'Estatut,102,Bus,POINT (2.1551939957222976 41.430787000482894)
B-V21-1430,1430,Pl de l'Estatut,V21,Bus,POINT (2.1551939957222976 41.430787000482894)
B-V25-1430,1430,Pl de l'Estatut,V25,Bus,POINT (2.1551939957222976 41.430787000482894)
B-V23-1430,1430,Pl de l'Estatut,V23,Bus,POINT (2.1551939957222976 41.430787000482894)
B-65-1434,1434,Av Granvia - Can Tries,65,Bus,POINT (2.122077001603298 41.35497100154451)
B-LH1-1434,1434,Av Granvia - Can Tries,LH1,Bus,POINT (2.122077001603298 41.35497100154451)
B-H12-1434,1434,Av Granvia - Can Tries,H12,Bus,POINT (2.122077001603298 41.35497100154451)
B-60-1435,1435,Sant Adrià - Sas,60,Bus,POINT (2.2036999982707175 41.43612200142822)
B-H8-1435,1435,Sant Adrià - Sas,H8,Bus,POINT (2.2036999982707175 41.43612200142822)
B-H4-1435,1435,Sant Adrià - Sas,H4,Bus,POINT (2.2036999982707175 41.43612200142822)
B-133-1435,1435,Sant Adrià - Sas,133,Bus,POINT (2.2036999982707175 41.43612200142822)
B-60-1436,1436,Ciutat d'Asunción - Sant Adrià,60,Bus,POINT (2.200977998676384 41.43646700154228)
B-H8-1436,1436,Ciutat d'Asunción - Sant Adrià,H8,Bus,POINT (2.200977998676384 41.43646700154228)
B-H4-1436,1436,Ciutat d'Asunción - Sant Adrià,H4,Bus,POINT (2.200977998676384 41.43646700154228)
B-76-1437,1437,Via Júlia - Turó Blau,76,Bus,POINT (2.1755250018837895 41.4392830024224)
B-H2-1437,1437,Via Júlia - Turó Blau,H2,Bus,POINT (2.1755250018837895 41.4392830024224)
B-D50-1437,1437,Via Júlia - Turó Blau,D50,Bus,POINT (2.1755250018837895 41.4392830024224)
B-157-1438,1438,Ctra de Collblanc - Metro Ernest Lluch,157,Bus,POINT (2.1108099943303946 41.37597299694585)
B-157-1439,1439,Metro Ernest Lluch,157,Bus,POINT (2.1103290025404613 41.37583700380341)
B-27-1440,1440,Pg Vall d'Hebron - Scala Dei,27,Bus,POINT (2.157768004871039 41.43908800182402)
B-60-1440,1440,Pg Vall d'Hebron - Scala Dei,60,Bus,POINT (2.157768004871039 41.43908800182402)
B-76-1440,1440,Pg Vall d'Hebron - Scala Dei,76,Bus,POINT (2.157768004871039 41.43908800182402)
B-H4-1440,1440,Pg Vall d'Hebron - Scala Dei,H4,Bus,POINT (2.157768004871039 41.43908800182402)
B-M19-1440,1440,Pg Vall d'Hebron - Scala Dei,M19,Bus,POINT (2.157768004871039 41.43908800182402)
B-27-1441,1441,Pg Vall d'Hebron - Cementiri d'Horta,27,Bus,POINT (2.1583330002790437 41.43971899981555)
B-60-1441,1441,Pg Vall d'Hebron - Cementiri d'Horta,60,Bus,POINT (2.1583330002790437 41.43971899981555)
B-76-1441,1441,Pg Vall d'Hebron - Cementiri d'Horta,76,Bus,POINT (2.1583330002790437 41.43971899981555)
B-185-1441,1441,Pg Vall d'Hebron - Cementiri d'Horta,185,Bus,POINT (2.1583330002790437 41.43971899981555)
B-H4-1441,1441,Pg Vall d'Hebron - Cementiri d'Horta,H4,Bus,POINT (2.1583330002790437 41.43971899981555)
B-M19-1441,1441,Pg Vall d'Hebron - Cementiri d'Horta,M19,Bus,POINT (2.1583330002790437 41.43971899981555)
B-21-1442,1442,Av. Verge de Montserrat - Ctra. Marina,21,Bus,POINT (2.09925400142382 41.32734099657673)
B-L22-1442,1442,Av. Verge de Montserrat - Ctra. Marina,L22,Bus,POINT (2.09925400142382 41.32734099657673)
B-196-1443,1443,Pl del Doctor Andreu - Funicular del Tibidabo,196,Bus,POINT (2.13077400139434 41.41644400302141)
B-196-1444,1444,Parc Municipal Font del Racó,196,Bus,POINT (2.129657998164113 41.415507996259116)
B-H4-1446,1446,Arbeca - Lima,H4,Bus,POINT (2.2080380050824036 41.43925500217637)
B-24-1447,1447,Ctra del Carmel - Pasteur,24,Bus,POINT (2.158452002723816 41.417215997028826)
B-86-1447,1447,Ctra del Carmel - Pasteur,86,Bus,POINT (2.158452002723816 41.417215997028826)
B-V19-1447,1447,Ctra del Carmel - Pasteur,V19,Bus,POINT (2.158452002723816 41.417215997028826)
B-24-1448,1448,Ctra del Carmel - Mühlberg,24,Bus,POINT (2.1576570047847605 41.41795599684096)
B-86-1448,1448,Ctra del Carmel - Mühlberg,86,Bus,POINT (2.1576570047847605 41.41795599684096)
B-V19-1448,1448,Ctra del Carmel - Mühlberg,V19,Bus,POINT (2.1576570047847605 41.41795599684096)
B-33-1451,1451,Guipúscoa - Cantàbria,33,Bus,POINT (2.2020780041006196 41.419864003575185)
B-H10-1451,1451,Guipúscoa - Cantàbria,H10,Bus,POINT (2.2020780041006196 41.419864003575185)
B-96-1452,1452,Av Catalunya - Serra d'Or,96,Bus,POINT (2.18234299962307 41.49394900341305)
B-V33-1453,1453,Pg Guayaquil - Arbeca,V33,Bus,POINT (2.208096997082214 41.43949299755163)
B-133-1453,1453,Pg Guayaquil - Arbeca,133,Bus,POINT (2.208096997082214 41.43949299755163)
B-60-1454,1454,Caracas - Pl Celestí Boada,60,Bus,POINT (2.2036220052328432 41.43931399637671)
B-V33-1454,1454,Caracas - Pl Celestí Boada,V33,Bus,POINT (2.2036220052328432 41.43931399637671)
B-133-1454,1454,Caracas - Pl Celestí Boada,133,Bus,POINT (2.2036220052328432 41.43931399637671)
B-60-1455,1455,Ciutat d'Asunción - Potosí,60,Bus,POINT (2.1998230045319755 41.44167100229012)
B-V33-1455,1455,Ciutat d'Asunción - Potosí,V33,Bus,POINT (2.1998230045319755 41.44167100229012)
B-133-1455,1455,Ciutat d'Asunción - Potosí,133,Bus,POINT (2.1998230045319755 41.44167100229012)
B-63-1456,1456,El Parador,63,Bus,POINT (2.0742178199734393 41.38238767962111)
B-157-1456,1456,El Parador,157,Bus,POINT (2.0742178199734393 41.38238767962111)
B-JM-1456,1456,El Parador,JM,Bus,POINT (2.0742178199734393 41.38238767962111)
B-96-1457,1457,Mina - Molí,96,Bus,POINT (2.1841479951016924 41.47224799580828)
B-63-1458,1458,Av dels Països Catalans - David Carreras i Trias,63,Bus,POINT (2.0945270041127166 41.379549002446105)
B-67-1458,1458,Av dels Països Catalans - David Carreras i Trias,67,Bus,POINT (2.0945270041127166 41.379549002446105)
B-68-1458,1458,Av dels Països Catalans - David Carreras i Trias,68,Bus,POINT (2.0945270041127166 41.379549002446105)
B-78-1458,1458,Av dels Països Catalans - David Carreras i Trias,78,Bus,POINT (2.0945270041127166 41.379549002446105)
B-EP1-1458,1458,Av dels Països Catalans - David Carreras i Trias,EP1,Bus,POINT (2.0945270041127166 41.379549002446105)
B-63-1459,1459,Av dels Països Catalans - Laureà Miró,63,Bus,POINT (2.091350408868547 41.37763684529441)
B-67-1459,1459,Av dels Països Catalans - Laureà Miró,67,Bus,POINT (2.091350408868547 41.37763684529441)
B-68-1459,1459,Av dels Països Catalans - Laureà Miró,68,Bus,POINT (2.091350408868547 41.37763684529441)
B-78-1459,1459,Av dels Països Catalans - Laureà Miró,78,Bus,POINT (2.091350408868547 41.37763684529441)
B-EP1-1459,1459,Av dels Països Catalans - Laureà Miró,EP1,Bus,POINT (2.091350408868547 41.37763684529441)
B-67-1460,1460,Av de Cornellà - 8 de Març,67,Bus,POINT (2.086176005895221 41.374844004488835)
B-68-1460,1460,Av de Cornellà - 8 de Març,68,Bus,POINT (2.086176005895221 41.374844004488835)
B-78-1460,1460,Av de Cornellà - 8 de Març,78,Bus,POINT (2.086176005895221 41.374844004488835)
B-EP1-1460,1460,Av de Cornellà - 8 de Març,EP1,Bus,POINT (2.086176005895221 41.374844004488835)
B-67-1461,1461,Av de Cornellà - Pont d'Esplugues,67,Bus,POINT (2.0888630023747337 41.376825002467996)
B-68-1461,1461,Av de Cornellà - Pont d'Esplugues,68,Bus,POINT (2.0888630023747337 41.376825002467996)
B-78-1461,1461,Av de Cornellà - Pont d'Esplugues,78,Bus,POINT (2.0888630023747337 41.376825002467996)
B-B20-1463,1463,Rda. Sant Pere - Pl. Urquinaona,B20,Bus,POINT (2.1744554698907237 41.38968812999244)
B-55-1464,1464,Ronda Sant Antoni - Comte d'Urgell,55,Bus,POINT (2.1630683689982577 41.379250199957845)
B-120-1464,1464,Ronda Sant Antoni - Comte d'Urgell,120,Bus,POINT (2.1630683689982577 41.379250199957845)
B-141-1464,1464,Ronda Sant Antoni - Comte d'Urgell,141,Bus,POINT (2.1630683689982577 41.379250199957845)
B-H16-1464,1464,Ronda Sant Antoni - Comte d'Urgell,H16,Bus,POINT (2.1630683689982577 41.379250199957845)
B-V11-1464,1464,Ronda Sant Antoni - Comte d'Urgell,V11,Bus,POINT (2.1630683689982577 41.379250199957845)
B-D50-1464,1464,Ronda Sant Antoni - Comte d'Urgell,D50,Bus,POINT (2.1630683689982577 41.379250199957845)
B-54-1466,1466,Còrsega - Hospital Clínic,54,Bus,POINT (2.1496430028903495 41.389296997899734)
B-59-1466,1466,Còrsega - Hospital Clínic,59,Bus,POINT (2.1496430028903495 41.389296997899734)
B-X1-1466,1466,Còrsega - Hospital Clínic,X1,Bus,POINT (2.1496430028903495 41.389296997899734)
B-54-1467,1467,París - Comte d'Urgell,54,Bus,POINT (2.1477939944309776 41.389461000137366)
B-H12-1468,1468,Gran Via - Villarroel,H12,Bus,POINT (2.158921998306131 41.38269400345172)
B-52-1468,1468,Gran Via - Villarroel,52,Bus,POINT (2.158921998306131 41.38269400345172)
B-H12-1469,1469,Gran Via - Urgell,H12,Bus,POINT (2.159086000410038 41.38242300402694)
B-52-1469,1469,Gran Via - Urgell,52,Bus,POINT (2.159086000410038 41.38242300402694)
B-196-1472,1472,Av Tibidabo - Josep Garí,196,Bus,POINT (2.1334860022531554 41.41509800286118)
B-196-1473,1473,Av Tibidabo - Lluís Muntadas,196,Bus,POINT (2.131297001320017 41.41539000062014)
B-V21-1474,1474,Arquitecte Moragas - Jorge Manrique,V21,Bus,POINT (2.147466001148899 41.4326760023461)
B-120-1476,1476,Pla de Palau,120,Bus,POINT (2.1841299954235773 41.38208100060234)
B-D20-1476,1476,Pla de Palau,D20,Bus,POINT (2.1841299954235773 41.38208100060234)
B-V17-1476,1476,Pla de Palau,V17,Bus,POINT (2.1841299954235773 41.38208100060234)
B-V19-1476,1476,Pla de Palau,V19,Bus,POINT (2.1841299954235773 41.38208100060234)
B-47-1477,1477,Pas Sota Muralla - Pl Pau Vila,47,Bus,POINT (2.184435000566256 41.38116399908587)
B-59-1477,1477,Pas Sota Muralla - Pl Pau Vila,59,Bus,POINT (2.184435000566256 41.38116399908587)
B-V17-1477,1477,Pas Sota Muralla - Pl Pau Vila,V17,Bus,POINT (2.184435000566256 41.38116399908587)
B-V15-1477,1477,Pas Sota Muralla - Pl Pau Vila,V15,Bus,POINT (2.184435000566256 41.38116399908587)
B-V17-1479,1479,Port Vell,V17,Bus,POINT (2.1829339986952867 41.37659700108963)
B-V17-1482,1482,Maremagnum,V17,Bus,POINT (2.1823960018665898 41.375716999145894)
B-V17-1483,1483,Port Vell,V17,Bus,POINT (2.18350200280398 41.377039996851195)
B-33-1484,1484,Jordi Girona - John M Keynes,33,Bus,POINT (2.1147290009306876 41.38768099951867)
B-78-1485,1485,St Martí de l'Erm - Zona Esportiva Fontsanta,78,Bus,POINT (2.069892000633445 41.3715519979133)
B-78-1486,1486,Estudis TV3,78,Bus,POINT (2.0690129969436395 41.37335600099472)
B-60-1487,1487,Via Favència - Lucena,60,Bus,POINT (2.1760110029876447 41.44487399926646)
B-127-1487,1487,Via Favència - Lucena,127,Bus,POINT (2.1760110029876447 41.44487399926646)
B-59-1488,1488,Villarroel - Mercat del Ninot,59,Bus,POINT (2.154554003845266 41.38679899780883)
B-141-1488,1488,Villarroel - Mercat del Ninot,141,Bus,POINT (2.154554003845266 41.38679899780883)
B-V11-1488,1488,Villarroel - Mercat del Ninot,V11,Bus,POINT (2.154554003845266 41.38679899780883)
B-62-1489,1489,Meridiana - València,62,Bus,POINT (2.1870529994870687 41.41107100127147)
B-192-1489,1489,Meridiana - València,192,Bus,POINT (2.1870529994870687 41.41107100127147)
B-V25-1489,1489,Meridiana - València,V25,Bus,POINT (2.1870529994870687 41.41107100127147)
B-39-1490,1490,Pau Claris - Mallorca,39,Bus,POINT (2.1646089976834233 41.39454800268101)
B-47-1490,1490,Pau Claris - Mallorca,47,Bus,POINT (2.1646089976834233 41.39454800268101)
B-V17-1490,1490,Pau Claris - Mallorca,V17,Bus,POINT (2.1646089976834233 41.39454800268101)
B-141-1491,1491,Calàbria - Aragó,141,Bus,POINT (2.1513519956291156 41.38254499547577)
B-6-1492,1492,Pg de Sant Joan - Pl Mossèn Jacint Verdaguer,6,Bus,POINT (2.1704289997088586 41.39862400143379)
B-19-1492,1492,Pg de Sant Joan - Pl Mossèn Jacint Verdaguer,19,Bus,POINT (2.1704289997088586 41.39862400143379)
B-V19-1492,1492,Pg de Sant Joan - Pl Mossèn Jacint Verdaguer,V19,Bus,POINT (2.1704289997088586 41.39862400143379)
B-D50-1492,1492,Pg de Sant Joan - Pl Mossèn Jacint Verdaguer,D50,Bus,POINT (2.1704289997088586 41.39862400143379)
B-7-1493,1493,Balmes - València,7,Bus,POINT (2.160075001674535 41.391139001837054)
B-67-1493,1493,Balmes - València,67,Bus,POINT (2.160075001674535 41.391139001837054)
B-V15-1493,1493,Balmes - València,V15,Bus,POINT (2.160075001674535 41.391139001837054)
B-62-1494,1494,Meridiana - Pl del Doctor Serrat,62,Bus,POINT (2.1867159951169115 41.41090899801856)
B-B24-1494,1494,Meridiana - Pl del Doctor Serrat,B24,Bus,POINT (2.1867159951169115 41.41090899801856)
B-V25-1494,1494,Meridiana - Pl del Doctor Serrat,V25,Bus,POINT (2.1867159951169115 41.41090899801856)
B-54-1495,1495,Muntaner - València,54,Bus,POINT (2.156872999657491 41.388467999138214)
B-V13-1495,1495,Muntaner - València,V13,Bus,POINT (2.156872999657491 41.388467999138214)
B-22-1497,1497,Pg de Gràcia - València,22,Bus,POINT (2.1632720050544965 41.39334800088518)
B-24-1497,1497,Pg de Gràcia - València,24,Bus,POINT (2.1632720050544965 41.39334800088518)
B-V21-1498,1498,Lepant - Mallorca,V21,Bus,POINT (2.177067001607021 41.40407300275298)
B-109-1499,1499,Metro Tarragona,109,Bus,POINT (2.145213001454074 41.37836899719204)
B-115-1499,1499,Metro Tarragona,115,Bus,POINT (2.145213001454074 41.37836899719204)
B-97-1503,1503,Castelladral - Oristà,97,Bus,POINT (2.185188005514959 41.463881998522155)
B-183-1503,1503,Castelladral - Oristà,183,Bus,POINT (2.185188005514959 41.463881998522155)
B-97-1504,1504,CEIP Ciutat Comtal,97,Bus,POINT (2.182566004294049 41.46279300122518)
B-183-1504,1504,CEIP Ciutat Comtal,183,Bus,POINT (2.182566004294049 41.46279300122518)
B-27-1508,1508,Av de Vallcarca - Viaducte de Vallcarca,27,Bus,POINT (2.1443329969195393 41.41205500289429)
B-V17-1509,1509,Av República Argentina - Mare de Déu del Carmel,V17,Bus,POINT (2.1415159975222156 41.41160400130619)
B-V19-1509,1509,Av República Argentina - Mare de Déu del Carmel,V19,Bus,POINT (2.1415159975222156 41.41160400130619)
B-47-1510,1510,Doctor Pi i Molist - Maladeta,47,Bus,POINT (2.1731580015618057 41.43348999564815)
B-D40-1510,1510,Doctor Pi i Molist - Maladeta,D40,Bus,POINT (2.1731580015618057 41.43348999564815)
B-V29-1510,1510,Doctor Pi i Molist - Maladeta,V29,Bus,POINT (2.1731580015618057 41.43348999564815)
B-D50-1510,1510,Doctor Pi i Molist - Maladeta,D50,Bus,POINT (2.1731580015618057 41.43348999564815)
B-47-1511,1511,Pla de las Madres de la Plaza de Mayo,47,Bus,POINT (2.172227002782107 41.43521699824755)
B-D40-1511,1511,Pla de las Madres de la Plaza de Mayo,D40,Bus,POINT (2.172227002782107 41.43521699824755)
B-V29-1511,1511,Pla de las Madres de la Plaza de Mayo,V29,Bus,POINT (2.172227002782107 41.43521699824755)
B-D50-1511,1511,Pla de las Madres de la Plaza de Mayo,D50,Bus,POINT (2.172227002782107 41.43521699824755)
B-182-1511,1511,Pla de las Madres de la Plaza de Mayo,182,Bus,POINT (2.172227002782107 41.43521699824755)
B-24-1513,1513,Trav de Dalt - Verdi,24,Bus,POINT (2.1530170026796007 41.408900999416936)
B-H6-1513,1513,Trav de Dalt - Verdi,H6,Bus,POINT (2.1530170026796007 41.408900999416936)
B-D40-1513,1513,Trav de Dalt - Verdi,D40,Bus,POINT (2.1530170026796007 41.408900999416936)
B-62-1515,1515,Pg Torras i Bages - Via Favència,62,Bus,POINT (2.190653996765017 41.4458639957927)
B-126-1515,1515,Pg Torras i Bages - Via Favència,126,Bus,POINT (2.190653996765017 41.4458639957927)
B-127-1515,1515,Pg Torras i Bages - Via Favència,127,Bus,POINT (2.190653996765017 41.4458639957927)
B-V31-1515,1515,Pg Torras i Bages - Via Favència,V31,Bus,POINT (2.190653996765017 41.4458639957927)
B-133-1515,1515,Pg Torras i Bages - Via Favència,133,Bus,POINT (2.190653996765017 41.4458639957927)
B-76-1517,1517,Via Júlia - Mas Duran,76,Bus,POINT (2.1787360025087343 41.4435109991508)
B-132-1517,1517,Via Júlia - Mas Duran,132,Bus,POINT (2.1787360025087343 41.4435109991508)
B-H2-1517,1517,Via Júlia - Mas Duran,H2,Bus,POINT (2.1787360025087343 41.4435109991508)
B-D50-1517,1517,Via Júlia - Mas Duran,D50,Bus,POINT (2.1787360025087343 41.4435109991508)
B-132-1518,1518,Via Júlia - Via Favència,132,Bus,POINT (2.179556001480034 41.445409004124)
B-H2-1518,1518,Via Júlia - Via Favència,H2,Bus,POINT (2.179556001480034 41.445409004124)
B-D50-1518,1518,Via Júlia - Via Favència,D50,Bus,POINT (2.179556001480034 41.445409004124)
B-60-1519,1519,Pl Karl Marx - Pg Valldaura,60,Bus,POINT (2.1632109973535156 41.43973300404145)
B-6-1520,1520,Diagonal - Pg de Gràcia,6,Bus,POINT (2.160304005369442 41.39680900131507)
B-33-1520,1520,Diagonal - Pg de Gràcia,33,Bus,POINT (2.160304005369442 41.39680900131507)
B-34-1520,1520,Diagonal - Pg de Gràcia,34,Bus,POINT (2.160304005369442 41.39680900131507)
B-H8-1520,1520,Diagonal - Pg de Gràcia,H8,Bus,POINT (2.160304005369442 41.39680900131507)
B-22-1522,1522,Av Riera de Cassoles - Via Augusta,22,Bus,POINT (2.151095909502189 41.401419140366755)
B-24-1522,1522,Av Riera de Cassoles - Via Augusta,24,Bus,POINT (2.151095909502189 41.401419140366755)
B-V17-1522,1522,Av Riera de Cassoles - Via Augusta,V17,Bus,POINT (2.151095909502189 41.401419140366755)
B-27-1525,1525,Trav de Gràcia - Balmes,27,Bus,POINT (2.1523650007094393 41.3978099977493)
B-D40-1525,1525,Trav de Gràcia - Balmes,D40,Bus,POINT (2.1523650007094393 41.3978099977493)
B-68-1527,1527,Via Augusta - Amigó,68,Bus,POINT (2.1407660056770816 41.398059996683074)
B-V11-1527,1527,Via Augusta - Amigó,V11,Bus,POINT (2.1407660056770816 41.398059996683074)
B-68-1528,1528,Via Augusta - Ganduxer,68,Bus,POINT (2.1358550032924666 41.397705000999466)
B-V15-1529,1529,Balmes - Mitre,V15,Bus,POINT (2.141039995069827 41.40422199726622)
B-V15-1530,1530,Balmes - Copèrnic,V15,Bus,POINT (2.1453480043327877 41.402345997394285)
B-H4-1531,1531,Pg Bonanova - Escoles Pies,H4,Bus,POINT (2.127532003770989 41.40339499576705)
B-H4-1532,1532,Pg Bonanova - Carrasco i Formiguera,H4,Bus,POINT (2.123720004001074 41.4012659966899)
B-22-1533,1533,Av Riera de Cassoles - Guillem Tell,22,Bus,POINT (2.1500299945347505 41.40280699559661)
B-24-1533,1533,Av Riera de Cassoles - Guillem Tell,24,Bus,POINT (2.1500299945347505 41.40280699559661)
B-87-1533,1533,Av Riera de Cassoles - Guillem Tell,87,Bus,POINT (2.1500299945347505 41.40280699559661)
B-V17-1533,1533,Av Riera de Cassoles - Guillem Tell,V17,Bus,POINT (2.1500299945347505 41.40280699559661)
B-V13-1535,1535,Muntaner - Parc de Monterols,V13,Bus,POINT (2.1399280056050527 41.40124499661744)
B-V13-1536,1536,Muntaner - Plató,V13,Bus,POINT (2.1417799968739524 41.39986099966144)
B-130-1538,1538,Pl Borràs,130,Bus,POINT (2.1171829981978245 41.403957997816384)
B-V7-1538,1538,Pl Borràs,V7,Bus,POINT (2.1171829981978245 41.403957997816384)
B-H2-1538,1538,Pl Borràs,H2,Bus,POINT (2.1171829981978245 41.403957997816384)
B-196-1539,1539,Adrià Margarit - Teodor Roviralta,196,Bus,POINT (2.131206003068079 41.41415800315174)
B-H2-1539,1539,Adrià Margarit - Teodor Roviralta,H2,Bus,POINT (2.131206003068079 41.41415800315174)
B-H2-1540,1540,Rotonda de Bellesguard,H2,Bus,POINT (2.125045995439896 41.41029199661766)
B-H2-1541,1541,Terré - Iradier,H2,Bus,POINT (2.121427998042577 41.406960001426434)
B-V9-1541,1541,Terré - Iradier,V9,Bus,POINT (2.121427998042577 41.406960001426434)
B-27-1542,1542,Av Vallcarca - Capellades,27,Bus,POINT (2.1409210044013984 41.41911099707843)
B-119-1542,1542,Av Vallcarca - Capellades,119,Bus,POINT (2.1409210044013984 41.41911099707843)
B-123-1543,1543,Av República Argentina - Pl Alfonso Comín,123,Bus,POINT (2.1385710011099994 41.41342799621484)
B-124-1543,1543,Av República Argentina - Pl Alfonso Comín,124,Bus,POINT (2.1385710011099994 41.41342799621484)
B-131-1543,1543,Av República Argentina - Pl Alfonso Comín,131,Bus,POINT (2.1385710011099994 41.41342799621484)
B-V17-1543,1543,Av República Argentina - Pl Alfonso Comín,V17,Bus,POINT (2.1385710011099994 41.41342799621484)
B-H4-1543,1543,Av República Argentina - Pl Alfonso Comín,H4,Bus,POINT (2.1385710011099994 41.41342799621484)
B-V19-1543,1543,Av República Argentina - Pl Alfonso Comín,V19,Bus,POINT (2.1385710011099994 41.41342799621484)
B-V21-1544,1544,Jardins de Montbau,V21,Bus,POINT (2.144059004929476 41.4319549965993)
B-55-1545,1545,Floridablanca - Comte d'Urgell,55,Bus,POINT (2.1614549945861605 41.38064700391745)
B-120-1545,1545,Floridablanca - Comte d'Urgell,120,Bus,POINT (2.1614549945861605 41.38064700391745)
B-H16-1545,1545,Floridablanca - Comte d'Urgell,H16,Bus,POINT (2.1614549945861605 41.38064700391745)
B-D50-1545,1545,Floridablanca - Comte d'Urgell,D50,Bus,POINT (2.1614549945861605 41.38064700391745)
B-27-1546,1546,Buenos Aires - Comte d'Urgell,27,Bus,POINT (2.1466209963120013 41.39202400121693)
B-D40-1546,1546,Buenos Aires - Comte d'Urgell,D40,Bus,POINT (2.1466209963120013 41.39202400121693)
B-111-1547,1547,Torre de Collserola,111,Bus,POINT (2.116738003803026 41.41890199883404)
B-76-1548,1548,Aiguablava - Nou Barris,76,Bus,POINT (2.180500002130686 41.44738299906388)
B-127-1548,1548,Aiguablava - Nou Barris,127,Bus,POINT (2.180500002130686 41.44738299906388)
B-H2-1548,1548,Aiguablava - Nou Barris,H2,Bus,POINT (2.180500002130686 41.44738299906388)
B-V29-1548,1548,Aiguablava - Nou Barris,V29,Bus,POINT (2.180500002130686 41.44738299906388)
B-D50-1548,1548,Aiguablava - Nou Barris,D50,Bus,POINT (2.180500002130686 41.44738299906388)
B-D40-1549,1549,Almansa - Joan Riera,D40,Bus,POINT (2.1755539941327453 41.44243699958125)
B-V29-1549,1549,Almansa - Joan Riera,V29,Bus,POINT (2.1755539941327453 41.44243699958125)
B-B23-1550,1550,Sant Ramon de Penyafort - Llull,B23,Bus,POINT (2.219901474847277 41.415110571002465)
B-B20-1550,1550,Sant Ramon de Penyafort - Llull,B20,Bus,POINT (2.219901474847277 41.415110571002465)
B-B23-1551,1551,La Mina - Llevant,B23,Bus,POINT (2.2230682787473297 41.41880284945299)
B-96-1552,1552,Av de la Ribera - Llevant,96,Bus,POINT (2.189169739437315 41.477014699886006)
B-65-1553,1553,Av Anselm Clavé - Les Moreres,65,Bus,POINT (2.1008819999072363 41.33407499943332)
B-L22-1553,1553,Av Anselm Clavé - Les Moreres,L22,Bus,POINT (2.1008819999072363 41.33407499943332)
B-27-1554,1554,Josep Tarradellas - Viladomat,27,Bus,POINT (2.143560000639712 41.389194999062845)
B-59-1554,1554,Josep Tarradellas - Viladomat,59,Bus,POINT (2.143560000639712 41.389194999062845)
B-H8-1554,1554,Josep Tarradellas - Viladomat,H8,Bus,POINT (2.143560000639712 41.389194999062845)
B-D40-1554,1554,Josep Tarradellas - Viladomat,D40,Bus,POINT (2.143560000639712 41.389194999062845)
B-V9-1554,1554,Josep Tarradellas - Viladomat,V9,Bus,POINT (2.143560000639712 41.389194999062845)
B-54-1555,1555,Londres - Hospital del Sagrat Cor,54,Bus,POINT (2.145813004058088 41.389811997449435)
B-H12-1556,1556,Gran Via - Viladomat,H12,Bus,POINT (2.155912994230943 41.38003600141259)
B-52-1556,1556,Gran Via - Viladomat,52,Bus,POINT (2.155912994230943 41.38003600141259)
B-13-1563,1563,Camí del Polvorí - Estadi Serrahima,13,Bus,POINT (2.1441029953017328 41.36619400164661)
B-13-1564,1564,Segura - Estadi Serrahima,13,Bus,POINT (2.143509999761019 41.36434000001509)
B-13-1565,1565,Segura - Barri del Polvorí,13,Bus,POINT (2.141489002237716 41.36545699839774)
B-13-1566,1566,Segura - Fortuna,13,Bus,POINT (2.141662005467668 41.36531199756694)
B-125-1566,1566,Segura - Fortuna,125,Bus,POINT (2.141662005467668 41.36531199756694)
B-13-1567,1567,Segura - Polvorí,13,Bus,POINT (2.1433339983027095 41.36437499930767)
B-125-1567,1567,Segura - Polvorí,125,Bus,POINT (2.1433339983027095 41.36437499930767)
B-13-1568,1568,Polvorí - Camí de la Fuxarda,13,Bus,POINT (2.1449610051680374 41.365382000446814)
B-13-1569,1569,Polvorí - Av Ferrer i Guàrdia,13,Bus,POINT (2.1446279946120868 41.3680740034626)
B-130-1570,1570,Av J V Foix - Pedró de la Creu,130,Bus,POINT (2.1199560055280564 41.395544001296926)
B-V3-1570,1570,Av J V Foix - Pedró de la Creu,V3,Bus,POINT (2.1199560055280564 41.395544001296926)
B-130-1571,1571,Eduardo Conde - Santa Amèlia,130,Bus,POINT (2.1210849995450713 41.39333599707266)
B-V3-1571,1571,Eduardo Conde - Santa Amèlia,V3,Bus,POINT (2.1210849995450713 41.39333599707266)
B-68-1572,1572,Via Augusta - Anglí,68,Bus,POINT (2.12920000572496 41.397833003199594)
B-68-1573,1573,Via Augusta - Els Vergós,68,Bus,POINT (2.125752995245356 41.39825700323178)
B-V7-1573,1573,Via Augusta - Els Vergós,V7,Bus,POINT (2.125752995245356 41.39825700323178)
B-54-1575,1575,Marquès de Sentmenat - Numància,54,Bus,POINT (2.136712998410539 41.38496899881203)
B-54-1576,1576,Av Madrid - Joan Güell,54,Bus,POINT (2.132810996469495 41.38081500319409)
B-59-1577,1577,Les Corts - Vallespir,59,Bus,POINT (2.132668997772813 41.38528399782793)
B-H8-1577,1577,Les Corts - Vallespir,H8,Bus,POINT (2.132668997772813 41.38528399782793)
B-54-1578,1578,Pl del Centre,54,Bus,POINT (2.1360629949367396 41.381885003276615)
B-27-1580,1580,Guillem Tell - Av Riera de Cassoles,27,Bus,POINT (2.1489960018727325 41.40279600160916)
B-D40-1580,1580,Guillem Tell - Av Riera de Cassoles,D40,Bus,POINT (2.1489960018727325 41.40279600160916)
B-H6-1581,1581,Mitre - Saragossa,H6,Bus,POINT (2.144072996455639 41.405285000065355)
B-H6-1582,1582,Mitre - Pàdua,H6,Bus,POINT (2.146234809735166 41.405820979919305)
B-130-1584,1584,Major de Sarrià - Nou de Santa Eulàlia,130,Bus,POINT (2.1192469986290368 41.40227199886767)
B-130-1585,1585,Major de Sarrià - General Vives,130,Bus,POINT (2.1171589953379084 41.40346599680009)
B-V7-1587,1587,CAP Sarrià,V7,Bus,POINT (2.121474994758653 41.40191599713073)
B-47-1589,1589,Doctor Pi i Molist - Fabra i Puig,47,Bus,POINT (2.1744910027431805 41.43077099804394)
B-132-1589,1589,Doctor Pi i Molist - Fabra i Puig,132,Bus,POINT (2.1744910027431805 41.43077099804394)
B-D40-1589,1589,Doctor Pi i Molist - Fabra i Puig,D40,Bus,POINT (2.1744910027431805 41.43077099804394)
B-V29-1589,1589,Doctor Pi i Molist - Fabra i Puig,V29,Bus,POINT (2.1744910027431805 41.43077099804394)
B-D50-1589,1589,Doctor Pi i Molist - Fabra i Puig,D50,Bus,POINT (2.1744910027431805 41.43077099804394)
B-34-1590,1590,Fabra i Puig - Meridiana,34,Bus,POINT (2.18190300151244 41.43027399557285)
B-122-1590,1590,Fabra i Puig - Meridiana,122,Bus,POINT (2.18190300151244 41.43027399557285)
B-H6-1590,1590,Fabra i Puig - Meridiana,H6,Bus,POINT (2.18190300151244 41.43027399557285)
B-V29-1590,1590,Fabra i Puig - Meridiana,V29,Bus,POINT (2.18190300151244 41.43027399557285)
B-34-1591,1591,Fabra i Puig - Arnau d'Oms,34,Bus,POINT (2.1777219976285385 41.430324002561356)
B-122-1592,1592,Fabra i Puig - Arnau d'Oms,122,Bus,POINT (2.176722996764245 41.4303379982779)
B-H6-1592,1592,Fabra i Puig - Arnau d'Oms,H6,Bus,POINT (2.176722996764245 41.4303379982779)
B-V27-1592,1592,Fabra i Puig - Arnau d'Oms,V27,Bus,POINT (2.176722996764245 41.4303379982779)
B-V29-1592,1592,Fabra i Puig - Arnau d'Oms,V29,Bus,POINT (2.176722996764245 41.4303379982779)
B-47-1594,1594,Pl Karl Marx,47,Bus,POINT (2.1624860025859878 41.43939500275849)
B-76-1594,1594,Pl Karl Marx,76,Bus,POINT (2.1624860025859878 41.43939500275849)
B-122-1594,1594,Pl Karl Marx,122,Bus,POINT (2.1624860025859878 41.43939500275849)
B-V27-1594,1594,Pl Karl Marx,V27,Bus,POINT (2.1624860025859878 41.43939500275849)
B-H4-1594,1594,Pl Karl Marx,H4,Bus,POINT (2.1624860025859878 41.43939500275849)
B-M19-1594,1594,Pl Karl Marx,M19,Bus,POINT (2.1624860025859878 41.43939500275849)
B-182-1594,1594,Pl Karl Marx,182,Bus,POINT (2.1624860025859878 41.43939500275849)
B-D50-1595,1595,Centre Esportiu Ciutat Meridiana,D50,Bus,POINT (2.176255996643813 41.45932700345059)
B-V21-1597,1597,Club Esportiu Hispano Francès,V21,Bus,POINT (2.1492860056758682 41.4314330011887)
B-47-1599,1599,Via Laietana - Manresa,47,Bus,POINT (2.180362995780489 41.38282100367345)
B-59-1599,1599,Via Laietana - Manresa,59,Bus,POINT (2.180362995780489 41.38282100367345)
B-120-1599,1599,Via Laietana - Manresa,120,Bus,POINT (2.180362995780489 41.38282100367345)
B-V15-1599,1599,Via Laietana - Manresa,V15,Bus,POINT (2.180362995780489 41.38282100367345)
B-47-1600,1600,Via Laietana - Pl Ramon Berenguer,47,Bus,POINT (2.1773900049767634 41.38507099777899)
B-59-1600,1600,Via Laietana - Pl Ramon Berenguer,59,Bus,POINT (2.1773900049767634 41.38507099777899)
B-120-1600,1600,Via Laietana - Pl Ramon Berenguer,120,Bus,POINT (2.1773900049767634 41.38507099777899)
B-V15-1600,1600,Via Laietana - Pl Ramon Berenguer,V15,Bus,POINT (2.1773900049767634 41.38507099777899)
B-47-1602,1602,Via Laietana - Pl Ramon Berenguer,47,Bus,POINT (2.177278029961023 41.384963379776686)
B-59-1602,1602,Via Laietana - Pl Ramon Berenguer,59,Bus,POINT (2.177278029961023 41.384963379776686)
B-V15-1602,1602,Via Laietana - Pl Ramon Berenguer,V15,Bus,POINT (2.177278029961023 41.384963379776686)
B-47-1604,1604,Pg Marítim - Pepe Rubianes,47,Bus,POINT (2.1921319999266737 41.379150996031335)
B-59-1604,1604,Pg Marítim - Pepe Rubianes,59,Bus,POINT (2.1921319999266737 41.379150996031335)
B-D20-1604,1604,Pg Marítim - Pepe Rubianes,D20,Bus,POINT (2.1921319999266737 41.379150996031335)
B-47-1605,1605,Pepe Rubianes,47,Bus,POINT (2.1900709979969997 41.37839099962488)
B-59-1605,1605,Pepe Rubianes,59,Bus,POINT (2.1900709979969997 41.37839099962488)
B-D20-1605,1605,Pepe Rubianes,D20,Bus,POINT (2.1900709979969997 41.37839099962488)
B-47-1606,1606,Pg Marítim - Pepe Rubianes,47,Bus,POINT (2.1922979974383217 41.379164997067775)
B-59-1606,1606,Pg Marítim - Pepe Rubianes,59,Bus,POINT (2.1922979974383217 41.379164997067775)
B-D20-1606,1606,Pg Marítim - Pepe Rubianes,D20,Bus,POINT (2.1922979974383217 41.379164997067775)
B-21-1610,1610,Carrer número 4 - Carrer C,21,Bus,POINT (2.1319489953814585 41.32982699653154)
B-109-1610,1610,Carrer número 4 - Carrer C,109,Bus,POINT (2.1319489953814585 41.32982699653154)
B-65-1611,1611,Parc de Bellvitge,65,Bus,POINT (2.1122609988851293 41.348272997546374)
B-LH2-1611,1611,Parc de Bellvitge,LH2,Bus,POINT (2.1122609988851293 41.348272997546374)
B-65-1612,1612,Hospital Oncològic,65,Bus,POINT (2.110239996099072 41.34616699786283)
B-21-1614,1614,Carrer número 4 - Carrer B,21,Bus,POINT (2.133333002611355 41.32961900170443)
B-109-1614,1614,Carrer número 4 - Carrer B,109,Bus,POINT (2.133333002611355 41.32961900170443)
B-21-1615,1615,Carrer número 4 - Carrer D,21,Bus,POINT (2.1283529977299915 41.331081003408)
B-109-1615,1615,Carrer número 4 - Carrer D,109,Bus,POINT (2.1283529977299915 41.331081003408)
B-B25-1616,1616,Pg Pujades - Parc de la Ciutadella,B25,Bus,POINT (2.18505299928494 41.389981999289034)
B-B20-1616,1616,Pg Pujades - Parc de la Ciutadella,B20,Bus,POINT (2.18505299928494 41.389981999289034)
B-H16-1616,1616,Pg Pujades - Parc de la Ciutadella,H16,Bus,POINT (2.18505299928494 41.389981999289034)
B-H14-1616,1616,Pg Pujades - Parc de la Ciutadella,H14,Bus,POINT (2.18505299928494 41.389981999289034)
B-21-1617,1617,Carrer número 4 - Mercabarna,21,Bus,POINT (2.1190369993113816 41.33434500145569)
B-109-1617,1617,Carrer número 4 - Mercabarna,109,Bus,POINT (2.1190369993113816 41.33434500145569)
B-21-1618,1618,Carrer número 4 - Carrer F,21,Bus,POINT (2.122904996081097 41.332989998447715)
B-109-1618,1618,Carrer número 4 - Carrer F,109,Bus,POINT (2.122904996081097 41.332989998447715)
B-21-1619,1619,Carrer número 4 - Carrer E,21,Bus,POINT (2.1253379984971636 41.332135004278086)
B-109-1619,1619,Carrer número 4 - Carrer E,109,Bus,POINT (2.1253379984971636 41.332135004278086)
B-D20-1620,1620,Metro Poble Sec,D20,Bus,POINT (2.1598949987769616 41.37487999844543)
B-76-1622,1622,S'Agaró - Sa Tuna,76,Bus,POINT (2.1879219973100468 41.451405996022494)
B-H2-1622,1622,S'Agaró - Sa Tuna,H2,Bus,POINT (2.1879219973100468 41.451405996022494)
B-D50-1622,1622,S'Agaró - Sa Tuna,D50,Bus,POINT (2.1879219973100468 41.451405996022494)
B-V27-1624,1624,Parc del Turó de la Peira,V27,Bus,POINT (2.163352000908262 41.433375998047794)
B-H2-1624,1624,Parc del Turó de la Peira,H2,Bus,POINT (2.163352000908262 41.433375998047794)
B-62-1625,1625,Mercat Mare de Déu de Núria,62,Bus,POINT (2.172568994419607 41.45992599687901)
B-76-1625,1625,Mercat Mare de Déu de Núria,76,Bus,POINT (2.172568994419607 41.45992599687901)
B-183-1625,1625,Mercat Mare de Déu de Núria,183,Bus,POINT (2.172568994419607 41.45992599687901)
B-62-1626,1626,Perafita - Av Rasos de Peguera,62,Bus,POINT (2.170418004917555 41.45966999756705)
B-76-1626,1626,Perafita - Av Rasos de Peguera,76,Bus,POINT (2.170418004917555 41.45966999756705)
B-183-1626,1626,Perafita - Av Rasos de Peguera,183,Bus,POINT (2.170418004917555 41.45966999756705)
B-V23-1630,1630,Badajoz - Doctor Trueta,V23,Bus,POINT (2.1987940004493516 41.39617200011276)
B-V21-1631,1631,Marina - Ramon Turró,V21,Bus,POINT (2.1918990008797925 41.39087099927261)
B-136-1631,1631,Marina - Ramon Turró,136,Bus,POINT (2.1918990008797925 41.39087099927261)
B-59-1632,1632,Àlaba - Bogatell,59,Bus,POINT (2.198489299427063 41.39312495947352)
B-78-1633,1633,Hospital Moisès Broggi,78,Bus,POINT (2.0715987894636636 41.37401364201792)
B-157-1633,1633,Hospital Moisès Broggi,157,Bus,POINT (2.0715987894636636 41.37401364201792)
B-68-1637,1637,Pg Reina Elisenda - Major de Sarrià,68,Bus,POINT (2.1207950000625853 41.39980599923809)
B-H4-1637,1637,Pg Reina Elisenda - Major de Sarrià,H4,Bus,POINT (2.1207950000625853 41.39980599923809)
B-21-1638,1638,Carrer A - Carrer número 3,21,Bus,POINT (2.1403109942320233 41.33494899756606)
B-21-1639,1639,Carrer A - Comissaria Portuària,21,Bus,POINT (2.142163996738796 41.338012997925944)
B-109-1639,1639,Carrer A - Comissaria Portuària,109,Bus,POINT (2.142163996738796 41.338012997925944)
B-21-1640,1640,Carrer A - Comissaria Portuària,21,Bus,POINT (2.1425830013313716 41.339523997688076)
B-109-1640,1640,Carrer A - Comissaria Portuària,109,Bus,POINT (2.1425830013313716 41.339523997688076)
B-21-1641,1641,Carrer A - Carrer número 3,21,Bus,POINT (2.137357005796565 41.33104100433171)
B-109-1641,1641,Carrer A - Carrer número 3,109,Bus,POINT (2.137357005796565 41.33104100433171)
B-21-1642,1642,Carrer A - Carrer número 4,21,Bus,POINT (2.1361909986565792 41.329164004014245)
B-109-1642,1642,Carrer A - Carrer número 4,109,Bus,POINT (2.1361909986565792 41.329164004014245)
B-109-1643,1643,Mercabarna - Mercat del Peix,109,Bus,POINT (2.1173339979590873 41.33405199762282)
B-127-1644,1644,Palamós - La Fosca,127,Bus,POINT (2.1852629941281423 41.44786699559078)
B-H2-1644,1644,Palamós - La Fosca,H2,Bus,POINT (2.1852629941281423 41.44786699559078)
B-D50-1644,1644,Palamós - La Fosca,D50,Bus,POINT (2.1852629941281423 41.44786699559078)
B-109-1645,1645,Carrer D - Carrer número 4,109,Bus,POINT (2.1287570057371674 41.33011000021309)
B-109-1646,1646,Carrer D - Carrer número 5,109,Bus,POINT (2.127203003588936 41.32759199988606)
B-109-1647,1647,Carrer D - Carrer número 6,109,Bus,POINT (2.1255460055786424 41.324900997125205)
B-D20-1649,1649,Camí de la Torre Melina - Av. de Xile,D20,Bus,POINT (2.1122275894621705 41.376343309875274)
B-H8-1649,1649,Camí de la Torre Melina - Av. de Xile,H8,Bus,POINT (2.1122275894621705 41.376343309875274)
B-113-1650,1650,Av Doctor Marañón - Av de Xile,113,Bus,POINT (2.114349996757622 41.38143900342244)
B-V1-1650,1650,Av Doctor Marañón - Av de Xile,V1,Bus,POINT (2.114349996757622 41.38143900342244)
B-65-1652,1652,Metro Parc Nou,65,Bus,POINT (2.0875850008709476 41.316754000385245)
B-PR3-1652,1652,Metro Parc Nou,PR3,Bus,POINT (2.0875850008709476 41.316754000385245)
B-68-1653,1653,Ctra d'Esplugues - Feliu i Codina,68,Bus,POINT (2.0750076570220983 41.36380125930483)
B-68-1654,1654,Ctra d'Esplugues - Torras i Bages,68,Bus,POINT (2.0724330051995823 41.361171002688906)
B-67-1655,1655,Av Sant Ildefons - Av República Argentina,67,Bus,POINT (2.0828160022513575 41.36276800388851)
B-67-1656,1656,Av Sant Ildefons - Bruc,67,Bus,POINT (2.0808180047409968 41.36049000270457)
B-78-1657,1657,Av Barcelona - Mare de Déu de la Mercè,78,Bus,POINT (2.070638000823826 41.36850800271574)
B-78-1658,1658,St Martí de l'Erm - Zona Esportiva Fontsanta,78,Bus,POINT (2.0700810014770843 41.37141099971479)
B-60-1659,1659,Ciutat d'Asunción - Tucumán,60,Bus,POINT (2.199256994191644 41.444586003552004)
B-V33-1659,1659,Ciutat d'Asunción - Tucumán,V33,Bus,POINT (2.199256994191644 41.444586003552004)
B-133-1659,1659,Ciutat d'Asunción - Tucumán,133,Bus,POINT (2.199256994191644 41.444586003552004)
B-19-1660,1660,Pl Maragall - Xiprer,19,Bus,POINT (2.1804759942740928 41.41887999968308)
B-47-1660,1660,Pl Maragall - Xiprer,47,Bus,POINT (2.1804759942740928 41.41887999968308)
B-D50-1660,1660,Pl Maragall - Xiprer,D50,Bus,POINT (2.1804759942740928 41.41887999968308)
B-V31-1661,1661,Rambla Prim - Pallars,V31,Bus,POINT (2.21486599476336 41.414336002195135)
B-136-1661,1661,Rambla Prim - Pallars,136,Bus,POINT (2.21486599476336 41.414336002195135)
B-62-1663,1663,Meridiana - Pl dels Jardins d'Elx,62,Bus,POINT (2.1870789969120406 41.42349999729657)
B-96-1663,1663,Meridiana - Pl dels Jardins d'Elx,96,Bus,POINT (2.1870789969120406 41.42349999729657)
B-V29-1663,1663,Meridiana - Pl dels Jardins d'Elx,V29,Bus,POINT (2.1870789969120406 41.42349999729657)
B-H10-1665,1665,Guipúscoa - Extremadura,H10,Bus,POINT (2.208522995880496 41.42469200103849)
B-B25-1666,1666,Bernat Metge - Argentina,B25,Bus,POINT (2.211767002866979 41.42018800209113)
B-V33-1666,1666,Bernat Metge - Argentina,V33,Bus,POINT (2.211767002866979 41.42018800209113)
B-21-1669,1669,Carrer A - Carrer número 1,21,Bus,POINT (2.145284005432287 41.34392500310516)
B-23-1669,1669,Carrer A - Carrer número 1,23,Bus,POINT (2.145284005432287 41.34392500310516)
B-109-1669,1669,Carrer A - Carrer número 1,109,Bus,POINT (2.145284005432287 41.34392500310516)
B-21-1670,1670,Transports Metropolitans de Barcelona,21,Bus,POINT (2.142279999197795 41.346736001869544)
B-23-1670,1670,Transports Metropolitans de Barcelona,23,Bus,POINT (2.142279999197795 41.346736001869544)
B-109-1670,1670,Transports Metropolitans de Barcelona,109,Bus,POINT (2.142279999197795 41.346736001869544)
B-V3-1670,1670,Transports Metropolitans de Barcelona,V3,Bus,POINT (2.142279999197795 41.346736001869544)
B-21-1671,1671,Area Metropolitana de Barcelona,21,Bus,POINT (2.1422190031095756 41.34670500259802)
B-H14-1672,1672,Pla de Palau - Parc de la Ciutadella,H14,Bus,POINT (2.1831880035085436 41.38278700178926)
B-65-1690,1690,Riu Llobregat - Riu Túria,65,Bus,POINT (2.0849499986652433 41.317099997025615)
B-PR3-1690,1690,Riu Llobregat - Riu Túria,PR3,Bus,POINT (2.0849499986652433 41.317099997025615)
B-65-1691,1691,Policia Local,65,Bus,POINT (2.083349994492833 41.31746499886777)
B-PR3-1691,1691,Policia Local,PR3,Bus,POINT (2.083349994492833 41.31746499886777)
B-102-1695,1695,Ctra d'Horta,102,Bus,POINT (2.154217996100845 41.43897099934042)
B-V25-1695,1695,Ctra d'Horta,V25,Bus,POINT (2.154217996100845 41.43897099934042)
B-104-1696,1696,Fusters - Ctra Nacional 150,104,Bus,POINT (2.174811003665917 41.46417900173106)
B-63-1697,1697,Ctra Reial - Ateneu,63,Bus,POINT (2.0773869962084794 41.37863299789078)
B-157-1697,1697,Ctra Reial - Ateneu,157,Bus,POINT (2.0773869962084794 41.37863299789078)
B-B21-1699,1699,Bernat Metge - Rambla Prim,B21,Bus,POINT (2.2118989966791434 41.420457995547274)
B-B25-1699,1699,Bernat Metge - Rambla Prim,B25,Bus,POINT (2.2118989966791434 41.420457995547274)
B-V33-1699,1699,Bernat Metge - Rambla Prim,V33,Bus,POINT (2.2118989966791434 41.420457995547274)
B-104-1701,1701,Fusters - Ctra Nacional 150,104,Bus,POINT (2.1750110038363806 41.464333003570054)
B-19-1702,1702,General Mendoza - Santa Rosalia,19,Bus,POINT (2.141632995522599 41.421466004201655)
B-119-1702,1702,General Mendoza - Santa Rosalia,119,Bus,POINT (2.141632995522599 41.421466004201655)
B-H2-1702,1702,General Mendoza - Santa Rosalia,H2,Bus,POINT (2.141632995522599 41.421466004201655)
B-62-1703,1703,Les Agudes - (a Torre Baró-Vallbona),62,Bus,POINT (2.175902001499422 41.461546998714226)
B-76-1703,1703,Les Agudes - (a Torre Baró-Vallbona),76,Bus,POINT (2.175902001499422 41.461546998714226)
B-104-1703,1703,Les Agudes - (a Torre Baró-Vallbona),104,Bus,POINT (2.175902001499422 41.461546998714226)
B-183-1703,1703,Les Agudes - (a Torre Baró-Vallbona),183,Bus,POINT (2.175902001499422 41.461546998714226)
B-62-1704,1704,Les Agudes - Costabona (a Torre Baró-Vallbona),62,Bus,POINT (2.1773470010972393 41.46270800109376)
B-76-1704,1704,Les Agudes - Costabona (a Torre Baró-Vallbona),76,Bus,POINT (2.1773470010972393 41.46270800109376)
B-104-1704,1704,Les Agudes - Costabona (a Torre Baró-Vallbona),104,Bus,POINT (2.1773470010972393 41.46270800109376)
B-183-1704,1704,Les Agudes - Costabona (a Torre Baró-Vallbona),183,Bus,POINT (2.1773470010972393 41.46270800109376)
B-62-1705,1705,Vallcivera - Pl Roja,62,Bus,POINT (2.1793949984776213 41.46118099549649)
B-76-1705,1705,Vallcivera - Pl Roja,76,Bus,POINT (2.1793949984776213 41.46118099549649)
B-D50-1705,1705,Vallcivera - Pl Roja,D50,Bus,POINT (2.1793949984776213 41.46118099549649)
B-183-1705,1705,Vallcivera - Pl Roja,183,Bus,POINT (2.1793949984776213 41.46118099549649)
B-62-1706,1706,Av Rasos de Peguera - Pedraforca,62,Bus,POINT (2.173802995527159 41.460493001252566)
B-76-1706,1706,Av Rasos de Peguera - Pedraforca,76,Bus,POINT (2.173802995527159 41.460493001252566)
B-183-1706,1706,Av Rasos de Peguera - Pedraforca,183,Bus,POINT (2.173802995527159 41.460493001252566)
B-62-1707,1707,Les Agudes - Costabona (a Can Cuiàs),62,Bus,POINT (2.1772649947253493 41.46268099587681)
B-76-1707,1707,Les Agudes - Costabona (a Can Cuiàs),76,Bus,POINT (2.1772649947253493 41.46268099587681)
B-183-1707,1707,Les Agudes - Costabona (a Can Cuiàs),183,Bus,POINT (2.1772649947253493 41.46268099587681)
B-62-1708,1708,Les Agudes - Av Rasos de Peguera (a Can Cuiàs),62,Bus,POINT (2.1758809990706833 41.461476995872275)
B-76-1708,1708,Les Agudes - Av Rasos de Peguera (a Can Cuiàs),76,Bus,POINT (2.1758809990706833 41.461476995872275)
B-183-1708,1708,Les Agudes - Av Rasos de Peguera (a Can Cuiàs),183,Bus,POINT (2.1758809990706833 41.461476995872275)
B-96-1709,1709,Meridiana - Ctra de Ribes,96,Bus,POINT (2.1889279902885908 41.44987866981564)
B-97-1709,1709,Meridiana - Ctra de Ribes,97,Bus,POINT (2.1889279902885908 41.44987866981564)
B-104-1709,1709,Meridiana - Ctra de Ribes,104,Bus,POINT (2.1889279902885908 41.44987866981564)
B-96-1710,1710,Pg de Santa Coloma - Ctra de Ribes,96,Bus,POINT (2.1897909967007894 41.44513000366504)
B-H4-1710,1710,Pg de Santa Coloma - Ctra de Ribes,H4,Bus,POINT (2.1897909967007894 41.44513000366504)
B-M19-1710,1710,Pg de Santa Coloma - Ctra de Ribes,M19,Bus,POINT (2.1897909967007894 41.44513000366504)
B-60-1711,1711,Via Favència - Ctra de Ribes,60,Bus,POINT (2.1899229955380872 41.447116998565996)
B-127-1711,1711,Via Favència - Ctra de Ribes,127,Bus,POINT (2.1899229955380872 41.447116998565996)
B-62-1712,1712,Pl de Josep Andreu i Abelló,62,Bus,POINT (2.19050900562261 41.447863002192626)
B-76-1712,1712,Pl de Josep Andreu i Abelló,76,Bus,POINT (2.19050900562261 41.447863002192626)
B-126-1712,1712,Pl de Josep Andreu i Abelló,126,Bus,POINT (2.19050900562261 41.447863002192626)
B-V31-1712,1712,Pl de Josep Andreu i Abelló,V31,Bus,POINT (2.19050900562261 41.447863002192626)
B-133-1712,1712,Pl de Josep Andreu i Abelló,133,Bus,POINT (2.19050900562261 41.447863002192626)
B-H6-1714,1714,Pare Manyanet - Sant Sebastià,H6,Bus,POINT (2.1913460025593134 41.4277009991504)
B-96-1715,1715,Av Mossèn Joaquim Castellví - Barcelona,96,Bus,POINT (2.187772001911633 41.487643995986645)
B-96-1716,1716,Rambla dels Països Catalans - Torras i Bages,96,Bus,POINT (2.186889003419507 41.4893880040033)
B-96-1717,1717,Rambla dels Països Catalans - Pl Espanya,96,Bus,POINT (2.1854619974886353 41.49128799772326)
B-96-1719,1719,Anselm Clavé - Pl Espanya,96,Bus,POINT (2.1837279970379977 41.491949003996375)
B-63-1720,1720,Av Indústria - Walden,63,Bus,POINT (2.066909005540794 41.38048999990729)
B-157-1720,1720,Av Indústria - Walden,157,Bus,POINT (2.066909005540794 41.38048999990729)
B-63-1722,1722,Av Lluís Companys - Av de la Generalitat,63,Bus,POINT (2.0568299997741644 41.37537299908244)
B-63-1723,1723,Plaça de la Pau,63,Bus,POINT (2.060159999425648 41.37740399859612)
B-63-1724,1724,Plaça Montserrat Roig,63,Bus,POINT (2.0619939996674552 41.378511995728346)
B-157-1725,1725,Complex Esportiu Hospitalet Nord,157,Bus,POINT (2.1015760054680173 41.37649000159709)
B-LH2-1725,1725,Complex Esportiu Hospitalet Nord,LH2,Bus,POINT (2.1015760054680173 41.37649000159709)
B-157-1726,1726,Comissaria Mossos d'Esquadra,157,Bus,POINT (2.0956139985019924 41.37691800170451)
B-EP1-1726,1726,Comissaria Mossos d'Esquadra,EP1,Bus,POINT (2.0956139985019924 41.37691800170451)
B-62-1730,1730,Mercat Ciutat Meridiana,62,Bus,POINT (2.178201000992677 41.46230399877147)
B-76-1730,1730,Mercat Ciutat Meridiana,76,Bus,POINT (2.178201000992677 41.46230399877147)
B-104-1730,1730,Mercat Ciutat Meridiana,104,Bus,POINT (2.178201000992677 41.46230399877147)
B-183-1730,1730,Mercat Ciutat Meridiana,183,Bus,POINT (2.178201000992677 41.46230399877147)
B-62-1731,1731,Les Agudes - Can Cuiàs,62,Bus,POINT (2.175516995166841 41.46372600225331)
B-76-1731,1731,Les Agudes - Can Cuiàs,76,Bus,POINT (2.175516995166841 41.46372600225331)
B-104-1731,1731,Les Agudes - Can Cuiàs,104,Bus,POINT (2.175516995166841 41.46372600225331)
B-183-1731,1731,Les Agudes - Can Cuiàs,183,Bus,POINT (2.175516995166841 41.46372600225331)
B-62-1732,1732,Les Agudes 31,62,Bus,POINT (2.178124997502762 41.46355499745979)
B-76-1732,1732,Les Agudes 31,76,Bus,POINT (2.178124997502762 41.46355499745979)
B-104-1732,1732,Les Agudes 31,104,Bus,POINT (2.178124997502762 41.46355499745979)
B-183-1732,1732,Les Agudes 31,183,Bus,POINT (2.178124997502762 41.46355499745979)
B-62-1733,1733,Les Agudes 118-124,62,Bus,POINT (2.1740720041756862 41.46121100327398)
B-76-1733,1733,Les Agudes 118-124,76,Bus,POINT (2.1740720041756862 41.46121100327398)
B-183-1733,1733,Les Agudes 118-124,183,Bus,POINT (2.1740720041756862 41.46121100327398)
B-183-1735,1735,Les Agudes - Torrent del Bosc,183,Bus,POINT (2.1742779952566407 41.46233700164479)
B-21-1736,1736,Estació TIR - Pg Zona Franca,21,Bus,POINT (2.1487190039023623 41.34692499621321)
B-78-1737,1737,Poliesportiu Francesc Calvet,78,Bus,POINT (2.0640159949556396 41.36797900411136)
B-78-1739,1739,Fructuós Gelabert - Oriol Martorell,78,Bus,POINT (2.0672969994709742 41.372760003889425)
B-21-1741,1741,Cotxeres TB Zona Franca,21,Bus,POINT (2.1371569953044904 41.32986999582947)
B-109-1741,1741,Cotxeres TB Zona Franca,109,Bus,POINT (2.1371569953044904 41.32986999582947)
B-H6-1742,1742,Mitre - Balmes,H6,Bus,POINT (2.140621995650723 41.404253996025034)
B-102-1743,1743,Ctra Cementiri de Collserola - Coll de la Ventosa,102,Bus,POINT (2.1589369940501553 41.449921004394575)
B-B25-1744,1744,La Verneda - Polígon Montsolís,B25,Bus,POINT (2.210481995330367 41.4268319973871)
B-H10-1744,1744,La Verneda - Polígon Montsolís,H10,Bus,POINT (2.210481995330367 41.4268319973871)
B-V33-1744,1744,La Verneda - Polígon Montsolís,V33,Bus,POINT (2.210481995330367 41.4268319973871)
B-130-1745,1745,Via Augusta - Margenat,130,Bus,POINT (2.1204400039861824 41.402008000558695)
B-V7-1745,1745,Via Augusta - Margenat,V7,Bus,POINT (2.1204400039861824 41.402008000558695)
B-63-1746,1746,Av dels Països Catalans - Laureà Miró,63,Bus,POINT (2.091890996332237 41.37782900033834)
B-67-1746,1746,Av dels Països Catalans - Laureà Miró,67,Bus,POINT (2.091890996332237 41.37782900033834)
B-68-1746,1746,Av dels Països Catalans - Laureà Miró,68,Bus,POINT (2.091890996332237 41.37782900033834)
B-78-1746,1746,Av dels Països Catalans - Laureà Miró,78,Bus,POINT (2.091890996332237 41.37782900033834)
B-EP1-1746,1746,Av dels Països Catalans - Laureà Miró,EP1,Bus,POINT (2.091890996332237 41.37782900033834)
B-63-1747,1747,Secretaria General de l'Esport,63,Bus,POINT (2.094964001701391 41.379654999795406)
B-67-1747,1747,Secretaria General de l'Esport,67,Bus,POINT (2.094964001701391 41.379654999795406)
B-68-1747,1747,Secretaria General de l'Esport,68,Bus,POINT (2.094964001701391 41.379654999795406)
B-78-1747,1747,Secretaria General de l'Esport,78,Bus,POINT (2.094964001701391 41.379654999795406)
B-EP1-1747,1747,Secretaria General de l'Esport,EP1,Bus,POINT (2.094964001701391 41.379654999795406)
B-63-1749,1749,Ctra Reial - Rambla Modolell,63,Bus,POINT (2.076869004998081 41.37856899763151)
B-157-1749,1749,Ctra Reial - Rambla Modolell,157,Bus,POINT (2.076869004998081 41.37856899763151)
B-63-1750,1750,Can Ristol,63,Bus,POINT (2.0794959989871167 41.378267997896415)
B-157-1750,1750,Can Ristol,157,Bus,POINT (2.0794959989871167 41.378267997896415)
B-63-1751,1751,Laureà Miró - Alcalde Martí Figueras i Castillo,63,Bus,POINT (2.0823740045678614 41.377956996178256)
B-157-1751,1751,Laureà Miró - Alcalde Martí Figueras i Castillo,157,Bus,POINT (2.0823740045678614 41.377956996178256)
B-EP1-1751,1751,Laureà Miró - Alcalde Martí Figueras i Castillo,EP1,Bus,POINT (2.0823740045678614 41.377956996178256)
B-EP2-1751,1751,Laureà Miró - Alcalde Martí Figueras i Castillo,EP2,Bus,POINT (2.0823740045678614 41.377956996178256)
B-54-1752,1752,Av Madrid - Carles III,54,Bus,POINT (2.1277060053317456 41.37871300340573)
B-54-1753,1753,Av Madrid - Benavent,54,Bus,POINT (2.125406002446093 41.37739299556625)
B-54-1754,1754,Av Madrid - Comte de Güell,54,Bus,POINT (2.123658996952465 41.376134000921525)
B-D20-1755,1755,Sants - Munné,D20,Bus,POINT (2.122872994243551 41.37560599974202)
B-52-1755,1755,Sants - Munné,52,Bus,POINT (2.122872994243551 41.37560599974202)
B-D20-1756,1756,Metro Badal,D20,Bus,POINT (2.1287970033818198 41.37560100295352)
B-52-1756,1756,Metro Badal,52,Bus,POINT (2.1287970033818198 41.37560100295352)
B-102-1758,1758,Coll de La Ventosa,102,Bus,POINT (2.159132004184497 41.450152001923)
B-102-1759,1759,Ctra del Cementiri de Collserola - Recinte Hebreu,102,Bus,POINT (2.1550279992679338 41.45972100067546)
B-102-1760,1760,Ctra Cementiri Collserola - Camí Vall de St Iscle,102,Bus,POINT (2.1548190034270913 41.45899100116286)
B-76-1761,1761,Av l'Alzinar - Transversal,76,Bus,POINT (2.182768005980105 41.46162999606039)
B-97-1761,1761,Av l'Alzinar - Transversal,97,Bus,POINT (2.182768005980105 41.46162999606039)
B-59-1764,1764,Av Icària - Joan Miró,59,Bus,POINT (2.195772994021567 41.390328002072316)
B-H16-1764,1764,Av Icària - Joan Miró,H16,Bus,POINT (2.195772994021567 41.390328002072316)
B-V27-1764,1764,Av Icària - Joan Miró,V27,Bus,POINT (2.195772994021567 41.390328002072316)
B-62-1765,1765,Meridiana - Pare Pérez del Pulgar,62,Bus,POINT (2.189159996634921 41.45343900160974)
B-76-1765,1765,Meridiana - Pare Pérez del Pulgar,76,Bus,POINT (2.189159996634921 41.45343900160974)
B-96-1765,1765,Meridiana - Pare Pérez del Pulgar,96,Bus,POINT (2.189159996634921 41.45343900160974)
B-97-1765,1765,Meridiana - Pare Pérez del Pulgar,97,Bus,POINT (2.189159996634921 41.45343900160974)
B-104-1765,1765,Meridiana - Pare Pérez del Pulgar,104,Bus,POINT (2.189159996634921 41.45343900160974)
B-D20-1766,1766,Metro Badal,D20,Bus,POINT (2.1279619983910862 41.37549900016157)
B-52-1766,1766,Metro Badal,52,Bus,POINT (2.1279619983910862 41.37549900016157)
B-D20-1767,1767,Pl de Sants,D20,Bus,POINT (2.1342699992142924 41.37548900156345)
B-52-1767,1767,Pl de Sants,52,Bus,POINT (2.1342699992142924 41.37548900156345)
B-D20-1768,1768,Sants - Rambla del Brasil,D20,Bus,POINT (2.1310289972772445 41.375554998533474)
B-52-1768,1768,Sants - Rambla del Brasil,52,Bus,POINT (2.1310289972772445 41.375554998533474)
B-V3-1769,1769,Badal - Constitució,V3,Bus,POINT (2.13304700482325 41.36937599942795)
B-115-1771,1771,Sant Antoni - Pl. de Sants,115,Bus,POINT (2.136299272362524 41.37602029352765)
B-V5-1771,1771,Sant Antoni - Pl. de Sants,V5,Bus,POINT (2.136299272362524 41.37602029352765)
B-B21-1773,1773,Ricart,B21,Bus,POINT (2.2156554107530644 41.43143261233094)
B-B23-1773,1773,Ricart,B23,Bus,POINT (2.2156554107530644 41.43143261233094)
B-B20-1773,1773,Ricart,B20,Bus,POINT (2.2156554107530644 41.43143261233094)
B-B21-1774,1774,Pl. Vila,B21,Bus,POINT (2.2184207568845573 41.429921448549806)
B-B23-1774,1774,Pl. Vila,B23,Bus,POINT (2.2184207568845573 41.429921448549806)
B-B20-1774,1774,Pl. Vila,B20,Bus,POINT (2.2184207568845573 41.429921448549806)
B-123-1775,1775,Av Tibidabo - Ronda de Dalt,123,Bus,POINT (2.1341440017002684 41.414288997877655)
B-196-1775,1775,Av Tibidabo - Ronda de Dalt,196,Bus,POINT (2.1341440017002684 41.414288997877655)
B-V13-1775,1775,Av Tibidabo - Ronda de Dalt,V13,Bus,POINT (2.1341440017002684 41.414288997877655)
B-123-1776,1776,Pl Alfonso Comín - Isaac Newton,123,Bus,POINT (2.136704000361109 41.414643997729044)
B-124-1776,1776,Pl Alfonso Comín - Isaac Newton,124,Bus,POINT (2.136704000361109 41.414643997729044)
B-131-1776,1776,Pl Alfonso Comín - Isaac Newton,131,Bus,POINT (2.136704000361109 41.414643997729044)
B-V17-1776,1776,Pl Alfonso Comín - Isaac Newton,V17,Bus,POINT (2.136704000361109 41.414643997729044)
B-H4-1776,1776,Pl Alfonso Comín - Isaac Newton,H4,Bus,POINT (2.136704000361109 41.414643997729044)
B-V19-1776,1776,Pl Alfonso Comín - Isaac Newton,V19,Bus,POINT (2.136704000361109 41.414643997729044)
B-130-1777,1777,Major de Can Caralleu - Ronda de Dalt,130,Bus,POINT (2.113442002641009 41.40128100008785)
B-62-1778,1778,Meridiana - S'Agaró,62,Bus,POINT (2.1878080001472413 41.44814900006574)
B-96-1778,1778,Meridiana - S'Agaró,96,Bus,POINT (2.1878080001472413 41.44814900006574)
B-97-1778,1778,Meridiana - S'Agaró,97,Bus,POINT (2.1878080001472413 41.44814900006574)
B-104-1778,1778,Meridiana - S'Agaró,104,Bus,POINT (2.1878080001472413 41.44814900006574)
B-102-1779,1779,Ctra d'Horta - Ronda de Dalt,102,Bus,POINT (2.1543599952442367 41.439598996134265)
B-185-1779,1779,Ctra d'Horta - Ronda de Dalt,185,Bus,POINT (2.1543599952442367 41.439598996134265)
B-V33-1780,1780,Lima - Caracas,V33,Bus,POINT (2.204477994236188 41.43922799798916)
B-133-1780,1780,Lima - Caracas,133,Bus,POINT (2.204477994236188 41.43922799798916)
B-21-1781,1781,Estació TIR - Ronda Litoral,21,Bus,POINT (2.148775995488304 41.34701499801424)
B-109-1781,1781,Estació TIR - Ronda Litoral,109,Bus,POINT (2.148775995488304 41.34701499801424)
B-136-1784,1784,Trelawny - Pg. Marítim,136,Bus,POINT (2.195243002270687 41.38519200246456)
B-112-1785,1785,Costa Pacheco 21,112,Bus,POINT (2.131293995776526 41.42803699978286)
B-D20-1788,1788,Trelawny - Av Litoral,D20,Bus,POINT (2.194599005407755 41.38567200213455)
B-65-1789,1789,Hospital de Bellvitge,65,Bus,POINT (2.1051870036921767 41.34316800012361)
B-L22-1789,1789,Hospital de Bellvitge,L22,Bus,POINT (2.1051870036921767 41.34316800012361)
B-34-1791,1791,Berenguer de Palou - Baixada de la Sagrera,34,Bus,POINT (2.191311003628191 41.42108399948643)
B-B24-1791,1791,Berenguer de Palou - Baixada de la Sagrera,B24,Bus,POINT (2.191311003628191 41.42108399948643)
B-34-1792,1792,Sagrera - Pl del General Moragues,34,Bus,POINT (2.191308999159785 41.41821099981201)
B-126-1792,1792,Sagrera - Pl del General Moragues,126,Bus,POINT (2.191308999159785 41.41821099981201)
B-B24-1792,1792,Sagrera - Pl del General Moragues,B24,Bus,POINT (2.191308999159785 41.41821099981201)
B-104-1800,1800,Pl de l'Agrupació número 9,104,Bus,POINT (2.1630199960924874 41.4575219961169)
B-102-1801,1801,Agrupació número 16·17,102,Bus,POINT (2.159266996866953 41.46337499694078)
B-104-1801,1801,Agrupació número 16·17,104,Bus,POINT (2.159266996866953 41.46337499694078)
B-111-1802,1802,Funicular de Vallvidrera - Pl Pep Ventura,111,Bus,POINT (2.105309995428063 41.41452399711002)
B-111-1803,1803,Funicular de Vallvidrera,111,Bus,POINT (2.1058310033073084 41.4142260007779)
B-111-1804,1804,Camí Vell,111,Bus,POINT (2.1016499993823152 41.408910000476894)
B-104-1806,1806,Ctra del Cementiri de Collserola - Ramon Llull,104,Bus,POINT (2.165003994858995 41.47332299897395)
B-104-1808,1808,Sales de Vetlla - Capelles,104,Bus,POINT (2.1568819972211455 41.470330003307666)
B-104-1809,1809,Ramon Llull - Ctra de Montcada,104,Bus,POINT (2.166233003095715 41.47425299963097)
B-111-1810,1810,Cruïlla de Carreteres,111,Bus,POINT (2.1165500052357107 41.41829600256386)
B-111-1811,1811,Ctra de Vallvidrera - Accés Escola Judicial,111,Bus,POINT (2.1122640029191424 41.416667998915656)
B-111-1812,1812,Parc de la Budellera,111,Bus,POINT (2.1099689973462765 41.41580799887482)
B-111-1814,1814,Mont d'Orsà - Romanimar,111,Bus,POINT (2.1030559957528943 41.41131899797714)
B-111-1815,1815,Camí Santa Creu d'Olorda,111,Bus,POINT (2.1016500016772985 41.40902099938227)
B-111-1816,1816,Mont d'Orsà,111,Bus,POINT (2.1031519940665797 41.41129000373427)
B-111-1817,1817,Pl de Vallvidrera - Alberes,111,Bus,POINT (2.104666999272242 41.412983999390796)
B-111-1818,1818,Font del Mont - Parc de la Budellera,111,Bus,POINT (2.1100649940971943 41.41577499957337)
B-111-1819,1819,Accés Escola Judicial,111,Bus,POINT (2.112605994461201 41.41669300277235)
B-111-1820,1820,Ctra de Vallvidrera - Cruïlla de Carreteres,111,Bus,POINT (2.1167019950904793 41.41776999972732)
B-111-1821,1821,Mentora Alsina,111,Bus,POINT (2.1211099991478446 41.421733004481226)
B-191-1825,1825,Cardenal Tedeschini - Pl del Congrés Eucarístic,191,Bus,POINT (2.1815229948384536 41.426184999511044)
B-55-1826,1826,Pl Dante,55,Bus,POINT (2.165211996598212 41.368640002129936)
B-112-1827,1827,Costa Pacheco - Av Elies Pagès,112,Bus,POINT (2.132451995099257 41.42835599929813)
B-112-1828,1828,Av Elies Pagès - Natzaret,112,Bus,POINT (2.134806003900836 41.42746600240972)
B-63-1829,1829,CAP Sant Just Desvern,63,Bus,POINT (2.069893004212842 41.38262400113158)
B-157-1829,1829,CAP Sant Just Desvern,157,Bus,POINT (2.069893004212842 41.38262400113158)
B-60-1832,1832,Caracas - Clariana,60,Bus,POINT (2.201121997229056 41.44718600301393)
B-133-1832,1832,Caracas - Clariana,133,Bus,POINT (2.201121997229056 41.44718600301393)
B-191-1835,1835,Olesa - Campo Florido,191,Bus,POINT (2.1835879946094594 41.42144500431584)
B-115-1841,1841,Consell de Cent - Rector Triadó,115,Bus,POINT (2.1457040054823397 41.37655799792892)
B-115-1842,1842,Moianès - Vilardell,115,Bus,POINT (2.142472000816551 41.374265998890614)
B-V5-1842,1842,Moianès - Vilardell,V5,Bus,POINT (2.142472000816551 41.374265998890614)
B-91-1848,1848,Constitució - Riera de Tena,91,Bus,POINT (2.1345869984515167 41.36952400140055)
B-115-1848,1848,Constitució - Riera de Tena,115,Bus,POINT (2.1345869984515167 41.36952400140055)
B-115-1849,1849,Olzinelles - Constitució,115,Bus,POINT (2.1377100050002813 41.37035699744408)
B-V5-1849,1849,Olzinelles - Constitució,V5,Bus,POINT (2.1377100050002813 41.37035699744408)
B-115-1850,1850,Olzinelles - Noguera Pallaresa,115,Bus,POINT (2.1370489969785225 41.37193699747292)
B-V5-1850,1850,Olzinelles - Noguera Pallaresa,V5,Bus,POINT (2.1370489969785225 41.37193699747292)
B-115-1851,1851,Pl Bonet i Muixí,115,Bus,POINT (2.136370994213317 41.37422800044473)
B-185-1852,1852,Tajo - Ptge Vila i Rosell,185,Bus,POINT (2.160350003427889 41.429593997886734)
B-V25-1852,1852,Tajo - Ptge Vila i Rosell,V25,Bus,POINT (2.160350003427889 41.429593997886734)
B-V23-1852,1852,Tajo - Ptge Vila i Rosell,V23,Bus,POINT (2.160350003427889 41.429593997886734)
B-112-1855,1855,Lisboa - Alarcón,112,Bus,POINT (2.1538260000045417 41.4275719998416)
B-185-1855,1855,Lisboa - Alarcón,185,Bus,POINT (2.1538260000045417 41.4275719998416)
B-112-1856,1856,Plàtans - Pl de la Clota,112,Bus,POINT (2.150605000124928 41.42625400197712)
B-185-1856,1856,Plàtans - Pl de la Clota,185,Bus,POINT (2.150605000124928 41.42625400197712)
B-112-1857,1857,Granja Vella - Basses d'Horta,112,Bus,POINT (2.144903994328044 41.427133996157096)
B-185-1857,1857,Granja Vella - Basses d'Horta,185,Bus,POINT (2.144903994328044 41.427133996157096)
B-V17-1857,1857,Granja Vella - Basses d'Horta,V17,Bus,POINT (2.144903994328044 41.427133996157096)
B-112-1858,1858,Granja Vella - Pg Vall d'Hebron,112,Bus,POINT (2.1440500001137566 41.427150001913716)
B-112-1859,1859,Coll i Alentorn - Av Martí i Codolar,112,Bus,POINT (2.1478350058421105 41.42451199626388)
B-185-1859,1859,Coll i Alentorn - Av Martí i Codolar,185,Bus,POINT (2.1478350058421105 41.42451199626388)
B-112-1860,1860,Pantà de Tremp - Pl de la Clota,112,Bus,POINT (2.149997004382636 41.42568899612846)
B-185-1860,1860,Pantà de Tremp - Pl de la Clota,185,Bus,POINT (2.149997004382636 41.42568899612846)
B-112-1861,1861,Lisboa - Serrallonga,112,Bus,POINT (2.1539009998876537 41.42745700396665)
B-185-1861,1861,Lisboa - Serrallonga,185,Bus,POINT (2.1539009998876537 41.42745700396665)
B-113-1862,1862,Av Joan XXIII - Maternitat,113,Bus,POINT (2.1223139402192968 41.38265931999871)
B-M12-1862,1862,Av Joan XXIII - Maternitat,M12,Bus,POINT (2.1223139402192968 41.38265931999871)
B-113-1863,1863,Sor Eulàlia d'Anzizu - Gran Capità,113,Bus,POINT (2.109947995797291 41.38811400086911)
B-113-1864,1864,Sor Eulàlia d'Anzizu - Dulcet,113,Bus,POINT (2.1124359987786425 41.38993799642802)
B-113-1865,1865,Miret i Sans - Av d'Esplugues,113,Bus,POINT (2.1108609970504113 41.39152799817064)
B-113-1868,1868,Joan d'Alòs - Av Pearson,113,Bus,POINT (2.1038300032311863 41.391457003282376)
B-113-1869,1869,Torrent de les Roses - Mare de Déu de la Merçé,113,Bus,POINT (2.103566998517661 41.389235996449536)
B-113-1870,1870,Pl Coll de Finestrelles,113,Bus,POINT (2.1043209962194314 41.38908800237723)
B-114-1872,1872,Josep Serrano - Baró Sant Lluís,114,Bus,POINT (2.1625829983033897 41.41723299788159)
B-114-1873,1873,Jaume Puigvert - Josep Serrano,114,Bus,POINT (2.161193003116994 41.41671500428175)
B-114-1874,1874,Av Can Baró - Bismarck,114,Bus,POINT (2.1611520057321316 41.41521699832714)
B-V31-1878,1878,Rambla de Prim - Av Diagonal,V31,Bus,POINT (2.2186007996731703 41.4121732692614)
B-7-1879,1879,Diagonal - Ciutat de Granada,7,Bus,POINT (2.191261999383757 41.40418899584714)
B-V25-1879,1879,Diagonal - Ciutat de Granada,V25,Bus,POINT (2.191261999383757 41.40418899584714)
B-X1-1879,1879,Diagonal - Ciutat de Granada,X1,Bus,POINT (2.191261999383757 41.40418899584714)
B-63-1881,1881,Parc de Cervantes,63,Bus,POINT (2.104711005909056 41.38527699579596)
B-68-1881,1881,Parc de Cervantes,68,Bus,POINT (2.104711005909056 41.38527699579596)
B-78-1881,1881,Parc de Cervantes,78,Bus,POINT (2.104711005909056 41.38527699579596)
B-JM-1881,1881,Parc de Cervantes,JM,Bus,POINT (2.104711005909056 41.38527699579596)
B-114-1885,1885,Ronda Guinardó - Sardenya,114,Bus,POINT (2.162658998828009 41.41217399962497)
B-H6-1886,1886,Fabra i Puig,H6,Bus,POINT (2.1838729956081426 41.429358995487824)
B-47-1887,1887,Metro Maragall,47,Bus,POINT (2.177417995232739 41.42475499954433)
B-H6-1887,1887,Metro Maragall,H6,Bus,POINT (2.177417995232739 41.42475499954433)
B-D40-1887,1887,Metro Maragall,D40,Bus,POINT (2.177417995232739 41.42475499954433)
B-D50-1887,1887,Metro Maragall,D50,Bus,POINT (2.177417995232739 41.42475499954433)
B-7-1890,1890,Diagonal - Josep Pla,7,Bus,POINT (2.2128990056135973 41.41000299614278)
B-B20-1890,1890,Diagonal - Josep Pla,B20,Bus,POINT (2.2128990056135973 41.41000299614278)
B-136-1890,1890,Diagonal - Josep Pla,136,Bus,POINT (2.2128990056135973 41.41000299614278)
B-7-1891,1891,Diagonal - Selva de Mar,7,Bus,POINT (2.2095450022665144 41.40916499551606)
B-B20-1891,1891,Diagonal - Selva de Mar,B20,Bus,POINT (2.2095450022665144 41.40916499551606)
B-136-1891,1891,Diagonal - Selva de Mar,136,Bus,POINT (2.2095450022665144 41.40916499551606)
B-7-1892,1892,Diagonal - Fluvià,7,Bus,POINT (2.2045550050749143 41.407909000091536)
B-7-1896,1896,Diagonal - Pere IV,7,Bus,POINT (2.1996110028518805 41.406291998055494)
B-7-1897,1897,Diagonal - Bac de Roda,7,Bus,POINT (2.204837997649156 41.40759200106639)
B-7-1898,1898,Diagonal - Metro Selva de Mar,7,Bus,POINT (2.2099739975471913 41.40888199931922)
B-7-1899,1899,Diagonal - Agricultura,7,Bus,POINT (2.213096997689346 41.409650995721044)
B-V27-1900,1900,Antonio Machado - Barri de Canyelles,V27,Bus,POINT (2.170233997849714 41.44421799683593)
B-104-1901,1901,Metro Fabra i Puig,104,Bus,POINT (2.1832500050718315 41.43167800039332)
B-157-1903,1903,Walden,157,Bus,POINT (2.0669130007894485 41.3795729977901)
B-59-1905,1905,Balmes - Pelai,59,Bus,POINT (2.166933000412799 41.38595600162902)
B-47-1906,1906,Arnau d'Oms - La Jota,47,Bus,POINT (2.177416005400332 41.42931299898127)
B-132-1906,1906,Arnau d'Oms - La Jota,132,Bus,POINT (2.177416005400332 41.42931299898127)
B-V27-1906,1906,Arnau d'Oms - La Jota,V27,Bus,POINT (2.177416005400332 41.42931299898127)
B-D40-1906,1906,Arnau d'Oms - La Jota,D40,Bus,POINT (2.177416005400332 41.42931299898127)
B-D50-1906,1906,Arnau d'Oms - La Jota,D50,Bus,POINT (2.177416005400332 41.42931299898127)
B-47-1907,1907,Ramon Albó - Alexandre Galí,47,Bus,POINT (2.1772810055814347 41.426649998872996)
B-122-1907,1907,Ramon Albó - Alexandre Galí,122,Bus,POINT (2.1772810055814347 41.426649998872996)
B-H6-1907,1907,Ramon Albó - Alexandre Galí,H6,Bus,POINT (2.1772810055814347 41.426649998872996)
B-D40-1907,1907,Ramon Albó - Alexandre Galí,D40,Bus,POINT (2.1772810055814347 41.426649998872996)
B-D50-1907,1907,Ramon Albó - Alexandre Galí,D50,Bus,POINT (2.1772810055814347 41.426649998872996)
B-62-1908,1908,Meridiana - Navas de Tolosa,62,Bus,POINT (2.186733000959892 41.41427099665469)
B-V25-1908,1908,Meridiana - Navas de Tolosa,V25,Bus,POINT (2.186733000959892 41.41427099665469)
B-132-1910,1910,Via Favència - Pablo Iglesias,132,Bus,POINT (2.1827700016860128 41.44636399697177)
B-111-1911,1911,Ctra de Vallvidrera al Tibidabo,111,Bus,POINT (2.1191819944383408 41.42412800199487)
B-13-1912,1912,Mare de Déu de Port - Foneria,13,Bus,POINT (2.1403300030829175 41.36059400296179)
B-125-1912,1912,Mare de Déu de Port - Foneria,125,Bus,POINT (2.1403300030829175 41.36059400296179)
B-V5-1912,1912,Mare de Déu de Port - Foneria,V5,Bus,POINT (2.1403300030829175 41.36059400296179)
B-125-1913,1913,Alts Forns - Mare de Déu de Port,125,Bus,POINT (2.1423979976093235 41.359782000132085)
B-13-1914,1914,Foc - Mare de Déu de Port,13,Bus,POINT (2.1440369968118205 41.35841700317731)
B-23-1914,1914,Foc - Mare de Déu de Port,23,Bus,POINT (2.1440369968118205 41.35841700317731)
B-V5-1914,1914,Foc - Mare de Déu de Port,V5,Bus,POINT (2.1440369968118205 41.35841700317731)
B-13-1915,1915,Ferrocarrils Catalans - Foc,13,Bus,POINT (2.144479998312418 41.35946400183084)
B-13-1916,1916,Ferrocarrils Catalans - Alts Forns,13,Bus,POINT (2.1430432193176876 41.36031123951612)
B-13-1917,1917,Ferrocarrils Catalans - Aviador Duran,13,Bus,POINT (2.1413429981708862 41.361311000022354)
B-125-1917,1917,Ferrocarrils Catalans - Aviador Duran,125,Bus,POINT (2.1413429981708862 41.361311000022354)
B-V5-1917,1917,Ferrocarrils Catalans - Aviador Duran,V5,Bus,POINT (2.1413429981708862 41.361311000022354)
B-78-1919,1919,Av Baix Llobregat - St Martí de l'Erm,78,Bus,POINT (2.0739739987942403 41.37377199605751)
B-157-1919,1919,Av Baix Llobregat - St Martí de l'Erm,157,Bus,POINT (2.0739739987942403 41.37377199605751)
B-157-1920,1920,Josep Trueta - Josep Tarradellas,157,Bus,POINT (2.071313001988093 41.37282000374178)
B-157-1921,1921,Sant Martí de l'Erm - Josep Trueta,157,Bus,POINT (2.070599995564069 41.37172099746533)
B-157-1922,1922,Av Barcelona - Extremadura,157,Bus,POINT (2.0733490051995696 41.36931199690513)
B-132-1925,1925,Piferrer - Deià,132,Bus,POINT (2.1777440033357705 41.43211500207851)
B-132-1926,1926,Piferrer - Pintor Alsamora,132,Bus,POINT (2.1796999980915057 41.43448099817205)
B-132-1927,1927,Av Rio de Janeiro - Pg Valldaura,132,Bus,POINT (2.18158999857017 41.438930000884504)
B-132-1928,1928,Pl Àngel Pestaña,132,Bus,POINT (2.179244999092755 41.44100999920908)
B-132-1930,1930,Av Rio de Janeiro - Baltasar Gracián,132,Bus,POINT (2.182542001814019 41.44009899886018)
B-132-1932,1932,Pg Andreu Nin - Rosselló i Porcel,132,Bus,POINT (2.1822860014478698 41.43661600380375)
B-132-1933,1933,Pg Ciutat de Mallorca - Av Rio de Janeiro,132,Bus,POINT (2.1805219955555524 41.43249099638986)
B-132-1935,1935,Escultor Ordóñez - Pl de Sóller,132,Bus,POINT (2.174931999891342 41.433608002253635)
B-19-1937,1937,Metro Maragall,19,Bus,POINT (2.176973004474526 41.42460299581184)
B-V25-1937,1937,Metro Maragall,V25,Bus,POINT (2.176973004474526 41.42460299581184)
B-70-1938,1938,Mitre - Doctor Fleming,70,Bus,POINT (2.1337179952327237 41.394847997123556)
B-H6-1938,1938,Mitre - Doctor Fleming,H6,Bus,POINT (2.1337179952327237 41.394847997123556)
B-H6-1939,1939,Mitre - Ganduxer,H6,Bus,POINT (2.133884996621754 41.39889800178778)
B-70-1940,1940,Mitre - Ganduxer,70,Bus,POINT (2.133458996957744 41.39875199860855)
B-H6-1940,1940,Mitre - Ganduxer,H6,Bus,POINT (2.133458996957744 41.39875199860855)
B-70-1941,1941,Mitre - Doctor Fleming,70,Bus,POINT (2.1334139992732104 41.39478199797994)
B-H6-1941,1941,Mitre - Doctor Fleming,H6,Bus,POINT (2.1334139992732104 41.39478199797994)
B-126-1943,1943,Virgili - Pl de Montserrat Roca i Baltà,126,Bus,POINT (2.1934199954097378 41.431303001672184)
B-133-1943,1943,Virgili - Pl de Montserrat Roca i Baltà,133,Bus,POINT (2.1934199954097378 41.431303001672184)
B-H14-1948,1948,Pallars - Bilbao,H14,Bus,POINT (2.201469889735502 41.40385010987336)
B-H2-1950,1950,La Fosca - Chafarinas,H2,Bus,POINT (2.1832510034830506 41.448161997800895)
B-D50-1950,1950,La Fosca - Chafarinas,D50,Bus,POINT (2.1832510034830506 41.448161997800895)
B-V7-1953,1953,Numància - Ronda General Mitre,V7,Bus,POINT (2.1308162590003437 41.3913686199415)
B-13-1954,1954,Segura - Anoia,13,Bus,POINT (2.140537005341069 41.362561003674585)
B-13-1955,1955,Segura - Foneria,13,Bus,POINT (2.1417680035720306 41.36289500288663)
B-125-1955,1955,Segura - Foneria,125,Bus,POINT (2.1417680035720306 41.36289500288663)
B-132-1957,1957,Costa i Cuxart - Av. dels Quinze,132,Bus,POINT (2.1752904241381037 41.427958696810386)
B-47-1958,1958,Av dels Quinze - Costa i Cuxart,47,Bus,POINT (2.174700997514859 41.4280979955152)
B-D40-1958,1958,Av dels Quinze - Costa i Cuxart,D40,Bus,POINT (2.174700997514859 41.4280979955152)
B-D50-1958,1958,Av dels Quinze - Costa i Cuxart,D50,Bus,POINT (2.174700997514859 41.4280979955152)
B-V29-1959,1959,Pl de les Roquetes,V29,Bus,POINT (2.1764084303620264 41.44852137032684)
B-122-1961,1961,Fabra i Puig - Pg Urrutia,122,Bus,POINT (2.164549004019547 41.43664300182049)
B-V27-1961,1961,Fabra i Puig - Pg Urrutia,V27,Bus,POINT (2.164549004019547 41.43664300182049)
B-H2-1961,1961,Fabra i Puig - Pg Urrutia,H2,Bus,POINT (2.164549004019547 41.43664300182049)
B-122-1963,1963,Fabra i Puig - Pg Urrutia,122,Bus,POINT (2.164489005573122 41.4368190036746)
B-V27-1963,1963,Fabra i Puig - Pg Urrutia,V27,Bus,POINT (2.164489005573122 41.4368190036746)
B-H2-1963,1963,Fabra i Puig - Pg Urrutia,H2,Bus,POINT (2.164489005573122 41.4368190036746)
B-70-1970,1970,Rambla del Brasil - Roger,70,Bus,POINT (2.129587004648871 41.37726600358833)
B-V3-1976,1976,Badal - Av Carrilet,V3,Bus,POINT (2.1341079980922144 41.36654400406486)
B-116-1984,1984,Escorial - Sant Lluís,116,Bus,POINT (2.162298003736567 41.406344998576635)
B-116-1985,1985,Sant Salvador - Massens,116,Bus,POINT (2.15596700156163 41.408397002344394)
B-116-1986,1986,Sant Salvador - Verdi,116,Bus,POINT (2.1534130018607414 41.407009002662505)
B-116-1987,1987,Sargelet - Maignon,116,Bus,POINT (2.150858005615287 41.408954001506835)
B-116-1988,1988,Valldoreix - Verdi,116,Bus,POINT (2.1514939951907586 41.41006799970244)
B-116-1989,1989,Av del Coll del Portell - Sostres,116,Bus,POINT (2.1514080050306528 41.410661002780714)
B-116-1990,1990,Sostres - Baixada de la Glòria,116,Bus,POINT (2.1497379977990527 41.41223899559154)
B-116-1991,1991,Arnold Schönberg - Av del Coll del Portell,116,Bus,POINT (2.1493109941167847 41.41292999945685)
B-116-1992,1992,Av del Coll del Portell - Baixada de la Glòria,116,Bus,POINT (2.1503249984899355 41.41209899654809)
B-116-1993,1993,Av del Coll del Portell - Rambla de Mercedes,116,Bus,POINT (2.1518649948303685 41.41118299553123)
B-116-1994,1994,Albigesos - Verdi,116,Bus,POINT (2.1505960044442474 41.410535004325695)
B-116-1995,1995,Verdi - Valldoreix,116,Bus,POINT (2.1515489966680055 41.40926800147609)
B-116-1996,1996,Pl Rovira i Trias,116,Bus,POINT (2.1587810058682035 41.40758499648665)
B-102-1998,1998,Ctra Cementiri Collserola - Residència Joan XXIII,102,Bus,POINT (2.156005999889201 41.46515699822914)
B-102-1999,1999,Residència Joan XXIII,102,Bus,POINT (2.155989002793739 41.464956999598165)
B-117-2001,2001,Font d'en Fargas - Pedrell,117,Bus,POINT (2.1654043192943044 41.42391354950343)
B-117-2004,2004,Oblit - direcció Font d'en Fargas,117,Bus,POINT (2.1776089979132003 41.41932100293442)
B-117-2005,2005,Rambla Volart - Flors de Maig,117,Bus,POINT (2.1744180031472014 41.41762500335937)
B-117-2006,2006,La Bisbal - Av Mare de Déu de Montserrat,117,Bus,POINT (2.172274003400383 41.41826499935356)
B-117-2007,2007,Aguilar - Alt de Pedrell,117,Bus,POINT (2.169482004949285 41.4254889996154)
B-117-2008,2008,Aguilar - Montserrat de Casanovas,117,Bus,POINT (2.1697839983441822 41.423091999037176)
B-117-2009,2009,Garriga i Roca - Sales Ferrer,117,Bus,POINT (2.1698719952663907 41.42117400066677)
B-117-2010,2010,Garriga i Roca - Ercilla,117,Bus,POINT (2.170683003269673 41.41978299983643)
B-117-2012,2012,Rambla de la Muntanya - Vinyals,117,Bus,POINT (2.1753469952413362 41.420136002018246)
B-116-2020,2020,Torrent de les Flors - Sant Lluís,116,Bus,POINT (2.160202002315844 41.40615200113804)
B-116-2021,2021,Pl Joanic,116,Bus,POINT (2.162479999175126 41.40492899653051)
B-112-2022,2022,Granja Vella - Av Martí i Codolar,112,Bus,POINT (2.1479469963020863 41.426859003957595)
B-185-2022,2022,Granja Vella - Av Martí i Codolar,185,Bus,POINT (2.1479469963020863 41.426859003957595)
B-V17-2022,2022,Granja Vella - Av Martí i Codolar,V17,Bus,POINT (2.1479469963020863 41.426859003957595)
B-119-2023,2023,Calderón de la Barca - Ctra del Carmel,119,Bus,POINT (2.1573189971997997 41.419014996563114)
B-86-2023,2023,Calderón de la Barca - Ctra del Carmel,86,Bus,POINT (2.1573189971997997 41.419014996563114)
B-119-2024,2024,Calderón de la Barca - Alcalde de Zalamea,119,Bus,POINT (2.156840001655934 41.42062900114975)
B-86-2024,2024,Calderón de la Barca - Alcalde de Zalamea,86,Bus,POINT (2.156840001655934 41.42062900114975)
B-119-2025,2025,Segimon - L'Alguer,119,Bus,POINT (2.1550959991378322 41.420952004391935)
B-119-2026,2026,Fastenrath - L'Hortal,119,Bus,POINT (2.152671996258063 41.42192099755875)
B-119-2028,2028,Camí dels Àngels,119,Bus,POINT (2.148969002715465 41.421661002663335)
B-119-2029,2029,Parc de la Creueta del Coll,119,Bus,POINT (2.146272001514357 41.421294999400935)
B-119-2034,2034,Metro Penitents,119,Bus,POINT (2.140594995164614 41.41744800204528)
B-119-2037,2037,Sigüenza - La Murtra,119,Bus,POINT (2.1526130033446504 41.42325999806509)
B-119-2038,2038,Sigüenza - Ramon Rocafull,119,Bus,POINT (2.1541419940864133 41.42412300335419)
B-120-2043,2043,Manso - Comte Borrell,120,Bus,POINT (2.1604870049713134 41.376670997742565)
B-120-2044,2044,Riera Alta - Nou de Dulce,120,Bus,POINT (2.1637440019584897 41.38034000395266)
B-120-2045,2045,Riera Alta - Erasme de Janer,120,Bus,POINT (2.166460000902398 41.380477997239346)
B-120-2046,2046,Rambla del Raval - Aurora,120,Bus,POINT (2.168224001264395 41.379306002714785)
B-120-2047,2047,Rambla del Raval - Sant Pau,120,Bus,POINT (2.170217998496246 41.37763000213685)
B-120-2048,2048,Av Drassanes - Arc del Teatre,120,Bus,POINT (2.1730820020695667 41.376628003773874)
B-120-2049,2049,Av Drassanes - Pl Portal de la Pau,120,Bus,POINT (2.1767379952997943 41.37600800038713)
B-120-2051,2051,Metro Drassanes,120,Bus,POINT (2.174800995843084 41.37642000188411)
B-120-2052,2052,Av Drassanes - Nou de la Rambla,120,Bus,POINT (2.172727000343053 41.37682900420388)
B-120-2053,2053,Rambla del Raval - Sant Josep Oriol,120,Bus,POINT (2.170526000585872 41.37800799871741)
B-120-2054,2054,Rambla del Raval - Hospital,120,Bus,POINT (2.168797999491091 41.37946099943618)
B-120-2055,2055,Pl Joan Amades,120,Bus,POINT (2.1687240045347638 41.381394001280796)
B-120-2056,2056,Pl dels Àngels,120,Bus,POINT (2.1678899980472357 41.382656997339836)
B-120-2057,2057,Montalegre - Valldonzella,120,Bus,POINT (2.1667830037992784 41.384001996637984)
B-121-2059,2059,Mercat de Sant Antoni,121,Bus,POINT (2.1613819986507865 41.3773419999061)
B-55-2061,2061,Mare de Déu del Remei - Grases,55,Bus,POINT (2.1568809986676127 41.37301299658553)
B-121-2061,2061,Mare de Déu del Remei - Grases,121,Bus,POINT (2.1568809986676127 41.37301299658553)
B-121-2063,2063,Elkano - Blasco de Garay,121,Bus,POINT (2.1629109989114856 41.373174000849296)
B-121-2064,2064,Elkano - Poeta Cabanyes,121,Bus,POINT (2.164823004158173 41.37258000266734)
B-121-2067,2067,Vila i Vilà - Puigxuriguer,121,Bus,POINT (2.1729069984472433 41.372925002238844)
B-118-2071,2071,Pg de Solé i Pla,118,Bus,POINT (2.088598999789813 41.427118000950856)
B-128-2072,2072,Pl Major del Rectoret,128,Bus,POINT (2.092209999927082 41.427376997573724)
B-118-2074,2074,Torrent del Rovelló - Camí del Pantà,118,Bus,POINT (2.09690799633656 41.41937100188425)
B-128-2074,2074,Torrent del Rovelló - Camí del Pantà,128,Bus,POINT (2.09690799633656 41.41937100188425)
B-118-2075,2075,Torrent del Rovelló - Camí Baix del Mas Sauró,118,Bus,POINT (2.0944460053804095 41.41824299582244)
B-118-2076,2076,Camí Alt Mas Sauró - Font Mossèn Cinto Verdaguer,118,Bus,POINT (2.0948920043993584 41.41782700194974)
B-118-2077,2077,Camí Alt del Mas Sauró - Camí del Ciureny,118,Bus,POINT (2.0964940025139844 41.41787000323597)
B-118-2078,2078,Camí del Mas Sauró,118,Bus,POINT (2.0965129989366007 41.41708300107664)
B-118-2079,2079,Can Sauró,118,Bus,POINT (2.0950409986270504 41.415907003660884)
B-118-2080,2080,Mas Sauró - Camí del Pebràs,118,Bus,POINT (2.092830005505875 41.4156679988695)
B-118-2081,2081,"Can Sauró, direcció Mas Guimbau",118,Bus,POINT (2.0951799959633526 41.41592400406061)
B-118-2082,2082,"Camí del Mas Sauró, direcció Mas Guimbau",118,Bus,POINT (2.0963460054586553 41.41705600030747)
B-118-2083,2083,"Camí del Ciureny, direcció Mas Guimbau",118,Bus,POINT (2.09657499399062 41.41789900369252)
B-118-2084,2084,"Font Mossèn Cinto Verdaguer, direcció Mas Guimbau",118,Bus,POINT (2.0951449986386734 41.41789199908959)
B-118-2085,2085,"Camí Baix del Mas Sauró, direcció Mas Guimbau",118,Bus,POINT (2.094499000995841 41.41820699586567)
B-118-2086,2086,"Torrent del Rovelló, direcció Mas Guimbau",118,Bus,POINT (2.0968320054177587 41.41921499999815)
B-118-2087,2087,FGC Les Planes,118,Bus,POINT (2.0914820022513267 41.427192002958336)
B-118-2088,2088,Camí dels Verns - Camí del Mas Guimbau,118,Bus,POINT (2.0897649985486777 41.42615399806132)
B-118-2089,2089,Mas Guimbau,118,Bus,POINT (2.0902789969970232 41.428142003155266)
B-118-2090,2090,Mas Sauró,118,Bus,POINT (2.0928979978292386 41.41561100443359)
B-118-2091,2091,"Can Sauró, direcció Vallvidrera",118,Bus,POINT (2.095213001919623 41.41595299738319)
B-118-2092,2092,"Camí del Mas Sauró, direcció Vallvidrera",118,Bus,POINT (2.096392994448945 41.41706299885452)
B-118-2093,2093,"Camí del Ciureny, direcció Vallvidrera",118,Bus,POINT (2.096506994426702 41.41791599817832)
B-118-2094,2094,"Font Mossèn Cinto Verdaguer, direcció Vallvidrera",118,Bus,POINT (2.0950789993309646 41.417889002936406)
B-118-2095,2095,"Camí Baix del Mas Sauró, direcció Vallvidrera",118,Bus,POINT (2.094659004242404 41.41834199755958)
B-118-2096,2096,"Torrent del Rovelló, direcció Vallvidrera",118,Bus,POINT (2.096853005723515 41.41922800045877)
B-118-2097,2097,Camí del Pantà,118,Bus,POINT (2.097886996291267 41.41844699807511)
B-128-2097,2097,Camí del Pantà,128,Bus,POINT (2.097886996291267 41.41844699807511)
B-128-2098,2098,FGC Baixador Vallvidrera,128,Bus,POINT (2.0968660031183846 41.41996200158157)
B-128-2099,2099,Camí del Sanatori - Ctra de Vallvidrera,128,Bus,POINT (2.096588002231722 41.421046998563305)
B-128-2100,2100,Major del Rectoret - Parc Municipal de Vallvidrera,128,Bus,POINT (2.094752002229802 41.42348200309166)
B-128-2101,2101,Major del Rectoret - Amarant,128,Bus,POINT (2.0949469955804068 41.42452900280652)
B-128-2102,2102,Bohemis - Savina,128,Bus,POINT (2.097133998708492 41.42533500389786)
B-128-2103,2103,Savina - Pg del Magraner,128,Bus,POINT (2.096607998602657 41.42414400150932)
B-128-2104,2104,Lilà - Boix,128,Bus,POINT (2.09980300577986 41.42568599662433)
B-128-2105,2105,Lilà - Presseguer,128,Bus,POINT (2.1009199992935343 41.42824299612221)
B-128-2108,2108,Major del Rectoret - Costa del Bruc,128,Bus,POINT (2.0948583416415008 41.4298541705518)
B-128-2109,2109,"Pl Coll de la Creu d'en Blau, direcció El Rectoret",128,Bus,POINT (2.0941530057168736 41.43364600361481)
B-128-2110,2110,Major del Rectoret - Marco Polo,128,Bus,POINT (2.094818338732562 41.429602167698775)
B-128-2111,2111,Major del Rectoret - Parsifal,128,Bus,POINT (2.0938092950135947 41.426374134250764)
B-128-2112,2112,Margalló - Major del Rectoret,128,Bus,POINT (2.096158000456158 41.42613000113412)
B-128-2113,2113,Av del Rectoret - Baladre,128,Bus,POINT (2.0930399996044597 41.42592499841706)
B-128-2114,2114,Av del Rectoret - Vesc,128,Bus,POINT (2.0928559987995263 41.4261269984461)
B-128-2115,2115,Major del Rectoret - Margalló,128,Bus,POINT (2.095823316119299 41.42612512023594)
B-128-2116,2116,Major del Rectoret - Lohengrin,128,Bus,POINT (2.093916298034651 41.42650013526193)
B-128-2117,2117,"Pl Coll de la Creu d'en Blau, direcció Vallvidrera",128,Bus,POINT (2.094129999771365 41.433653001369834)
B-128-2121,2121,Lilà - Geranis,128,Bus,POINT (2.100831001508303 41.42815999969382)
B-128-2122,2122,Lilà - Poncelles,128,Bus,POINT (2.0996600022826826 41.42563600324183)
B-128-2123,2123,Savina - Poncelles,128,Bus,POINT (2.096498000589317 41.4241729973286)
B-128-2124,2124,Bohemis - Amarant,128,Bus,POINT (2.097343999425916 41.42541999754456)
B-128-2125,2125,Major del Rectoret,128,Bus,POINT (2.0949039953523103 41.424585996811444)
B-128-2126,2126,Parc Municipal de Vallvidrera,128,Bus,POINT (2.0947550023930965 41.42332200065661)
B-128-2127,2127,Camí del Sanatori - FGC Baixador de Vallvidrera,128,Bus,POINT (2.0964950043923176 41.420860003468185)
B-34-2128,2128,Capità Arenas - Manuel de Falla,34,Bus,POINT (2.124832402645055 41.393027011273375)
B-V3-2128,2128,Capità Arenas - Manuel de Falla,V3,Bus,POINT (2.124832402645055 41.393027011273375)
B-V25-2130,2130,Pg Maragall - Petrarca,V25,Bus,POINT (2.163332003473838 41.42843000159373)
B-B20-2134,2134,Llull - Jardins Gandhi,B20,Bus,POINT (2.2067459941402725 41.404421996055305)
B-136-2134,2134,Llull - Jardins Gandhi,136,Bus,POINT (2.2067459941402725 41.404421996055305)
B-M14-2137,2137,Metro Bellvitge Rambla Marina,M14,Bus,POINT (2.110851996854039 41.35150599994581)
B-22-2138,2138,IES Ferran Tallada,22,Bus,POINT (2.161802997864124 41.420810998541434)
B-119-2141,2141,Turó de la Rovira,119,Bus,POINT (2.159524002624316 41.419693003214476)
B-119-2142,2142,Gran Vista,119,Bus,POINT (2.1599539997753863 41.41997199711588)
B-111-2143,2143,Ctra de Vallvidrera - El Castanyer,111,Bus,POINT (2.121347999775624 41.42536600084844)
B-62-2146,2146,Pl de Mourenx,62,Bus,POINT (2.16856399898451 41.4634210005188)
B-76-2146,2146,Pl de Mourenx,76,Bus,POINT (2.16856399898451 41.4634210005188)
B-62-2147,2147,Camèlies - Circumval·lació,62,Bus,POINT (2.170551997079445 41.46193699988456)
B-76-2147,2147,Camèlies - Circumval·lació,76,Bus,POINT (2.170551997079445 41.46193699988456)
B-62-2148,2148,Circumval·lació - Camèlies,62,Bus,POINT (2.171957998560434 41.461968999731326)
B-76-2148,2148,Circumval·lació - Camèlies,76,Bus,POINT (2.171957998560434 41.461968999731326)
B-111-2149,2149,Pl Tibidabo,111,Bus,POINT (2.118827000727668 41.421512999616134)
B-H16-2151,2151,Pg Taulat - Provençals,H16,Bus,POINT (2.2131210026315653 41.40479099643933)
B-119-2154,2154,Jericó - Pg Vall d'Hebron,119,Bus,POINT (2.1394959971929057 41.42079400057769)
B-119-2155,2155,Jericó - Romeu,119,Bus,POINT (2.139022999463447 41.4218280028171)
B-119-2156,2156,Ctra Sant Cugat - Samària,119,Bus,POINT (2.138257998192295 41.42221699958728)
B-119-2157,2157,Ctra Sant Cugat - Navata,119,Bus,POINT (2.1385289969671533 41.42062099965392)
B-119-2158,2158,Ctra Sant Cugat - Gutenberg,119,Bus,POINT (2.1385560007736073 41.41860300126706)
B-125-2180,2180,Ctra del Prat - Energia,125,Bus,POINT (2.134132994244643 41.36061000025329)
B-V1-2185,2185,Botànica - Miguel Hernández,V1,Bus,POINT (2.1263079954479887 41.349306997043634)
B-59-2192,2192,Ronda Sant Pere - Pau Claris,59,Bus,POINT (2.1717129981906678 41.38868099890464)
B-V15-2192,2192,Ronda Sant Pere - Pau Claris,V15,Bus,POINT (2.1717129981906678 41.38868099890464)
B-114-2194,2194,Francesc Alegre - Av Mare de Déu de Montserrat,114,Bus,POINT (2.167093001350649 41.41572200140801)
B-114-2195,2195,Budapest - Gènova,114,Bus,POINT (2.1680040046709173 41.41827100385076)
B-114-2196,2196,Telègraf - Doctor Cadevall,114,Bus,POINT (2.1690373402478484 41.41861839016597)
B-114-2197,2197,Francesc Alegre,114,Bus,POINT (2.1662849997233584 41.41639599647189)
B-114-2198,2198,França - Polònia,114,Bus,POINT (2.163582995090965 41.41524100256707)
B-116-2199,2199,"Av del Coll del Portell, 74",116,Bus,POINT (2.151489000575469 41.41146600312159)
B-119-2200,2200,Pg Vall d'Hebron - Anna Piferrer,119,Bus,POINT (2.1391360044053247 41.417830999248444)
B-123-2200,2200,Pg Vall d'Hebron - Anna Piferrer,123,Bus,POINT (2.1391360044053247 41.417830999248444)
B-124-2200,2200,Pg Vall d'Hebron - Anna Piferrer,124,Bus,POINT (2.1391360044053247 41.417830999248444)
B-118-2209,2209,Pl de Vallvidrera,118,Bus,POINT (2.104397996806746 41.413052001655004)
B-118-2210,2210,Camí Alt del Mas Sauró,118,Bus,POINT (2.0963239969686036 41.416477000145875)
B-118-2211,2211,"Cami Alt del Mas Sauró, direcció Vallvidrera",118,Bus,POINT (2.0963879943298815 41.41643699633849)
B-118-2212,2212,"Camí Alt del Mas Sauró, direcció Mas Guimbau",118,Bus,POINT (2.096345001102748 41.416418004237684)
B-118-2213,2213,Camí del Mas Guimbau - Gatosa,118,Bus,POINT (2.090085995772032 41.425528998938404)
B-118-2214,2214,Camí del Mas Guimbau - Gespa,118,Bus,POINT (2.0906330047967345 41.42401099654716)
B-118-2215,2215,Gespa - la Gatosa,118,Bus,POINT (2.0896280018782476 41.424583000471365)
B-118-2216,2216,Escala de la Gatosa,118,Bus,POINT (2.089775998962333 41.42383599640411)
B-118-2217,2217,Pg de la Vimetera,118,Bus,POINT (2.0892680046510064 41.423591000290166)
B-118-2218,2218,Pg de la Vimetera - Pg del Pi Forcat,118,Bus,POINT (2.0873710058460904 41.423281001058285)
B-118-2219,2219,Pg del Pi Forcat - Pg d'Anna Rúbies,118,Bus,POINT (2.0873650001465447 41.42265100073961)
B-118-2220,2220,Pg de la Vimetera - Escala de la Gatosa,118,Bus,POINT (2.089239998550257 41.42350900012101)
B-118-2221,2221,Gespa - Pg de la Vimetera,118,Bus,POINT (2.08983500505048 41.42386799825356)
B-118-2222,2222,Gespa,118,Bus,POINT (2.0896910020483097 41.424551000186064)
B-118-2223,2223,Camí del Mas Guimbau,118,Bus,POINT (2.0906849981568922 41.423988997029994)
B-118-2224,2224,Camí del Mas Guimbau - Castellví,118,Bus,POINT (2.090063004210059 41.425571998696746)
B-118-2225,2225,Santuari de la Salut,118,Bus,POINT (2.089807998454159 41.42608799857622)
B-60-2228,2228,Ciutat d'Asunción - La Maquinista,60,Bus,POINT (2.200090998249917 41.440210004351975)
B-B20-2230,2230,La Mina - Ponent,B20,Bus,POINT (2.2173010041248005 41.418352004168575)
B-V33-2230,2230,La Mina - Ponent,V33,Bus,POINT (2.2173010041248005 41.418352004168575)
B-V23-2231,2231,Pedrell - Rambla del Carmel,V23,Bus,POINT (2.1586459999878853 41.42310099650819)
B-V23-2233,2233,Rambla del Carmel - Llobregós,V23,Bus,POINT (2.1577700050050255 41.42467199865071)
B-19-2234,2234,Llobregós - Pg Maragall,19,Bus,POINT (2.163266997434719 41.427766004324646)
B-102-2234,2234,Llobregós - Pg Maragall,102,Bus,POINT (2.163266997434719 41.427766004324646)
B-87-2234,2234,Llobregós - Pg Maragall,87,Bus,POINT (2.163266997434719 41.427766004324646)
B-H2-2234,2234,Llobregós - Pg Maragall,H2,Bus,POINT (2.163266997434719 41.427766004324646)
B-V23-2234,2234,Llobregós - Pg Maragall,V23,Bus,POINT (2.163266997434719 41.427766004324646)
B-19-2235,2235,Llobregós - Torrent del Carmel,19,Bus,POINT (2.16029600130099 41.42651700280622)
B-102-2235,2235,Llobregós - Torrent del Carmel,102,Bus,POINT (2.16029600130099 41.42651700280622)
B-87-2235,2235,Llobregós - Torrent del Carmel,87,Bus,POINT (2.16029600130099 41.42651700280622)
B-H2-2235,2235,Llobregós - Torrent del Carmel,H2,Bus,POINT (2.16029600130099 41.42651700280622)
B-V23-2235,2235,Llobregós - Torrent del Carmel,V23,Bus,POINT (2.16029600130099 41.42651700280622)
B-185-2239,2239,Pg de Valldaura - Canigó,185,Bus,POINT (2.155958999891616 41.43746299917914)
B-185-2241,2241,Pg de Valldaura - Av Estatut de Catalunya,185,Bus,POINT (2.1540030011438316 41.436535998664155)
B-V11-2243,2243,Moll de Barcelona,V11,Bus,POINT (2.17976400157233 41.372422002791936)
B-23-2246,2246,Parc Logístic,23,Bus,POINT (2.1247340038268856 41.34059300226359)
B-78-2247,2247,Rambla Josep M Jujol - Riera d'en Nofre,78,Bus,POINT (2.0514729945392034 41.36745799708027)
B-78-2248,2248,Av Barcelona - Rius i Taulet,78,Bus,POINT (2.060740995539234 41.36674499767542)
B-23-2249,2249,Carrer número 2 - Carrer número 62,23,Bus,POINT (2.1378910012922936 41.34394200084212)
B-23-2250,2250,Carrer número 2,23,Bus,POINT (2.1379810044740557 41.3438160016016)
B-23-2251,2251,"Parc Logístic, anada",23,Bus,POINT (2.131017997458175 41.34300200139403)
B-23-2252,2252,"Parc Logístic, tornada",23,Bus,POINT (2.1308769977843633 41.342760002252064)
B-13-2255,2255,Segura - Escales del Polvorí,13,Bus,POINT (2.140598994954078 41.36373699549682)
B-13-2256,2256,Segura - Guadalquivir,13,Bus,POINT (2.140598005452472 41.36385399602401)
B-125-2256,2256,Segura - Guadalquivir,125,Bus,POINT (2.140598005452472 41.36385399602401)
B-7-2259,2259,Diagonal - Llull,7,Bus,POINT (2.2154769989262104 41.41060500052366)
B-27-2260,2260,Metro Canyelles,27,Bus,POINT (2.16679600580928 41.44194900132768)
B-47-2260,2260,Metro Canyelles,47,Bus,POINT (2.16679600580928 41.44194900132768)
B-60-2260,2260,Metro Canyelles,60,Bus,POINT (2.16679600580928 41.44194900132768)
B-122-2260,2260,Metro Canyelles,122,Bus,POINT (2.16679600580928 41.44194900132768)
B-V27-2260,2260,Metro Canyelles,V27,Bus,POINT (2.16679600580928 41.44194900132768)
B-27-2261,2261,Via Favència - Pl Karl Marx,27,Bus,POINT (2.163441005804118 41.440731997248015)
B-47-2261,2261,Via Favència - Pl Karl Marx,47,Bus,POINT (2.163441005804118 41.440731997248015)
B-60-2261,2261,Via Favència - Pl Karl Marx,60,Bus,POINT (2.163441005804118 41.440731997248015)
B-122-2261,2261,Via Favència - Pl Karl Marx,122,Bus,POINT (2.163441005804118 41.440731997248015)
B-185-2261,2261,Via Favència - Pl Karl Marx,185,Bus,POINT (2.163441005804118 41.440731997248015)
B-V27-2261,2261,Via Favència - Pl Karl Marx,V27,Bus,POINT (2.163441005804118 41.440731997248015)
B-7-2262,2262,Diagonal - Rambla del Poblenou,7,Bus,POINT (2.195404997029491 41.405228998403594)
B-H16-2264,2264,Pg Taulat - Provençals,H16,Bus,POINT (2.212376996952597 41.40493799728327)
B-H16-2265,2265,Pg Taulat - Diagonal Mar,H16,Bus,POINT (2.2153270009951274 41.40702900386273)
B-H16-2266,2266,Pg Taulat - Diagonal Mar,H16,Bus,POINT (2.2154809944135474 41.40698699817292)
B-B20-2268,2268,Llull - Diagonal Mar,B20,Bus,POINT (2.2130339961237047 41.40914800098835)
B-136-2268,2268,Llull - Diagonal Mar,136,Bus,POINT (2.2130339961237047 41.40914800098835)
B-27-2269,2269,Via Favència - Barri Canyelles,27,Bus,POINT (2.1695979987689196 41.44296499663701)
B-47-2269,2269,Via Favència - Barri Canyelles,47,Bus,POINT (2.1695979987689196 41.44296499663701)
B-60-2269,2269,Via Favència - Barri Canyelles,60,Bus,POINT (2.1695979987689196 41.44296499663701)
B-122-2269,2269,Via Favència - Barri Canyelles,122,Bus,POINT (2.1695979987689196 41.44296499663701)
B-V27-2269,2269,Via Favència - Barri Canyelles,V27,Bus,POINT (2.1695979987689196 41.44296499663701)
B-78-2270,2270,Numància - Av Roma,78,Bus,POINT (2.141343003021254 41.38121200421567)
B-115-2270,2270,Numància - Av Roma,115,Bus,POINT (2.141343003021254 41.38121200421567)
B-V7-2270,2270,Numància - Av Roma,V7,Bus,POINT (2.141343003021254 41.38121200421567)
B-78-2271,2271,Av Barcelona - Bon Viatge,78,Bus,POINT (2.0587280049489354 41.36475700380157)
B-78-2273,2273,Rambla Josep M Jujol - Montjuïc,78,Bus,POINT (2.0567259953277373 41.36243100337258)
B-78-2274,2274,Pl. de la Ciutat Gegantera,78,Bus,POINT (2.054345000539884 41.364387997651555)
B-78-2275,2275,Major - Mercat,78,Bus,POINT (2.0549310022015552 41.36687000258599)
B-78-2276,2276,Major - Montjuïc,78,Bus,POINT (2.057073995637846 41.36478799561487)
B-68-2279,2279,Pg Reina Elisenda - Av J V Foix,68,Bus,POINT (2.1185399988012064 41.39838800186837)
B-H4-2279,2279,Pg Reina Elisenda - Av J V Foix,H4,Bus,POINT (2.1185399988012064 41.39838800186837)
B-76-2281,2281,Av de Vallbona - CAP Ctat Meridiana,76,Bus,POINT (2.1807080033386304 41.46092999601553)
B-D50-2281,2281,Av de Vallbona - CAP Ctat Meridiana,D50,Bus,POINT (2.1807080033386304 41.46092999601553)
B-199-2281,2281,Av de Vallbona - CAP Ctat Meridiana,199,Bus,POINT (2.1807080033386304 41.46092999601553)
B-180-2281,2281,Av de Vallbona - CAP Ctat Meridiana,180,Bus,POINT (2.1807080033386304 41.46092999601553)
B-183-2281,2281,Av de Vallbona - CAP Ctat Meridiana,183,Bus,POINT (2.1807080033386304 41.46092999601553)
B-76-2282,2282,Av de Vallbona,76,Bus,POINT (2.18395000413656 41.458367997928455)
B-D50-2282,2282,Av de Vallbona,D50,Bus,POINT (2.18395000413656 41.458367997928455)
B-68-2287,2287,Via Augusta - Doctor Roux,68,Bus,POINT (2.1312739963266267 41.39783899814211)
B-68-2288,2288,Via Augusta - Ronda General Mitre,68,Bus,POINT (2.133599001855044 41.39784899892591)
B-V9-2288,2288,Via Augusta - Ronda General Mitre,V9,Bus,POINT (2.133599001855044 41.39784899892591)
B-B25-2289,2289,Pujades - Provençals,B25,Bus,POINT (2.2087079996086656 41.40775000236813)
B-B20-2289,2289,Pujades - Provençals,B20,Bus,POINT (2.2087079996086656 41.40775000236813)
B-136-2289,2289,Pujades - Provençals,136,Bus,POINT (2.2087079996086656 41.40775000236813)
B-B25-2293,2293,Sardenya - Pg Pujades,B25,Bus,POINT (2.1885360031147645 41.39181299944039)
B-B20-2293,2293,Sardenya - Pg Pujades,B20,Bus,POINT (2.1885360031147645 41.39181299944039)
B-H16-2293,2293,Sardenya - Pg Pujades,H16,Bus,POINT (2.1885360031147645 41.39181299944039)
B-H16-2294,2294,Ramon Trias Fargas - Doctor Trueta,H16,Bus,POINT (2.1907419978533973 41.390161002377226)
B-H16-2295,2295,Icària - Parc Carles I,H16,Bus,POINT (2.193924997185269 41.38842899638558)
B-128-2298,2298,Júpiter,128,Bus,POINT (2.098831004626936 41.42881099899478)
B-128-2299,2299,Pl de la Tulipa - Satèl·lits,128,Bus,POINT (2.0964949945864473 41.42789799590618)
B-128-2300,2300,Orellana - Passatge Ossa Major,128,Bus,POINT (2.0961450010183413 41.42939700052235)
B-128-2301,2301,"Orellana, direcció El Rectoret",128,Bus,POINT (2.0966580016978402 41.43162899771062)
B-128-2302,2302,"Orellana, direcció Vallvidrera",128,Bus,POINT (2.096545002085264 41.43163100172348)
B-128-2303,2303,Orellana,128,Bus,POINT (2.0960849975867393 41.42938799904497)
B-128-2304,2304,Pl de la Tulipa - Traviata,128,Bus,POINT (2.0965000016048694 41.427800998228776)
B-128-2305,2305,Júpiter - Lilà,128,Bus,POINT (2.0989679979450524 41.42881399962198)
B-V27-2306,2306,Pg Marítim,V27,Bus,POINT (2.196300996262761 41.385225996304975)
B-150-2307,2307,Doctor Font i Quer - Tarongers,150,Bus,POINT (2.162499000312661 41.367154996729255)
B-150-2308,2308,Doctor Font i Quer - Can Valero,150,Bus,POINT (2.160554003541823 41.365840000889435)
B-150-2309,2309,Av Miramar - Pl Dante,150,Bus,POINT (2.165787996856097 41.369002003657634)
B-150-2310,2310,Av Miramar - Pl Carlos Ibáñez,150,Bus,POINT (2.168878998008 41.37025599765485)
B-55-2311,2311,Museu Nacional - Museu Etnològic,55,Bus,POINT (2.156169001458734 41.368603004502255)
B-150-2315,2315,Castell,150,Bus,POINT (2.167014998498442 41.36507000298239)
B-107-2317,2317,Via Sant Jordi,107,Bus,POINT (2.1576019977842105 41.35573200211076)
B-107-2318,2318,Sagrat Cor,107,Bus,POINT (2.1499719987229153 41.35533699636532)
B-107-2319,2319,Via Sant Oleguer,107,Bus,POINT (2.154092999380355 41.35446600298403)
B-107-2320,2320,Via Santa Eulàlia,107,Bus,POINT (2.152713996993377 41.35287699562523)
B-62-2321,2321,Metro Torras i Bages,62,Bus,POINT (2.190860999374389 41.442752998054644)
B-96-2321,2321,Metro Torras i Bages,96,Bus,POINT (2.190860999374389 41.442752998054644)
B-126-2321,2321,Metro Torras i Bages,126,Bus,POINT (2.190860999374389 41.442752998054644)
B-127-2321,2321,Metro Torras i Bages,127,Bus,POINT (2.190860999374389 41.442752998054644)
B-M19-2321,2321,Metro Torras i Bages,M19,Bus,POINT (2.190860999374389 41.442752998054644)
B-H4-2322,2322,Gran de Sant Andreu - Palomar,H4,Bus,POINT (2.188216996126741 41.44223899785192)
B-M19-2322,2322,Gran de Sant Andreu - Palomar,M19,Bus,POINT (2.188216996126741 41.44223899785192)
B-H4-2323,2323,Pl Miquel Casablancas,H4,Bus,POINT (2.1864200025111233 41.43970999563641)
B-M19-2323,2323,Pl Miquel Casablancas,M19,Bus,POINT (2.1864200025111233 41.43970999563641)
B-55-2324,2324,Av de l'Estadi - Vivers,55,Bus,POINT (2.158379998819981 41.36709900348206)
B-150-2325,2325,Can Valero - Pg del Migdia,150,Bus,POINT (2.161236999989312 41.36270799613024)
B-150-2326,2326,Pl de la Sardana,150,Bus,POINT (2.1688710010935863 41.36792399635573)
B-D50-2327,2327,Torre Baró,D50,Bus,POINT (2.18401099865049 41.45842999623726)
B-76-2328,2328,Estació RENFE,76,Bus,POINT (2.1804169944754177 41.46128500328388)
B-D50-2328,2328,Estació RENFE,D50,Bus,POINT (2.1804169944754177 41.46128500328388)
B-199-2328,2328,Estació RENFE,199,Bus,POINT (2.1804169944754177 41.46128500328388)
B-183-2328,2328,Estació RENFE,183,Bus,POINT (2.1804169944754177 41.46128500328388)
B-62-2330,2330,Av Rasos de Peguera - Pl Roja,62,Bus,POINT (2.1784939947158235 41.4615719977151)
B-76-2330,2330,Av Rasos de Peguera - Pl Roja,76,Bus,POINT (2.1784939947158235 41.4615719977151)
B-104-2330,2330,Av Rasos de Peguera - Pl Roja,104,Bus,POINT (2.1784939947158235 41.4615719977151)
B-D50-2330,2330,Av Rasos de Peguera - Pl Roja,D50,Bus,POINT (2.1784939947158235 41.4615719977151)
B-183-2330,2330,Av Rasos de Peguera - Pl Roja,183,Bus,POINT (2.1784939947158235 41.4615719977151)
B-D50-2331,2331,Av Rasos de Peguera - Costabona,D50,Bus,POINT (2.1766820018595907 41.460281000704754)
B-183-2331,2331,Av Rasos de Peguera - Costabona,183,Bus,POINT (2.1766820018595907 41.460281000704754)
B-62-2332,2332,Vallcivera - Moixeró,62,Bus,POINT (2.1767800055094173 41.45953799707602)
B-33-2335,2335,València - Rogent,33,Bus,POINT (2.185612004578256 41.40934500258032)
B-34-2335,2335,València - Rogent,34,Bus,POINT (2.185612004578256 41.40934500258032)
B-B24-2335,2335,València - Rogent,B24,Bus,POINT (2.185612004578256 41.40934500258032)
B-H10-2335,2335,València - Rogent,H10,Bus,POINT (2.185612004578256 41.40934500258032)
B-109-2336,2336,Pg Zona Franca - Foc,109,Bus,POINT (2.141267579595254 41.356828760096555)
B-V3-2336,2336,Pg Zona Franca - Foc,V3,Bus,POINT (2.141267579595254 41.356828760096555)
B-H16-2336,2336,Pg Zona Franca - Foc,H16,Bus,POINT (2.141267579595254 41.356828760096555)
B-55-2341,2341,Museu Nacional - Museu Etnològic,55,Bus,POINT (2.156072996206233 41.36854300385222)
B-V13-2342,2342,Mandri - Maó,V13,Bus,POINT (2.133123368984228 41.40398993997471)
B-V13-2344,2344,Pg de la Bonanova - Sant Delfí,V13,Bus,POINT (2.132004559553997 41.40575982945091)
B-109-2345,2345,València - Viladomat,109,Bus,POINT (2.151302997792063 41.383576003165935)
B-H10-2345,2345,València - Viladomat,H10,Bus,POINT (2.151302997792063 41.383576003165935)
B-19-2348,2348,Llobregós - Lluís Marià Vidal,19,Bus,POINT (2.156593999900714 41.424642999434006)
B-86-2348,2348,Llobregós - Lluís Marià Vidal,86,Bus,POINT (2.156593999900714 41.424642999434006)
B-87-2348,2348,Llobregós - Lluís Marià Vidal,87,Bus,POINT (2.156593999900714 41.424642999434006)
B-H2-2348,2348,Llobregós - Lluís Marià Vidal,H2,Bus,POINT (2.156593999900714 41.424642999434006)
B-19-2349,2349,Dante Alighieri - Pantà de Tremp,19,Bus,POINT (2.153675004748418 41.42553599913971)
B-H2-2349,2349,Dante Alighieri - Pantà de Tremp,H2,Bus,POINT (2.153675004748418 41.42553599913971)
B-185-2350,2350,Lisboa - Av Estatut de Catalunya,185,Bus,POINT (2.1575180007719457 41.429242999571336)
B-185-2351,2351,Tajo - Baixada Mercat,185,Bus,POINT (2.160138003834798 41.42973000305252)
B-86-2351,2351,Tajo - Baixada Mercat,86,Bus,POINT (2.160138003834798 41.42973000305252)
B-V25-2351,2351,Tajo - Baixada Mercat,V25,Bus,POINT (2.160138003834798 41.42973000305252)
B-185-2354,2354,Hedilla - Porrera,185,Bus,POINT (2.159626001556899 41.436786995636965)
B-185-2355,2355,Pg Universal - Pg de Valldaura,185,Bus,POINT (2.159917997284755 41.43852199574344)
B-185-2356,2356,Cementiri d'Horta,185,Bus,POINT (2.1552680003086158 41.44066600330586)
B-V3-2362,2362,Santa Amèlia - Capità Arenas,V3,Bus,POINT (2.1240729965999665 41.39419400201915)
B-65-2363,2363,Gran Via - Radi,65,Bus,POINT (2.1344400057116872 41.36366200120879)
B-L16-2363,2363,Gran Via - Radi,L16,Bus,POINT (2.1344400057116872 41.36366200120879)
B-H12-2363,2363,Gran Via - Radi,H12,Bus,POINT (2.1344400057116872 41.36366200120879)
B-V3-2363,2363,Gran Via - Radi,V3,Bus,POINT (2.1344400057116872 41.36366200120879)
B-117-2367,2367,Ptge Garrofers - Varsòvia,117,Bus,POINT (2.173158001406797 41.41857199804069)
B-65-2371,2371,Av. Onze de Setembre - Roure,65,Bus,POINT (2.082033995777349 41.31833400261826)
B-65-2372,2372,Canudas - Muntades,65,Bus,POINT (2.075690003614162 41.31691599588536)
B-65-2373,2373,Mas Blau,65,Bus,POINT (2.072058004763193 41.31616300243762)
B-65-2374,2374,Canudas - Av Onze de Setembre,65,Bus,POINT (2.0755550046281965 41.31606899991226)
B-65-2375,2375,Av Onze de Setembre - Riu Anoia,65,Bus,POINT (2.0820429959531443 41.31812599908839)
B-V3-2383,2383,Ronda de Dalt - Av J V Foix,V3,Bus,POINT (2.1142100030659674 41.40146100271943)
B-V3-2384,2384,Santa Amèlia,V3,Bus,POINT (2.121974998259382 41.39307499950937)
B-V3-2385,2385,Av J V Foix - Pedró de la Creu,V3,Bus,POINT (2.1201079997982735 41.39557999568018)
B-130-2387,2387,Av J V Foix - Pg Reina Elisenda,130,Bus,POINT (2.1192189957706566 41.3980979995882)
B-V3-2387,2387,Av J V Foix - Pg Reina Elisenda,V3,Bus,POINT (2.1192189957706566 41.3980979995882)
B-V3-2388,2388,Av J V Foix - Monestir,V3,Bus,POINT (2.1167070041322575 41.399585999695)
B-V3-2389,2389,Av J V Foix - Monestir,V3,Bus,POINT (2.1173879972537097 41.39906599972522)
B-V3-2390,2390,Av J V Foix - Pg Reina Elisenda,V3,Bus,POINT (2.1190890043964785 41.398024998630696)
B-54-2392,2392,Cardenal Reig - Pintor Tapiró,54,Bus,POINT (2.1171659988467915 41.378390002659735)
B-60-2394,2394,Tiana - Campins,60,Bus,POINT (2.200951004271703 41.44763999670632)
B-V33-2394,2394,Tiana - Campins,V33,Bus,POINT (2.200951004271703 41.44763999670632)
B-133-2394,2394,Tiana - Campins,133,Bus,POINT (2.200951004271703 41.44763999670632)
B-122-2395,2395,Aneto - Montmajor,122,Bus,POINT (2.170243004618217 41.43282900200825)
B-122-2398,2398,Pg d'Urrutia - Cistellet,122,Bus,POINT (2.1656870053315824 41.435848995553634)
B-54-2399,2399,Riera Blanca - Les Corts,54,Bus,POINT (2.1214179980522427 41.37748799954757)
B-V1-2399,2399,Riera Blanca - Les Corts,V1,Bus,POINT (2.1214179980522427 41.37748799954757)
B-M12-2399,2399,Riera Blanca - Les Corts,M12,Bus,POINT (2.1214179980522427 41.37748799954757)
B-122-2400,2400,Pg d'Urrutia - Rocabruna,122,Bus,POINT (2.1676419945209036 41.43533099793668)
B-122-2401,2401,Montsant - Cadí,122,Bus,POINT (2.1702640047478283 41.43346099837089)
B-122-2402,2402,Montmajor - Pg de la Peira,122,Bus,POINT (2.1705030031612127 41.43228099974259)
B-122-2404,2404,Cartellà - Pl d'Àlvaro Cunqueiro,122,Bus,POINT (2.1690809973397136 41.428547997202486)
B-122-2405,2405,Cartellà - Amílcar,122,Bus,POINT (2.1726589946955257 41.42768400132602)
B-96-2408,2408,Ctra BV 1411 - Pau Casals,96,Bus,POINT (2.178036005515296 41.49321999929781)
B-117-2415,2415,Garriga i Roca - Av Mare de Déu de Montserrat,117,Bus,POINT (2.1719050032287184 41.41907499726298)
B-122-2416,2416,Pl Karl Marx - Via Favència,122,Bus,POINT (2.163859995150492 41.44020200187948)
B-185-2416,2416,Pl Karl Marx - Via Favència,185,Bus,POINT (2.163859995150492 41.44020200187948)
B-B20-2418,2418,Parc del Besòs,B20,Bus,POINT (2.218757005373347 41.42042999852419)
B-H14-2418,2418,Parc del Besòs,H14,Bus,POINT (2.218757005373347 41.42042999852419)
B-B20-2420,2420,La Catalana,B20,Bus,POINT (2.221612998275918 41.42253900030683)
B-H14-2420,2420,La Catalana,H14,Bus,POINT (2.221612998275918 41.42253900030683)
B-H14-2421,2421,Torrassa,H14,Bus,POINT (2.2255350011382244 41.42632899647593)
B-B14-2422,2422,Torrassa,B14,Bus,POINT (2.2252390012224144 41.42629400013183)
B-H14-2422,2422,Torrassa,H14,Bus,POINT (2.2252390012224144 41.42629400013183)
B-B14-2427,2427,Av. Platja ,B14,Bus,POINT (2.228329500904159 41.42609014744642)
B-B21-2427,2427,Av. Platja ,B21,Bus,POINT (2.228329500904159 41.42609014744642)
B-B23-2427,2427,Av. Platja ,B23,Bus,POINT (2.228329500904159 41.42609014744642)
B-123-2433,2433,Esperança - Vilana,123,Bus,POINT (2.128548000831672 41.40504600081944)
B-123-2434,2434,Esperança - Marquesa de Vilallonga,123,Bus,POINT (2.126413995734553 41.40395500105124)
B-123-2435,2435,Iradier - Planella,123,Bus,POINT (2.1245870018260415 41.405359998352026)
B-V9-2435,2435,Iradier - Planella,V9,Bus,POINT (2.1245870018260415 41.405359998352026)
B-123-2436,2436,Planella - Marquesa de Vilallonga,123,Bus,POINT (2.126214999528437 41.406770999446955)
B-123-2437,2437,Bellesguard - Immaculada,123,Bus,POINT (2.1280320009917504 41.40835700178254)
B-123-2438,2438,Bellesguard - Valeta d'Arquer,123,Bus,POINT (2.126430004608168 41.40908700138198)
B-123-2439,2439,Balsareny - Vista Bella,123,Bus,POINT (2.129405002280273 41.41161400447994)
B-123-2440,2440,Jesús Maria - Quatre Camins,123,Bus,POINT (2.131587003534623 41.410535998242324)
B-123-2441,2441,Jesús Maria - Pg Sant Gervasi,123,Bus,POINT (2.132949000144291 41.40965599977692)
B-123-2442,2442,Esteve Terradas - Josep Jover,123,Bus,POINT (2.1405140050137033 41.41389399980693)
B-124-2442,2442,Esteve Terradas - Josep Jover,124,Bus,POINT (2.1405140050137033 41.41389399980693)
B-123-2443,2443,Parc Sanitari Pere Virgili,123,Bus,POINT (2.1398080012342464 41.41505200083598)
B-124-2443,2443,Parc Sanitari Pere Virgili,124,Bus,POINT (2.1398080012342464 41.41505200083598)
B-124-2445,2445,Collserola - Carlos Pirozzini,124,Bus,POINT (2.1350159963751754 41.41720200209065)
B-124-2446,2446,Enric Clarassó - Collserola,124,Bus,POINT (2.1339089947910828 41.41824799624761)
B-124-2447,2447,Salvador Alarma,124,Bus,POINT (2.1339764702291566 41.41899222965841)
B-124-2453,2453,Anna Piferrer - Av Vallcarca,124,Bus,POINT (2.1407079973099443 41.41740299815836)
B-132-2454,2454,Pg Andreu Nin - Parc Esportiu Can Dragó,132,Bus,POINT (2.1814719974779306 41.43422200035796)
B-132-2455,2455,Pg Ciutat de Mallorca - Piferrer,132,Bus,POINT (2.1786719983029843 41.43292599580816)
B-132-2456,2456,Pintor Alsamora - Piferrer,132,Bus,POINT (2.179209998130745 41.43513700092562)
B-132-2457,2457,Escultor Ordóñez - Pintor Alsamora,132,Bus,POINT (2.175877994865422 41.43503400419304)
B-55-2458,2458,Pg de Santa Madrona,55,Bus,POINT (2.157980998659267 41.36854300129462)
B-55-2459,2459,Pg de Santa Madrona - Font del Gat,55,Bus,POINT (2.1580419962457227 41.368435996716904)
B-192-2464,2464,Badajoz - Sancho de Ávila,192,Bus,POINT (2.1919759977239517 41.4013230000837)
B-V23-2464,2464,Badajoz - Sancho de Ávila,V23,Bus,POINT (2.1919759977239517 41.4013230000837)
B-112-2465,2465,Viver - Av. Elies Pagès,112,Bus,POINT (2.131990749512513 41.42902195180787)
B-112-2466,2466,Viver - Cànoves,112,Bus,POINT (2.1307939964140434 41.428623003017236)
B-112-2467,2467,Cànoves 105,112,Bus,POINT (2.1287610043169964 41.427980995550264)
B-112-2468,2468,Cànoves - Sant Genís,112,Bus,POINT (2.1299809979208977 41.427770996271285)
B-112-2469,2469,Cànoves 49,112,Bus,POINT (2.131998995950568 41.42749500226555)
B-112-2470,2470,Cànoves - Penitents,112,Bus,POINT (2.133884004851405 41.427162999265725)
B-112-2471,2471,Cànoves - Natzaret,112,Bus,POINT (2.1349709978118865 41.426775003441435)
B-112-2472,2472,Av Elies Pagès - Pl Madrona Prat,112,Bus,POINT (2.13479800022487 41.42753700189809)
B-33-2473,2473,Rbla Prim - Santander,33,Bus,POINT (2.2007830998497027 41.42499146933801)
B-114-2479,2479,Encarnació - Escorial,114,Bus,POINT (2.1617760049093158 41.40752600438064)
B-114-2480,2480,Encarnació - Torrent de les Flors,114,Bus,POINT (2.159707004129235 41.40621799681441)
B-114-2481,2481,Pl de la Virreina,114,Bus,POINT (2.15724699473852 41.40466900282789)
B-114-2482,2482,Ros de Olano - Torrent de l'Olla,114,Bus,POINT (2.1566379989621898 41.40215300232683)
B-126-2492,2492,Garcilaso - La Sagrera,126,Bus,POINT (2.189181998194105 41.42264099709833)
B-H8-2492,2492,Garcilaso - La Sagrera,H8,Bus,POINT (2.189181998194105 41.42264099709833)
B-V29-2492,2492,Garcilaso - La Sagrera,V29,Bus,POINT (2.189181998194105 41.42264099709833)
B-125-2493,2493,Mare de Déu de Port - Pl Teresa Claramunt,125,Bus,POINT (2.139498994973631 41.36219199906328)
B-125-2494,2494,Mare de Déu de Port - Sant Eloi,125,Bus,POINT (2.1437030047831054 41.35754500182483)
B-125-2495,2495,Mare de Déu de Port - Cisell,125,Bus,POINT (2.1446900040246066 41.35632400030745)
B-V5-2495,2495,Mare de Déu de Port - Cisell,V5,Bus,POINT (2.1446900040246066 41.35632400030745)
B-125-2501,2501,Alumini - Ctra del Prat,125,Bus,POINT (2.1329199954450138 41.35921800215151)
B-125-2502,2502,Mineria - Mare de Déu de Port,125,Bus,POINT (2.138295005776393 41.36487400058842)
B-125-2503,2503,Mare de Déu de Port - Mineria,125,Bus,POINT (2.139195001099049 41.36400299704445)
B-V5-2503,2503,Mare de Déu de Port - Mineria,V5,Bus,POINT (2.139195001099049 41.36400299704445)
B-125-2504,2504,Foneria - Pg Zona Franca,125,Bus,POINT (2.138272519766548 41.36031505996595)
B-127-2507,2507,Garigliano - Almansa,127,Bus,POINT (2.173969005410249 41.446142002457414)
B-127-2510,2510,Llobera - Baixada del Pedregar,127,Bus,POINT (2.1752180016916935 41.449449003728205)
B-127-2511,2511,Escales de Llobera,127,Bus,POINT (2.176429994836769 41.44987000171515)
B-127-2512,2512,Cantera - Llobera,127,Bus,POINT (2.1775849981548605 41.4492270017698)
B-127-2513,2513,Mina de la Ciutat - Pla de Fornells,127,Bus,POINT (2.1757619957646788 41.448172003023075)
B-127-2515,2515,Aiguablava - Vila-real,127,Bus,POINT (2.186287005717368 41.45167099684879)
B-180-2515,2515,Aiguablava - Vila-real,180,Bus,POINT (2.186287005717368 41.45167099684879)
B-LH2-2517,2517,Institut Mercè Rodoreda,LH2,Bus,POINT (2.1040839956319117 41.355636999303215)
B-59-2530,2530,Gran Via Carles III - Pl Reina Maria Cristina,59,Bus,POINT (2.1268749957744473 41.386860996460435)
B-70-2532,2532,Carles III - Les Corts,70,Bus,POINT (2.1284659989507677 41.38214600212609)
B-V3-2532,2532,Carles III - Les Corts,V3,Bus,POINT (2.1284659989507677 41.38214600212609)
B-175-2532,2532,Carles III - Les Corts,175,Bus,POINT (2.1284659989507677 41.38214600212609)
B-114-2533,2533,Francesc Alegre - Budapest,114,Bus,POINT (2.1662899944440364 41.41654999725793)
B-121-2536,2536,Pg de Montjuïc - Nou de la Rambla,121,Bus,POINT (2.1672199960593277 41.37195000345331)
B-119-2539,2539,Panorama - Labèrnia,119,Bus,POINT (2.165420001175752 41.41907100329948)
B-112-2540,2540,Cànoves - Viver,112,Bus,POINT (2.1286390058793567 41.429309001468425)
B-67-2541,2541,Diagonal - Metro Zona Universitària,67,Bus,POINT (2.1132200705981394 41.384877339604515)
B-M14-2541,2541,Diagonal - Metro Zona Universitària,M14,Bus,POINT (2.1132200705981394 41.384877339604515)
B-7-2542,2542,Zona Universitària - Escola T S d'Enginyeria,7,Bus,POINT (2.1156830014529553 41.385076999436095)
B-67-2542,2542,Zona Universitària - Escola T S d'Enginyeria,67,Bus,POINT (2.1156830014529553 41.385076999436095)
B-M14-2542,2542,Zona Universitària - Escola T S d'Enginyeria,M14,Bus,POINT (2.1156830014529553 41.385076999436095)
B-175-2542,2542,Zona Universitària - Escola T S d'Enginyeria,175,Bus,POINT (2.1156830014529553 41.385076999436095)
B-7-2543,2543,Diagonal - Metro Palau Reial,7,Bus,POINT (2.1187329946522686 41.38585000347423)
B-33-2543,2543,Diagonal - Metro Palau Reial,33,Bus,POINT (2.1187329946522686 41.38585000347423)
B-67-2543,2543,Diagonal - Metro Palau Reial,67,Bus,POINT (2.1187329946522686 41.38585000347423)
B-M14-2543,2543,Diagonal - Metro Palau Reial,M14,Bus,POINT (2.1187329946522686 41.38585000347423)
B-175-2543,2543,Diagonal - Metro Palau Reial,175,Bus,POINT (2.1187329946522686 41.38585000347423)
B-60-2547,2547,Gran Via - Ca n'Oliva,60,Bus,POINT (2.2091459958340716 41.42029700226117)
B-H12-2547,2547,Gran Via - Ca n'Oliva,H12,Bus,POINT (2.2091459958340716 41.42029700226117)
B-V1-2550,2550,Mini Estadi del F C Barcelona,V1,Bus,POINT (2.117823001105781 41.380693000595116)
B-116-2552,2552,Escorial - Mare de Déu de la Salut,116,Bus,POINT (2.157135998810134 41.411740003094884)
B-116-2553,2553,Pare Jacint Alegre - Sant Cugat del Vallès,116,Bus,POINT (2.155571997373898 41.412064999644514)
B-116-2554,2554,Marianao - Mercedes,116,Bus,POINT (2.1543689992671236 41.41300200197658)
B-116-2555,2555,Park Güell,116,Bus,POINT (2.1529579962007697 41.41334400345744)
B-H2-2557,2557,Parc de Cervantes - Av d'Esplugues,H2,Bus,POINT (2.1048940049482945 41.38548299772747)
B-V15-2558,2558,Pg Joan de Borbó - Moll de Catalunya,V15,Bus,POINT (2.18756199919209 41.36922099786708)
B-V19-2558,2558,Pg Joan de Borbó - Moll de Catalunya,V19,Bus,POINT (2.18756199919209 41.36922099786708)
B-V15-2559,2559,Pg Joan de Borbó - Moll de Catalunya,V15,Bus,POINT (2.187718003472299 41.370737996478304)
B-V19-2559,2559,Pg Joan de Borbó - Moll de Catalunya,V19,Bus,POINT (2.187718003472299 41.370737996478304)
B-13-2564,2564,Sot del Migdia,13,Bus,POINT (2.1506269950902985 41.359882998123595)
B-13-2565,2565,Pg Olímpic - Palau Sant Jordi,13,Bus,POINT (2.1538699970287207 41.361808003361126)
B-13-2566,2566,Jardí Botànic,13,Bus,POINT (2.156699001286108 41.362745998870444)
B-55-2567,2567,Av de l'Estadi - Pg Olímpic,55,Bus,POINT (2.157458005041552 41.366520998495766)
B-55-2568,2568,Radas - Magalhães,55,Bus,POINT (2.1606150036101566 41.372630001853594)
B-121-2568,2568,Radas - Magalhães,121,Bus,POINT (2.1606150036101566 41.372630001853594)
B-55-2569,2569,Pg de l'Exposició - Sant Isidre,55,Bus,POINT (2.1594830010817496 41.37111700381903)
B-65-2571,2571,Av Remolar - Av Onze de Setembre,65,Bus,POINT (2.0906900009089218 41.31970199576875)
B-B24-2572,2572,Santander - Via Trajana,B24,Bus,POINT (2.2024349962393726 41.42817599884142)
B-118-2573,2573,Ctra de l'Església - Camí del Faig,118,Bus,POINT (2.1071030021629107 41.41765499877528)
B-128-2573,2573,Ctra de l'Església - Camí del Faig,128,Bus,POINT (2.1071030021629107 41.41765499877528)
B-118-2574,2574,Ctra de l'Església,118,Bus,POINT (2.1073969971028115 41.418008002997745)
B-128-2574,2574,Ctra de l'Església,128,Bus,POINT (2.1073969971028115 41.418008002997745)
B-B80-2575,2575,Metro Sta. Coloma,B80,Bus,POINT (2.206814996268116 41.450509001049)
B-B15-2575,2575,Metro Sta. Coloma,B15,Bus,POINT (2.206814996268116 41.450509001049)
B-B18-2575,2575,Metro Sta. Coloma,B18,Bus,POINT (2.206814996268116 41.450509001049)
B-V33-2575,2575,Metro Sta. Coloma,V33,Bus,POINT (2.206814996268116 41.450509001049)
B-B21-2577,2577,Argentina - Bernat Metge,B21,Bus,POINT (2.2127539945641823 41.42147400105133)
B-B25-2577,2577,Argentina - Bernat Metge,B25,Bus,POINT (2.2127539945641823 41.42147400105133)
B-V33-2577,2577,Argentina - Bernat Metge,V33,Bus,POINT (2.2127539945641823 41.42147400105133)
B-55-2581,2581,Vivers Tres Pins,55,Bus,POINT (2.158747994385544 41.36637400227669)
B-150-2581,2581,Vivers Tres Pins,150,Bus,POINT (2.158747994385544 41.36637400227669)
B-V25-2582,2582,Ctra d'Horta - Cotxeres,V25,Bus,POINT (2.1544650044666303 41.43987599871727)
B-H8-2583,2583,Ferran Junoy - Sant Adrià,H8,Bus,POINT (2.194664729561603 41.43606469002656)
B-H4-2583,2583,Ferran Junoy - Sant Adrià,H4,Bus,POINT (2.194664729561603 41.43606469002656)
B-123-2584,2584,Pl Kennedy,123,Bus,POINT (2.137031997624893 41.41011400254352)
B-V13-2584,2584,Pl Kennedy,V13,Bus,POINT (2.137031997624893 41.41011400254352)
B-27-2585,2585,Ronda Guineueta Vella - Juan Ramón Jiménez,27,Bus,POINT (2.1623049992684784 41.44285500428112)
B-47-2585,2585,Ronda Guineueta Vella - Juan Ramón Jiménez,47,Bus,POINT (2.1623049992684784 41.44285500428112)
B-V27-2585,2585,Ronda Guineueta Vella - Juan Ramón Jiménez,V27,Bus,POINT (2.1623049992684784 41.44285500428112)
B-182-2585,2585,Ronda Guineueta Vella - Juan Ramón Jiménez,182,Bus,POINT (2.1623049992684784 41.44285500428112)
B-33-2586,2586,John M. Keynes - Diagonal,33,Bus,POINT (2.1165809951093357 41.38627200425359)
B-H8-2590,2590,Sao Paulo - Centre Comercial La Maquinista,H8,Bus,POINT (2.197689004072454 41.43889199973276)
B-H4-2590,2590,Sao Paulo - Centre Comercial La Maquinista,H4,Bus,POINT (2.197689004072454 41.43889199973276)
B-60-2592,2592,Ciutat d'Asunción - Fra Juníper Serra,60,Bus,POINT (2.200968994368414 41.43522100224788)
B-H8-2593,2593,Pg de l'Havana - Ciutat d'Asunción,H8,Bus,POINT (2.1993860008334982 41.43867299781876)
B-H4-2593,2593,Pg de l'Havana - Ciutat d'Asunción,H4,Bus,POINT (2.1993860008334982 41.43867299781876)
B-H8-2594,2594,Parc de la Maquinista,H8,Bus,POINT (2.196137995389134 41.43677899778014)
B-H4-2594,2594,Parc de la Maquinista,H4,Bus,POINT (2.196137995389134 41.43677899778014)
B-60-2595,2595,Ctra de Ribes - Ronda de Dalt,60,Bus,POINT (2.1890650048404083 41.44610600403667)
B-126-2595,2595,Ctra de Ribes - Ronda de Dalt,126,Bus,POINT (2.1890650048404083 41.44610600403667)
B-127-2595,2595,Ctra de Ribes - Ronda de Dalt,127,Bus,POINT (2.1890650048404083 41.44610600403667)
B-133-2597,2597,Ferran Junoy - Palomar,133,Bus,POINT (2.196968898920503 41.44297654923058)
B-60-2599,2599,Fra Juníper Serra - Formiga,60,Bus,POINT (2.201895994093011 41.434113999590664)
B-60-2600,2600,Fra Juníper Serra,60,Bus,POINT (2.203279001924664 41.43323700077337)
B-60-2601,2601,Fra Juníper Serra - Santander,60,Bus,POINT (2.204853999112376 41.43271999795935)
B-L22-2603,2603,CAP Ramona Via,L22,Bus,POINT (2.101586391185033 41.328550929761015)
B-62-2604,2604,Av Rasos de Peguera - Complex Esportiu Can Cuiàs,62,Bus,POINT (2.1684669971889936 41.45985900025006)
B-76-2604,2604,Av Rasos de Peguera - Complex Esportiu Can Cuiàs,76,Bus,POINT (2.1684669971889936 41.45985900025006)
B-183-2604,2604,Av Rasos de Peguera - Complex Esportiu Can Cuiàs,183,Bus,POINT (2.1684669971889936 41.45985900025006)
B-62-2605,2605,Perafita,62,Bus,POINT (2.1689099974438255 41.45952200136692)
B-76-2605,2605,Perafita,76,Bus,POINT (2.1689099974438255 41.45952200136692)
B-183-2605,2605,Perafita,183,Bus,POINT (2.1689099974438255 41.45952200136692)
B-125-2606,2606,Alumini - Alts Forns,125,Bus,POINT (2.135189996152319 41.35608600066233)
B-116-2607,2607,Larrard - Rambla Mercedes,116,Bus,POINT (2.1538600039850686 41.412381995862006)
B-62-2610,2610,Les Agudes 140,62,Bus,POINT (2.17196699920366 41.460483996907975)
B-76-2610,2610,Les Agudes 140,76,Bus,POINT (2.17196699920366 41.460483996907975)
B-183-2610,2610,Les Agudes 140,183,Bus,POINT (2.17196699920366 41.460483996907975)
B-122-2616,2616,Mercat Mare de Déu de la Mercè,122,Bus,POINT (2.1727300037216652 41.43039599673778)
B-V27-2616,2616,Mercat Mare de Déu de la Mercè,V27,Bus,POINT (2.1727300037216652 41.43039599673778)
B-D20-2617,2617,Les Drassanes,D20,Bus,POINT (2.1767469945723765 41.374786004065996)
B-H14-2617,2617,Les Drassanes,H14,Bus,POINT (2.1767469945723765 41.374786004065996)
B-D20-2618,2618,Les Drassanes,D20,Bus,POINT (2.1771429948969523 41.37479899699921)
B-H14-2618,2618,Les Drassanes,H14,Bus,POINT (2.1771429948969523 41.37479899699921)
B-133-2619,2619,Ctra de Ribes - Via Favència,133,Bus,POINT (2.1896269992904536 41.44795500013197)
B-V31-2620,2620,Ctra de Ribes - Tossal,V31,Bus,POINT (2.189624000663808 41.448119004173854)
B-102-2622,2622,Camí de l'Església - Rembrandt,102,Bus,POINT (2.1533979956139424 41.43413600338353)
B-V25-2622,2622,Camí de l'Església - Rembrandt,V25,Bus,POINT (2.1533979956139424 41.43413600338353)
B-76-2623,2623,Petúnies - Circumval·lació,76,Bus,POINT (2.1714899999322816 41.463139995993984)
B-70-2625,2625,Ganduxer - Via Augusta,70,Bus,POINT (2.1349040055274062 41.39846800345323)
B-V15-2626,2626,Pg Joan de Borbó - Pl del Mar,V15,Bus,POINT (2.18824900564573 41.374129001398856)
B-V19-2626,2626,Pg Joan de Borbó - Pl del Mar,V19,Bus,POINT (2.18824900564573 41.374129001398856)
B-128-2627,2627,Lilà - Júpiter,128,Bus,POINT (2.1006890034660097 41.42936700175198)
B-128-2628,2628,Lilà - Menta,128,Bus,POINT (2.100864000960865 41.42946600109553)
B-111-2629,2629,Ctra de Vallvidrera - St Cugat,111,Bus,POINT (2.1205420028113005 41.42586699694859)
B-V31-2630,2630,Tossal - Pl Josep Andreu i Abelló,V31,Bus,POINT (2.190692005084623 41.44872700271488)
B-133-2630,2630,Tossal - Pl Josep Andreu i Abelló,133,Bus,POINT (2.190692005084623 41.44872700271488)
B-157-2631,2631,Av Barcelona - John F Kennedy,157,Bus,POINT (2.0760239976091466 41.37059200013774)
B-78-2635,2635,Av Baix Llobregat - Av Barcelona,78,Bus,POINT (2.0761870026162703 41.371825004309116)
B-78-2636,2636,Av Baix Llobregat - Àngel Guimerà,78,Bus,POINT (2.07708900442241 41.371495001272166)
B-78-2637,2637,Av Baix Llobregat - Cirerers,78,Bus,POINT (2.0791400041747354 41.36952199856789)
B-78-2638,2638,Av Baix Llobregat - Enric Granados,78,Bus,POINT (2.0786880043239777 41.370180000101236)
B-62-2648,2648,Meridiana - Riera d'Horta,62,Bus,POINT (2.184636999627871 41.427666003857404)
B-96-2648,2648,Meridiana - Riera d'Horta,96,Bus,POINT (2.184636999627871 41.427666003857404)
B-124-2655,2655,Collserola - Josep Garí,124,Bus,POINT (2.136103004702666 41.416248002172956)
B-119-2656,2656,Vall Park,119,Bus,POINT (2.1351580051793153 41.42478199983297)
B-B21-2660,2660,Argentina - Bernat Metge,B21,Bus,POINT (2.2126289977294986 41.42129399608898)
B-B25-2660,2660,Argentina - Bernat Metge,B25,Bus,POINT (2.2126289977294986 41.42129399608898)
B-V33-2660,2660,Argentina - Bernat Metge,V33,Bus,POINT (2.2126289977294986 41.42129399608898)
B-125-2662,2662,Segura - Jocs del 92,125,Bus,POINT (2.1454849958191535 41.36319899740727)
B-117-2665,2665,Indústria - Freser,117,Bus,POINT (2.181779996155928 41.415182996154975)
B-192-2665,2665,Indústria - Freser,192,Bus,POINT (2.181779996155928 41.415182996154975)
B-H8-2665,2665,Indústria - Freser,H8,Bus,POINT (2.181779996155928 41.415182996154975)
B-78-2667,2667,Av Barcelona - Major,78,Bus,POINT (2.0583319945823395 41.36339399894502)
B-117-2668,2668,Sant Antoni Maria Claret - Pg Maragall,117,Bus,POINT (2.1808649979521983 41.41615900201939)
B-192-2668,2668,Sant Antoni Maria Claret - Pg Maragall,192,Bus,POINT (2.1808649979521983 41.41615900201939)
B-117-2669,2669,Villar - Pg Maragall,117,Bus,POINT (2.18007600062185 41.41636700293443)
B-117-2670,2670,Rambla Volart - Trobador,117,Bus,POINT (2.178561999791634 41.416212002619595)
B-185-2672,2672,Torrent de Cal Notari,185,Bus,POINT (2.15096660513343 41.440109285620366)
B-185-2674,2674,Mestre Dalmau - Feliu i Codina,185,Bus,POINT (2.1616939988367725 41.43378999791884)
B-185-2675,2675,Congrés - Doctor Letamendi,185,Bus,POINT (2.1608950013116197 41.43696300436058)
B-185-2678,2678,Pg Universal - Doctor Letamendi,185,Bus,POINT (2.161452000129008 41.437635002840494)
B-B23-2680,2680,Llull - Rbla. Prim,B23,Bus,POINT (2.2185640127507344 41.41321328755659)
B-B20-2680,2680,Llull - Rbla. Prim,B20,Bus,POINT (2.2185640127507344 41.41321328755659)
B-68-2681,2681,Pg Reina Elisenda - Av J V Foix,68,Bus,POINT (2.1184569943821674 41.39848599782264)
B-H4-2681,2681,Pg Reina Elisenda - Av J V Foix,H4,Bus,POINT (2.1184569943821674 41.39848599782264)
B-33-2683,2683,Rambla Prim - Metro La Pau,33,Bus,POINT (2.2046130053260398 41.42278699702624)
B-V31-2683,2683,Rambla Prim - Metro La Pau,V31,Bus,POINT (2.2046130053260398 41.42278699702624)
B-136-2683,2683,Rambla Prim - Metro La Pau,136,Bus,POINT (2.2046130053260398 41.42278699702624)
B-H8-2685,2685,Cardenal Reig - Av St Ramon Nonat,H8,Bus,POINT (2.117485997246693 41.37854899882837)
B-B23-2689,2689,Diagonal Mar,B23,Bus,POINT (2.218309004731729 41.41028300072723)
B-H16-2689,2689,Diagonal Mar,H16,Bus,POINT (2.218309004731729 41.41028300072723)
B-54-2690,2690,Av Madrid - Joan Güell,54,Bus,POINT (2.1315840020943826 41.38069400236548)
B-107-2691,2691,Via Nostra - Sra de la Mercé,107,Bus,POINT (2.1549066798025134 41.3586882510775)
B-107-2692,2692,Via Sant Salvador,107,Bus,POINT (2.157071244119706 41.35872045900897)
B-107-2693,2693,Via Sant Salvador - Via Sant Lluís,107,Bus,POINT (2.155153439023006 41.3584164666923)
B-107-2694,2694,Via Sant Lluís,107,Bus,POINT (2.1536513886074102 41.35798563000304)
B-115-2695,2695,Dolors Batlle i Sunyer - Numància,115,Bus,POINT (2.1402069949208373 41.38157500017074)
B-63-2697,2697,Pl Santa Magdalena,63,Bus,POINT (2.088289943941186 41.37744610642233)
B-157-2697,2697,Pl Santa Magdalena,157,Bus,POINT (2.088289943941186 41.37744610642233)
B-EP2-2697,2697,Pl Santa Magdalena,EP2,Bus,POINT (2.088289943941186 41.37744610642233)
B-V27-2698,2698,Espronceda - Marroc,V27,Bus,POINT (2.200099994118997 41.40867899621644)
B-V27-2699,2699,Espronceda - Pere IV,V27,Bus,POINT (2.202841996980322 41.40659500359305)
B-V27-2700,2700,Espronceda - Jardins Josep Trueta,V27,Bus,POINT (2.2057759997503377 41.40438400331705)
B-126-2701,2701,Palomar - Gran de Sant Andreu,126,Bus,POINT (2.188647999854164 41.441963997105155)
B-127-2701,2701,Palomar - Gran de Sant Andreu,127,Bus,POINT (2.188647999854164 41.441963997105155)
B-133-2701,2701,Palomar - Gran de Sant Andreu,133,Bus,POINT (2.188647999854164 41.441963997105155)
B-118-2704,2704,Pg de Solé i Pla - Pollancres,118,Bus,POINT (2.088844996240734 41.427195999225276)
B-V1-2709,2709,Pablo Iglesias - Av Joan Carles I,V1,Bus,POINT (2.131051999013198 41.3490659958806)
B-125-2712,2712,Foc - Metal·lúrgia,125,Bus,POINT (2.1344240044940976 41.35325899601704)
B-33-2716,2716,Av de l'Exèrcit - Trias i Giró,33,Bus,POINT (2.1115249951727293 41.38606700374023)
B-97-2717,2717,Camp Municipal de futbol Vallbona,97,Bus,POINT (2.185423998838491 41.463996001224935)
B-183-2717,2717,Camp Municipal de futbol Vallbona,183,Bus,POINT (2.185423998838491 41.463996001224935)
B-97-2718,2718,Pl Primer de Maig,97,Bus,POINT (2.1860019998015994 41.466134998786735)
B-V23-2723,2723,Badajoz - Pujades,V23,Bus,POINT (2.1954300005691194 41.39869800061726)
B-116-2724,2724,Larrard - Mare de Déu de la Salut,116,Bus,POINT (2.155676996038325 41.410952996517096)
B-185-2725,2725,Coll i Alentorn - Basses d'Horta,185,Bus,POINT (2.1432610042798808 41.424381996371466)
B-V17-2725,2725,Coll i Alentorn - Basses d'Horta,V17,Bus,POINT (2.1432610042798808 41.424381996371466)
B-M19-2725,2725,Coll i Alentorn - Basses d'Horta,M19,Bus,POINT (2.1432610042798808 41.424381996371466)
B-27-2728,2728,Pl Karl Marx - Ronda Guineueta Vella,27,Bus,POINT (2.1632259983491178 41.440523001479185)
B-192-2733,2733,Hospital de Sant Pau,192,Bus,POINT (2.173206999576015 41.41491900297876)
B-192-2734,2734,Sant Quintí - Hospital de St Pau,192,Bus,POINT (2.17579400052723 41.41512300173999)
B-V23-2734,2734,Sant Quintí - Hospital de St Pau,V23,Bus,POINT (2.17579400052723 41.41512300173999)
B-191-2734,2734,Sant Quintí - Hospital de St Pau,191,Bus,POINT (2.17579400052723 41.41512300173999)
B-192-2735,2735,Sant Quintí - Sant Antoni Maria Claret,192,Bus,POINT (2.1774229996618297 41.41389299829648)
B-191-2735,2735,Sant Quintí - Sant Antoni Maria Claret,191,Bus,POINT (2.1774229996618297 41.41389299829648)
B-192-2736,2736,Navas de Tolosa - Indústria,192,Bus,POINT (2.1850219942068714 41.416606002151944)
B-H8-2736,2736,Navas de Tolosa - Indústria,H8,Bus,POINT (2.1850219942068714 41.416606002151944)
B-V25-2736,2736,Navas de Tolosa - Indústria,V25,Bus,POINT (2.1850219942068714 41.416606002151944)
B-192-2737,2737,Navas de Tolosa - Meridiana,192,Bus,POINT (2.1875419955504327 41.4147109987198)
B-192-2738,2738,Navas de Tolosa - Clot,192,Bus,POINT (2.189308000227004 41.4133899986282)
B-192-2740,2740,Bilbao - Pere IV,192,Bus,POINT (2.200198004055982 41.40521700069442)
B-6-2741,2741,Pujades - Llacuna,6,Bus,POINT (2.1990129967233827 41.400473003633536)
B-B25-2741,2741,Pujades - Llacuna,B25,Bus,POINT (2.1990129967233827 41.400473003633536)
B-B20-2741,2741,Pujades - Llacuna,B20,Bus,POINT (2.1990129967233827 41.400473003633536)
B-136-2741,2741,Pujades - Llacuna,136,Bus,POINT (2.1990129967233827 41.400473003633536)
B-192-2747,2747,Fundació Puigvert,192,Bus,POINT (2.17228700379223 41.412801000824594)
B-V23-2747,2747,Fundació Puigvert,V23,Bus,POINT (2.17228700379223 41.412801000824594)
B-191-2747,2747,Fundació Puigvert,191,Bus,POINT (2.17228700379223 41.412801000824594)
B-B20-2750,2750,St. Ramon de Penyafort - Manuel Fernández Márquez,B20,Bus,POINT (2.219691999608719 41.41501199578048)
B-V33-2750,2750,St. Ramon de Penyafort - Manuel Fernández Márquez,V33,Bus,POINT (2.219691999608719 41.41501199578048)
B-132-2752,2752,CEIP Mercè Rodoreda,132,Bus,POINT (2.1864729973240578 41.44594799751126)
B-132-2753,2753,Av Rio de Janeiro - Tissó,132,Bus,POINT (2.184615994923091 41.44187300445861)
B-117-2758,2758,Ronda Guinardó - Torre dels Pardals,117,Bus,POINT (2.1773260049171306 41.422174002596094)
B-H6-2758,2758,Ronda Guinardó - Torre dels Pardals,H6,Bus,POINT (2.1773260049171306 41.422174002596094)
B-D40-2758,2758,Ronda Guinardó - Torre dels Pardals,D40,Bus,POINT (2.1773260049171306 41.422174002596094)
B-117-2759,2759,Oblit - Doctor Valls,117,Bus,POINT (2.178836994718279 41.42020400269762)
B-117-2760,2760,Oblit - direcció Dos de Maig,117,Bus,POINT (2.176989001251453 41.418875996337555)
B-124-2761,2761,Carles Pirozzini - Collserola,124,Bus,POINT (2.134612004874058 41.41657699926856)
B-124-2762,2762,Enginyeria - Marquès de Lamadrid,124,Bus,POINT (2.132658001968659 41.41772100367243)
B-124-2763,2763,Enginyeria - Collserola,124,Bus,POINT (2.131262998203341 41.4179130019308)
B-124-2764,2764,Collserola - August Font,124,Bus,POINT (2.130838000324136 41.4182349969919)
B-124-2765,2765,Collserola - Salvador Alarma,124,Bus,POINT (2.132134999585794 41.41853899859836)
B-192-2772,2772,Bilbao - Pujades,192,Bus,POINT (2.202486001447255 41.40353499728435)
B-119-2773,2773,Mare de Déu del Coll - Lorda,119,Bus,POINT (2.1495260000229797 41.42100600125551)
B-23-2775,2775,Pl Espanya,23,Bus,POINT (2.1502211002998233 41.37377562035529)
B-24-2776,2776,Trav de Dalt - Riera de Can Toda,24,Bus,POINT (2.1592270044919517 41.41239300449401)
B-D40-2776,2776,Trav de Dalt - Riera de Can Toda,D40,Bus,POINT (2.1592270044919517 41.41239300449401)
B-24-2777,2777,CAP Larrard,24,Bus,POINT (2.1563714598859254 41.41058807023917)
B-H6-2777,2777,CAP Larrard,H6,Bus,POINT (2.1563714598859254 41.41058807023917)
B-D40-2777,2777,CAP Larrard,D40,Bus,POINT (2.1563714598859254 41.41058807023917)
B-117-2778,2778,Maurici Vilomara - Montserrat de Casanovas,117,Bus,POINT (2.162911999228245 41.423198995757716)
B-117-2779,2779,Maurici Vilomara - direcció El Carmel,117,Bus,POINT (2.163674996037635 41.422910001129516)
B-117-2780,2780,Maurici Vilomara - Penyal,117,Bus,POINT (2.1641694694946274 41.42191185935614)
B-117-2781,2781,Penyal - Pl Font d'en Fargas,117,Bus,POINT (2.1636409984522507 41.422314000950344)
B-117-2782,2782,Penyal - Doctor Bové,117,Bus,POINT (2.1635969963162673 41.421469997744666)
B-117-2783,2783,Penyal - Font de la Mulassa,117,Bus,POINT (2.163592002774824 41.42170900130581)
B-117-2784,2784,Penyal,117,Bus,POINT (2.163565997139075 41.422263995752196)
B-117-2785,2785,Pl de la Font d'en Fargas,117,Bus,POINT (2.1642790055618937 41.42184999743403)
B-117-2786,2786,Maurici Vilomara - Doctor Coll,117,Bus,POINT (2.1640699946421202 41.422767995983094)
B-185-2789,2789,Dr Letamendi - Canigó,185,Bus,POINT (2.1599129974676385 41.43544100343048)
B-185-2790,2790,Eduard Toda - Rectoria,185,Bus,POINT (2.159906996499583 41.433789995890294)
B-191-2791,2791,Concepció Arenal - Olesa,191,Bus,POINT (2.1838590002010947 41.42199600397223)
B-127-2792,2792,Mercat Mare de Déu de Montserrat,127,Bus,POINT (2.1790700002905288 41.44621299833503)
B-127-2793,2793,Pla de Fornells - Jaume Pinent,127,Bus,POINT (2.176683994478673 41.446390002165494)
B-127-2794,2794,Romaní - Les Torres,127,Bus,POINT (2.1751610039122906 41.44657000421148)
B-127-2798,2798,Rodrigo Caro - Artesania,127,Bus,POINT (2.1714529992982077 41.44708999912291)
B-127-2799,2799,Quarter de Simancas - Almansa,127,Bus,POINT (2.173301004953106 41.44538100376602)
B-22-2800,2800,Av República Argentina - Vallcarca,22,Bus,POINT (2.1445660012852867 41.41141499869585)
B-87-2800,2800,Av República Argentina - Vallcarca,87,Bus,POINT (2.1445660012852867 41.41141499869585)
B-V17-2800,2800,Av República Argentina - Vallcarca,V17,Bus,POINT (2.1445660012852867 41.41141499869585)
B-V31-2801,2801,Via Barcino - Vicenç Montal,V31,Bus,POINT (2.1936390032518025 41.453973000774454)
B-133-2801,2801,Via Barcino - Vicenç Montal,133,Bus,POINT (2.1936390032518025 41.453973000774454)
B-102-2804,2804,"Pl del Complex Funerari, direcció Recinte",102,Bus,POINT (2.155865005224125 41.47001599615231)
B-102-2805,2805,"Pl del Complex Funerari, direcció Barcelona",102,Bus,POINT (2.156016998414033 41.470211004343966)
B-104-2805,2805,"Pl del Complex Funerari, direcció Barcelona",104,Bus,POINT (2.156016998414033 41.470211004343966)
B-96-2806,2806,Pg Sant Jordi - Pau Casals,96,Bus,POINT (2.1789809970556853 41.49401799962759)
B-21-2808,2808,Zona Franca - Carrer número 4,21,Bus,POINT (2.1284709943186524 41.33128899937257)
B-21-2809,2809,Carrer número 4,21,Bus,POINT (2.125813996761202 41.332217995573984)
B-21-2810,2810,Carrer número 4 - Carrer F,21,Bus,POINT (2.1223729967372247 41.33342599916549)
B-21-2811,2811,Zona Franca - Mercabarna,21,Bus,POINT (2.1184649987290918 41.334796999447846)
B-21-2812,2812,Carrer K - Carrer número 40,21,Bus,POINT (2.111456998136934 41.3338290011519)
B-21-2813,2813,Carrer K - Carrer número 6,21,Bus,POINT (2.111918005224681 41.328856998082664)
B-21-2819,2819,Av. Remolar - Av. Apel·les Mestres,21,Bus,POINT (2.087029999096971 41.32644900370016)
B-L22-2819,2819,Av. Remolar - Av. Apel·les Mestres,L22,Bus,POINT (2.087029999096971 41.32644900370016)
B-21-2821,2821,Av. Remolar - Av. Apel·les Mestres,21,Bus,POINT (2.0869119988988407 41.32608699882264)
B-L22-2821,2821,Av. Remolar - Av. Apel·les Mestres,L22,Bus,POINT (2.0869119988988407 41.32608699882264)
B-L22-2824,2824,Metro Les Moreres,L22,Bus,POINT (2.1021344176806864 41.32845791459847)
B-21-2827,2827,Mercabarna - Entrada El Prat,21,Bus,POINT (2.1123039996402975 41.32867799567405)
B-21-2828,2828,Carrer K,21,Bus,POINT (2.1115921305452487 41.33343015035233)
B-191-2831,2831,Concepció Arenal - Juan de Garay,191,Bus,POINT (2.183851995366205 41.42055700318619)
B-191-2832,2832,Juan de Garay - Navas de Tolosa,191,Bus,POINT (2.181792997099405 41.41854899940731)
B-19-2833,2833,Pg de Gràcia - Ronda de Sant Pere,19,Bus,POINT (2.169210004625516 41.38880400239837)
B-91-2835,2835,Moianès - Cuyàs,91,Bus,POINT (2.1423469977681875 41.3712539959063)
B-115-2835,2835,Moianès - Cuyàs,115,Bus,POINT (2.1423469977681875 41.3712539959063)
B-V5-2835,2835,Moianès - Cuyàs,V5,Bus,POINT (2.1423469977681875 41.3712539959063)
B-91-2836,2836,Magòria,91,Bus,POINT (2.141705005389639 41.369643995661136)
B-115-2836,2836,Magòria,115,Bus,POINT (2.141705005389639 41.369643995661136)
B-123-2838,2838,Metro Penitens,123,Bus,POINT (2.140863779873328 41.417340949961655)
B-129-2840,2840,Esteve Terradas,129,Bus,POINT (2.140948999238824 41.41329700038749)
B-129-2841,2841,Gustavo Bécquer - Av Vallcarca,129,Bus,POINT (2.142614997010668 41.41576999585177)
B-129-2842,2842,Baró de la Barre - Gustavo Bécquer,129,Bus,POINT (2.1443950028736642 41.41436800408526)
B-114-2843,2843,Tirso - Mora la Nova,114,Bus,POINT (2.150975999610105 41.419009003495475)
B-129-2843,2843,Tirso - Mora la Nova,129,Bus,POINT (2.150975999610105 41.419009003495475)
B-129-2844,2844,Tirso - Pl Laguna Lanau,129,Bus,POINT (2.150112000346483 41.41776399976865)
B-129-2848,2848,Sant Eudald - Mora d'Ebre,129,Bus,POINT (2.1471750011935247 41.41479699804227)
B-129-2849,2849,Sant Eudald - Pl Mons,129,Bus,POINT (2.145277001639695 41.41365699848671)
B-129-2852,2852,Montornès - Capellades,129,Bus,POINT (2.142685995962375 41.418219003905136)
B-130-2855,2855,Gaspar Cassadó - Can Caralleu,130,Bus,POINT (2.1132849981274155 41.4006070040557)
B-130-2856,2856,Esports - Ronda de Dalt,130,Bus,POINT (2.112178994149351 41.400857998304254)
B-V3-2856,2856,Esports - Ronda de Dalt,V3,Bus,POINT (2.112178994149351 41.400857998304254)
B-130-2858,2858,Major de Can Caralleu - Ptge Blada,130,Bus,POINT (2.1102930006305995 41.40217400431983)
B-130-2859,2859,CEIP Costa i Llobera,130,Bus,POINT (2.1091059956338625 41.40199900076687)
B-130-2861,2861,Pins de Can Caralleu - Lliçà,130,Bus,POINT (2.1084799972871524 41.403156998030155)
B-130-2862,2862,Pins de Can Caralleu,130,Bus,POINT (2.108572999108336 41.40384599720718)
B-130-2863,2863,Pl de Mossèn Miquel Vall i Mundó,130,Bus,POINT (2.109770005515726 41.403152998004146)
B-130-2864,2864,Torrent de Can Caralleu - Major de Can Caralleu,130,Bus,POINT (2.11200599977478 41.40180599673191)
B-130-2866,2866,Ramon Miquel Planas - Duquesa d'Orleans,130,Bus,POINT (2.118133004469612 41.3998749990444)
B-130-2869,2869,Pedró de la Creu - Gresolet,130,Bus,POINT (2.122015005367257 41.397629002186605)
B-130-2870,2870,Av J V Foix - Mendel,130,Bus,POINT (2.1201839995193135 41.39717799967077)
B-131-2872,2872,Saragossa - Ronda General Mitre,131,Bus,POINT (2.1437060797767096 41.405680459711974)
B-131-2876,2876,Lucà - Craywinckel,131,Bus,POINT (2.1389150020842536 41.41104799832879)
B-123-2878,2878,Craywinckel - Hurtado,123,Bus,POINT (2.1389289951154837 41.411747001217215)
B-124-2878,2878,Craywinckel - Hurtado,124,Bus,POINT (2.1389289951154837 41.411747001217215)
B-131-2878,2878,Craywinckel - Hurtado,131,Bus,POINT (2.1389289951154837 41.411747001217215)
B-V17-2878,2878,Craywinckel - Hurtado,V17,Bus,POINT (2.1389289951154837 41.411747001217215)
B-H4-2878,2878,Craywinckel - Hurtado,H4,Bus,POINT (2.1389289951154837 41.411747001217215)
B-V19-2878,2878,Craywinckel - Hurtado,V19,Bus,POINT (2.1389289951154837 41.411747001217215)
B-131-2880,2880,Marmellà - Hurtado,131,Bus,POINT (2.1413190014415866 41.4098490027571)
B-131-2882,2882,Caire - República Argentina,131,Bus,POINT (2.141049997579345 41.411446000139186)
B-131-2883,2883,Portolà - Ferran Puig,131,Bus,POINT (2.1426829953846376 41.41078899749377)
B-131-2884,2884,Ferran Puig - Jardins Turó del Putxet,131,Bus,POINT (2.143976996508037 41.410053003408194)
B-131-2885,2885,Ferran Puig - Agramunt,131,Bus,POINT (2.1451689983056075 41.40892699702553)
B-131-2886,2886,Ferran Puig - Ballester,131,Bus,POINT (2.1465379955687216 41.40762899630837)
B-131-2888,2888,Putxet - Cadis,131,Bus,POINT (2.1439740039842046 41.40645200156127)
B-V17-2890,2890,Pg. Vall d'Hebron - Trueba,V17,Bus,POINT (2.141803903690679 41.42341283038483)
B-V17-2891,2891,Av Martí Codolar - Coll i Alentorn,V17,Bus,POINT (2.1478400053374784 41.42470899913175)
B-196-2894,2894,Bellesguard - Josep Canaleta,196,Bus,POINT (2.1250889499547454 41.41114367967564)
B-196-2895,2895,Carles Riba - Josep Maria Lledó,196,Bus,POINT (2.1236769989412045 41.41165899827316)
B-V29-2899,2899,Josep Pla-Pallars,V29,Bus,POINT (2.212756003274584 41.41122200075695)
B-V29-2901,2901,Josep Pla - Cristóbal de Moura,V29,Bus,POINT (2.2093369942058443 41.413805996691835)
B-V29-2902,2902,Josep Pla - Perú,V29,Bus,POINT (2.206079001796303 41.41632800226791)
B-V29-2903,2903,Selva de Mar - Perú,V29,Bus,POINT (2.2018439998365804 41.414205002294445)
B-V29-2904,2904,Selva de Mar - Pere IV,V29,Bus,POINT (2.2057990034158537 41.41121100115436)
B-B25-2905,2905,Selva de Mar - Veneçuela,B25,Bus,POINT (2.20777760778681 41.40972129653807)
B-V29-2906,2906,Selva de Mar - Llull,V29,Bus,POINT (2.2098020038353825 41.40812699943711)
B-H16-2907,2907,Pg Taulat - Bac de Roda,H16,Bus,POINT (2.2095379967696718 41.402624003163)
B-19-2911,2911,Av Jordà - Hospital St Rafael,19,Bus,POINT (2.1414089997691654 41.42510899791421)
B-76-2911,2911,Av Jordà - Hospital St Rafael,76,Bus,POINT (2.1414089997691654 41.42510899791421)
B-112-2912,2912,Judea - Av Jordà,112,Bus,POINT (2.140800995136717 41.4250390016192)
B-115-2916,2916,Rambla de Badal - Constitució,115,Bus,POINT (2.1329780058712284 41.36824799830166)
B-V3-2916,2916,Rambla de Badal - Constitució,V3,Bus,POINT (2.1329780058712284 41.36824799830166)
B-120-2920,2920,Francesc Cambó - Freixures,120,Bus,POINT (2.1775000045421717 41.38605399962282)
B-120-2923,2923,Placeta del Comerç,120,Bus,POINT (2.1809610058248277 41.38961600061586)
B-120-2925,2925,Pl Pons Clerch,120,Bus,POINT (2.1818579967457854 41.3864960004768)
B-120-2926,2926,Princesa - Montcada,120,Bus,POINT (2.1802939992920556 41.385258000728015)
B-120-2927,2927,Ample - Fusteria,120,Bus,POINT (2.1805700042792826 41.38125499813134)
B-120-2928,2928,Pl de la Mercè,120,Bus,POINT (2.179321005851461 41.37950799604409)
B-120-2929,2929,Pl del Duc de Medinaceli,120,Bus,POINT (2.178538002044204 41.37835000407006)
B-120-2930,2930,Torres i Amat - Ptge St Bernat,120,Bus,POINT (2.1646740038784062 41.384417003501575)
B-111-2931,2931,Mont d'Orsà - Pl Vallvidrera,111,Bus,POINT (2.104229005099053 41.412948001079506)
B-196-2933,2933,Ronda de Dalt - Císter,196,Bus,POINT (2.130778679119716 41.413615839418746)
B-H2-2933,2933,Ronda de Dalt - Císter,H2,Bus,POINT (2.130778679119716 41.413615839418746)
B-H10-2946,2946,Espronceda - Guipúscoa,H10,Bus,POINT (2.192836004300857 41.41414900340332)
B-V27-2946,2946,Espronceda - Guipúscoa,V27,Bus,POINT (2.192836004300857 41.41414900340332)
B-V27-2947,2947,Espronceda - Gran Via,V27,Bus,POINT (2.1963620042462635 41.41149999676195)
B-H12-2949,2949,Gran Via - St Martí Provençals,H12,Bus,POINT (2.203736994598557 41.41580600230182)
B-122-2950,2950,Beret - Teide,122,Bus,POINT (2.1676700001117255 41.43214100007452)
B-122-2951,2951,Cadi - Pg de la Peira,122,Bus,POINT (2.1691799981509656 41.431762000879544)
B-130-2953,2953,Capella de Can Caralleu - Saüc,130,Bus,POINT (2.1073699978847196 41.40232300137831)
B-130-2954,2954,Camí de Lliçà,130,Bus,POINT (2.106684996832138 41.40236300149731)
B-102-2955,2955,Agrupacions números 5 i 6,102,Bus,POINT (2.158233998547452 41.458958998523116)
B-102-2956,2956,Agrupacions números 3 i 4,102,Bus,POINT (2.1578430049934307 41.45675199918758)
B-102-2957,2957,Agrupació número 11,102,Bus,POINT (2.1603869962494486 41.45496799876125)
B-102-2958,2958,Agrupacions números 7 i 8,102,Bus,POINT (2.1585519978820042 41.45747299674033)
B-102-2959,2959,Agrupació número 8,102,Bus,POINT (2.1594069997980747 41.458932997017534)
B-102-2960,2960,Agrupacions números 8 i 9,102,Bus,POINT (2.1617570049143358 41.45793300359474)
B-102-2961,2961,Agrupació número 10,102,Bus,POINT (2.160634996482796 41.45789099902731)
B-102-2962,2962,Agrupacions números 9 i 10,102,Bus,POINT (2.1623120052084355 41.45688300065827)
B-102-2963,2963,Agrupació número 9,102,Bus,POINT (2.163896999071397 41.457551000626765)
B-65-2965,2965,Av. Granvia - Centre Comercial,65,Bus,POINT (2.128409359571893 41.359737819807776)
B-H12-2965,2965,Av. Granvia - Centre Comercial,H12,Bus,POINT (2.128409359571893 41.359737819807776)
B-65-2966,2966,Amadeu Torner,65,Bus,POINT (2.1241570041366247 41.35653499557682)
B-LH1-2966,2966,Amadeu Torner,LH1,Bus,POINT (2.1241570041366247 41.35653499557682)
B-H12-2966,2966,Amadeu Torner,H12,Bus,POINT (2.1241570041366247 41.35653499557682)
B-65-2968,2968,Amadeu Torner,65,Bus,POINT (2.1238529968057986 41.35549700294883)
B-LH2-2968,2968,Amadeu Torner,LH2,Bus,POINT (2.1238529968057986 41.35549700294883)
B-H12-2968,2968,Amadeu Torner,H12,Bus,POINT (2.1238529968057986 41.35549700294883)
B-65-2970,2970,Av. Granvia - Centre Comercial,65,Bus,POINT (2.128854996867078 41.35930300344982)
B-H12-2970,2970,Av. Granvia - Centre Comercial,H12,Bus,POINT (2.128854996867078 41.35930300344982)
B-102-2974,2974,Tanatori de la Vall d'Hebron,102,Bus,POINT (2.154804004834869 41.44047799705732)
B-V25-2974,2974,Tanatori de la Vall d'Hebron,V25,Bus,POINT (2.154804004834869 41.44047799705732)
B-119-2976,2976,Fastenrath - Arenys,119,Bus,POINT (2.1428980041352075 41.421869997836225)
B-127-2977,2977,Llobera,127,Bus,POINT (2.1778800011649215 41.449991002823204)
B-127-2978,2978,Rodrigo Caro - Llobera,127,Bus,POINT (2.1744974252036746 41.449110954215136)
B-127-2979,2979,Rodrigo Caro - Fornells,127,Bus,POINT (2.1734360020277754 41.44825699816062)
B-127-2980,2980,Rodrigo Caro - Ojeda,127,Bus,POINT (2.1731779965315603 41.447733001996575)
B-54-2984,2984,Cardenal Reig - Pisuerga,54,Bus,POINT (2.1147770019703604 41.37717200172379)
B-D20-2984,2984,Cardenal Reig - Pisuerga,D20,Bus,POINT (2.1147770019703604 41.37717200172379)
B-H8-2984,2984,Cardenal Reig - Pisuerga,H8,Bus,POINT (2.1147770019703604 41.37717200172379)
B-76-2985,2985,Aiguablava - Tamariu,76,Bus,POINT (2.1840569969920525 41.45011499552124)
B-127-2985,2985,Aiguablava - Tamariu,127,Bus,POINT (2.1840569969920525 41.45011499552124)
B-H2-2985,2985,Aiguablava - Tamariu,H2,Bus,POINT (2.1840569969920525 41.45011499552124)
B-D50-2985,2985,Aiguablava - Tamariu,D50,Bus,POINT (2.1840569969920525 41.45011499552124)
B-119-2987,2987,Fastenrath - Llobregós,119,Bus,POINT (2.151499997987729 41.42163600209554)
B-21-2989,2989,Mare de Déu de Port - Can Tunis,21,Bus,POINT (2.1582890012093245 41.3520860043871)
B-121-2990,2990,Ricart - Paral·lel,121,Bus,POINT (2.1582640030540374 41.374355001579076)
B-113-2992,2992,Pl Pius XII - Av Pedralbes,113,Bus,POINT (2.1225209953563944 41.38779600074634)
B-H10-2996,2996,Av Marquès de Montroig - Pl Pres. Tarradellas,H10,Bus,POINT (2.2341109953308766 41.44086700353948)
B-B25-2997,2997,Pavelló Olímpic,B25,Bus,POINT (2.23121800445035 41.44106100294752)
B-H10-2997,2997,Pavelló Olímpic,H10,Bus,POINT (2.23121800445035 41.44106100294752)
B-B25-2998,2998,La Salut / Congrés,B25,Bus,POINT (2.228244003988132 41.439489998783415)
B-H10-2998,2998,La Salut / Congrés,H10,Bus,POINT (2.228244003988132 41.439489998783415)
B-13-2999,2999,Foc - Sot del Migdia,13,Bus,POINT (2.1504249994724867 41.359969997180016)
B-125-2999,2999,Foc - Sot del Migdia,125,Bus,POINT (2.1504249994724867 41.359969997180016)
B-13-3000,3000,Palau Sant Jordi,13,Bus,POINT (2.152953998835104 41.3615850024581)
B-125-3000,3000,Palau Sant Jordi,125,Bus,POINT (2.152953998835104 41.3615850024581)
B-21-3001,3001,Estació RENFE - Andana 2,21,Bus,POINT (2.090551996737513 41.3310220026229)
B-13-3002,3002,Pedrera del Mussol - Marbre,13,Bus,POINT (2.147851995137767 41.36136400442684)
B-125-3002,3002,Pedrera del Mussol - Marbre,125,Bus,POINT (2.147851995137767 41.36136400442684)
B-118-3004,3004,Pg del Pi Forcat - Pg del Grèvol,118,Bus,POINT (2.087255004306919 41.42259000350381)
B-118-3005,3005,Pg del Grèvol,118,Bus,POINT (2.086603998757425 41.42173200407717)
B-118-3006,3006,Pg del Grèvol - Camí de Can Castellví,118,Bus,POINT (2.0849569946310975 41.42009800141065)
B-118-3007,3007,Pg del Grèvol - Pg del Pi Forcat,118,Bus,POINT (2.086948999958554 41.42172699628228)
B-121-3008,3008,CAP Les Hortes,121,Bus,POINT (2.166789998860509 41.37178399850655)
B-128-3009,3009,CAP Vallvidrera,128,Bus,POINT (2.1039140055285688 41.41399299747113)
B-128-3010,3010,Centre Cívic Vallvidrera,128,Bus,POINT (2.1026299983294185 41.41521800080165)
B-128-3011,3011,CEIP Nabí,128,Bus,POINT (2.1012369979798864 41.41678899670887)
B-128-3012,3012,Elisa Moragas i Badia - Llicorella,128,Bus,POINT (2.1027790040075813 41.415006001688006)
B-128-3013,3013,Mercat de Vallvidrera,128,Bus,POINT (2.103697005887659 41.41407099602898)
B-126-3016,3016,Peníscola - Pare Manjón,126,Bus,POINT (2.190709998430996 41.453421003044234)
B-127-3016,3016,Peníscola - Pare Manjón,127,Bus,POINT (2.190709998430996 41.453421003044234)
B-126-3017,3017,Turó de La Trinitat - Ausona,126,Bus,POINT (2.191414997510602 41.45288300280843)
B-127-3017,3017,Turó de La Trinitat - Ausona,127,Bus,POINT (2.191414997510602 41.45288300280843)
B-126-3018,3018,Turó de La Trinitat - Foradada,126,Bus,POINT (2.1906979968569242 41.45112699987312)
B-126-3019,3019,Turó de La Trinitat - Madriguera,126,Bus,POINT (2.1901580034920514 41.44991099912049)
B-127-3019,3019,Turó de La Trinitat - Madriguera,127,Bus,POINT (2.1901580034920514 41.44991099912049)
B-122-3020,3020,Montagut - Vila-seca,122,Bus,POINT (2.1682490006891713 41.43406299767337)
B-122-3021,3021,Espinagua - Darnius,122,Bus,POINT (2.1662519990986273 41.43515399763086)
B-65-3023,3023,Ildefons Cerdà - Ciutat de la Justícia,65,Bus,POINT (2.1338369956408734 41.36380899775135)
B-H12-3023,3023,Ildefons Cerdà - Ciutat de la Justícia,H12,Bus,POINT (2.1338369956408734 41.36380899775135)
B-V3-3023,3023,Ildefons Cerdà - Ciutat de la Justícia,V3,Bus,POINT (2.1338369956408734 41.36380899775135)
B-65-3024,3024,Av Granvia - Alhambra,65,Bus,POINT (2.1313019973813945 41.36190299932385)
B-H12-3024,3024,Av Granvia - Alhambra,H12,Bus,POINT (2.1313019973813945 41.36190299932385)
B-127-3025,3025,Mireia - Finestrelles,127,Bus,POINT (2.1893959982173365 41.45113800006191)
B-127-3026,3026,Mireia - Ausona,127,Bus,POINT (2.189550003791344 41.45233499993243)
B-M19-3027,3027,Comissaria Mossos d'Esquadra,M19,Bus,POINT (2.1907592287701148 41.4441848445657)
B-V15-3030,3030,Pg Joan de Borbó - Moll Oriental,V15,Bus,POINT (2.1879460040292686 41.36914799996067)
B-22-3032,3032,Ronda St Pere - Pg de Gràcia,22,Bus,POINT (2.1708590013083136 41.38835700025636)
B-129-3046,3046,Anna Piferrer - Betània,129,Bus,POINT (2.140863779873328 41.417340949961655)
B-119-3051,3051,La Murtra - Sta Albina,119,Bus,POINT (2.1507369989243337 41.42412000445481)
B-119-3052,3052,Castellbisbal - Sta Rosalia,119,Bus,POINT (2.1442759965995353 41.421367002167706)
B-199-3053,3053,Metro Torre Baró - Vallbona,199,Bus,POINT (2.180352001984576 41.45887799670563)
B-183-3053,3053,Metro Torre Baró - Vallbona,183,Bus,POINT (2.180352001984576 41.45887799670563)
B-180-3054,3054,Av Escolapi Càncer,180,Bus,POINT (2.180342003863485 41.45881999885186)
B-183-3054,3054,Av Escolapi Càncer,183,Bus,POINT (2.180342003863485 41.45881999885186)
B-199-3055,3055,Casal de Barri Torre Baró,199,Bus,POINT (2.178799996693082 41.45761299762413)
B-199-3058,3058,Av Escolapi Càncer - Castellfollit,199,Bus,POINT (2.1760050057317137 41.45433400436663)
B-183-3058,3058,Av Escolapi Càncer - Castellfollit,183,Bus,POINT (2.1760050057317137 41.45433400436663)
B-199-3059,3059,Torre Baró,199,Bus,POINT (2.175022004233918 41.453608996123506)
B-183-3059,3059,Torre Baró,183,Bus,POINT (2.175022004233918 41.453608996123506)
B-199-3060,3060,Bellprat - St Feliu de Codines,199,Bus,POINT (2.175495994964409 41.45530100440102)
B-183-3060,3060,Bellprat - St Feliu de Codines,183,Bus,POINT (2.175495994964409 41.45530100440102)
B-199-3061,3061,St Feliu de Codines - Castellfollit,199,Bus,POINT (2.174661004709054 41.45500199645977)
B-183-3061,3061,St Feliu de Codines - Castellfollit,183,Bus,POINT (2.174661004709054 41.45500199645977)
B-199-3062,3062,St Feliu de Codines - Oris,199,Bus,POINT (2.1748180026855044 41.45626899672499)
B-183-3062,3062,St Feliu de Codines - Oris,183,Bus,POINT (2.1748180026855044 41.45626899672499)
B-199-3063,3063,St Feliu de Codines - Vilatorta,199,Bus,POINT (2.1773700007533545 41.45775299645108)
B-183-3063,3063,St Feliu de Codines - Vilatorta,183,Bus,POINT (2.1773700007533545 41.45775299645108)
B-199-3064,3064,St Feliu de Codines,199,Bus,POINT (2.178986000953896 41.45827400063648)
B-183-3064,3064,St Feliu de Codines,183,Bus,POINT (2.178986000953896 41.45827400063648)
B-199-3065,3065,St Feliu de Codines - Metro Torre Baró/Vallbona,199,Bus,POINT (2.1806929983095276 41.460405000881146)
B-183-3065,3065,St Feliu de Codines - Metro Torre Baró/Vallbona,183,Bus,POINT (2.1806929983095276 41.460405000881146)
B-180-3066,3066,Av Vallbona - Pl Eucaliptus,180,Bus,POINT (2.1812349984543697 41.46050499606978)
B-183-3076,3076,Vallcivera - Pl Aqüeducte,183,Bus,POINT (2.1770099985919606 41.4596980019448)
B-180-3080,3080,Balenyà - Aiguablava,180,Bus,POINT (2.1858409994050856 41.45592499649984)
B-180-3081,3081,Aiguablava - Balenyà,180,Bus,POINT (2.1859040022587934 41.45599199814891)
B-180-3082,3082,Llerona - Viladecavalls,180,Bus,POINT (2.1819669989458115 41.45438899614584)
B-180-3083,3083,Llerona - Balenyà,180,Bus,POINT (2.1818409970384023 41.45444899913198)
B-180-3084,3084,Llerona a Trinitat Nova,180,Bus,POINT (2.18052700202629 41.456064996778615)
B-180-3085,3085,Llerona a Vallbona,180,Bus,POINT (2.180680000667157 41.45617299555398)
B-180-3086,3086,Llerona - Vacarisses,180,Bus,POINT (2.1812930044130625 41.45638899816698)
B-180-3087,3087,Llerona - Ptge Carreras,180,Bus,POINT (2.181125996338704 41.4570710031939)
B-180-3088,3088,Ripollet - Llerona,180,Bus,POINT (2.182184004175346 41.45630500094049)
B-180-3089,3089,Llerona - Ripollet,180,Bus,POINT (2.182077997136912 41.45629899590998)
B-180-3090,3090,Llerona,180,Bus,POINT (2.181668995325128 41.459242003962274)
B-180-3091,3091,Llerona - Martorelles,180,Bus,POINT (2.1815160052824925 41.45916500107692)
B-76-3092,3092,Escolapi Càncer - Metro Torre Baró/Vallbona,76,Bus,POINT (2.1804490006740904 41.45883900121548)
B-199-3092,3092,Escolapi Càncer - Metro Torre Baró/Vallbona,199,Bus,POINT (2.1804490006740904 41.45883900121548)
B-180-3092,3092,Escolapi Càncer - Metro Torre Baró/Vallbona,180,Bus,POINT (2.1804490006740904 41.45883900121548)
B-199-3094,3094,Vallcivera - Pl Roja de Ciutat Meridiana,199,Bus,POINT (2.179454999260023 41.461542998544566)
B-180-3094,3094,Vallcivera - Pl Roja de Ciutat Meridiana,180,Bus,POINT (2.179454999260023 41.461542998544566)
B-21-3095,3095,Av. Verge de Montserrat - Av. Remolar,21,Bus,POINT (2.0893290013628993 41.323801000514365)
B-L22-3095,3095,Av. Verge de Montserrat - Av. Remolar,L22,Bus,POINT (2.0893290013628993 41.323801000514365)
B-97-3097,3097,Centre d'Activitats Vallbona,97,Bus,POINT (2.1838669984957306 41.46319399804998)
B-183-3097,3097,Centre d'Activitats Vallbona,183,Bus,POINT (2.1838669984957306 41.46319399804998)
B-76-3098,3098,Av l'Alzinar - Tapioles,76,Bus,POINT (2.1836440051225425 41.4629709958146)
B-97-3098,3098,Av l'Alzinar - Tapioles,97,Bus,POINT (2.1836440051225425 41.4629709958146)
B-127-3099,3099,Artesania - Alcàntara,127,Bus,POINT (2.1723023830718926 41.447323945592835)
B-182-3102,3102,Pl Virrei Amat,182,Bus,POINT (2.174215003138407 41.430371996071926)
B-182-3103,3103,Rda Guineueta Vella - Pl Karl Marx,182,Bus,POINT (2.1618110052954362 41.44153399818945)
B-182-3104,3104,Rda Guineueta Vella,182,Bus,POINT (2.162080004370137 41.44334300012641)
B-182-3106,3106,Ctra Alta de Roquetes,182,Bus,POINT (2.1637230054946035 41.44472400292173)
B-182-3107,3107,Ctra Alta de Roquetes a Pl Karl Marx,182,Bus,POINT (2.1677550016678806 41.449359997526116)
B-182-3108,3108,Ctra Alta de Roquetes a Torre Baró,182,Bus,POINT (2.1678309989786313 41.449315996654256)
B-182-3109,3109,Ctra Alta de Roquetes - Castell,182,Bus,POINT (2.1747080022924634 41.45068700012974)
B-182-3110,3110,Castell de Torre Baró,182,Bus,POINT (2.174838003200331 41.450727997711915)
B-182-3111,3111,Castellví - Lliçà,182,Bus,POINT (2.1720599988934786 41.45146300215268)
B-182-3112,3112,Lliçà - Castellví,182,Bus,POINT (2.1726019986460403 41.45126500072632)
B-182-3113,3113,Torre Baró - Castellví,182,Bus,POINT (2.171365004623293 41.453783999485196)
B-67-3122,3122,Ctra d'Esplugues - Catalunya,67,Bus,POINT (2.0723585340450907 41.35843399813146)
B-68-3122,3122,Ctra d'Esplugues - Catalunya,68,Bus,POINT (2.0723585340450907 41.35843399813146)
B-109-3125,3125,Metro Tarragona,109,Bus,POINT (2.1452549974731476 41.37846699567302)
B-V7-3125,3125,Metro Tarragona,V7,Bus,POINT (2.1452549974731476 41.37846699567302)
B-D40-3125,3125,Metro Tarragona,D40,Bus,POINT (2.1452549974731476 41.37846699567302)
B-127-3128,3128,Artesania - Jaume Pinent,127,Bus,POINT (2.17398240896135 41.448035944718804)
B-67-3130,3130,Ctra d'Esplugues - Pl Prat de la Riba,67,Bus,POINT (2.072666000397475 41.357803004012254)
B-68-3130,3130,Ctra d'Esplugues - Pl Prat de la Riba,68,Bus,POINT (2.072666000397475 41.357803004012254)
B-21-3132,3132,Av. Verge de Montserrat - Av. Remolar,21,Bus,POINT (2.0889400053944835 41.3239160023729)
B-L22-3132,3132,Av. Verge de Montserrat - Av. Remolar,L22,Bus,POINT (2.0889400053944835 41.3239160023729)
B-130-3134,3134,Sta Amèlia - Or,130,Bus,POINT (2.1235629975036723 41.393802003799145)
B-78-3135,3135,Hospital Moisès Broggi,78,Bus,POINT (2.071301997077828 41.37376100066449)
B-78-3136,3136,Av. Baix Llobregat - Oriol Martorell,78,Bus,POINT (2.073607999774409 41.37385799914653)
B-65-3140,3140,Selva - Pl Volateria,65,Bus,POINT (2.0738000006468975 41.31833799898203)
B-V17-3141,3141,Pg Lluís Companys - Almogàvers,V17,Bus,POINT (2.181295003361668 41.39118899890648)
B-H16-3141,3141,Pg Lluís Companys - Almogàvers,H16,Bus,POINT (2.181295003361668 41.39118899890648)
B-V19-3141,3141,Pg Lluís Companys - Almogàvers,V19,Bus,POINT (2.181295003361668 41.39118899890648)
B-183-3144,3144,Vallcivera - Estació RENFE,183,Bus,POINT (2.1806770031025144 41.460968002617925)
B-183-3145,3145,Av Rasos de Peguera - Pl Roja,183,Bus,POINT (2.178591997495164 41.46161799579717)
B-96-3147,3147,Av Catalunya - Estanislau Abadal,96,Bus,POINT (2.184564000081392 41.49800699900553)
B-96-3148,3148,Av Catalunya - Ramon i Cajal,96,Bus,POINT (2.1840359943433483 41.497267002829325)
B-96-3151,3151,Joan Miró - Camí de Can Cabanyes,96,Bus,POINT (2.178288002247019 41.49753200446561)
B-96-3155,3155,Ctra BV 1411 - Tagamanent,96,Bus,POINT (2.1808619940614458 41.49307600218145)
B-96-3157,3157,Bach - Pg St Jordi,96,Bus,POINT (2.177470995627728 41.494002004268786)
B-122-3158,3158,Pg d'Urrutia - Dr Pi i Molist,122,Bus,POINT (2.1708719999464847 41.434765002211066)
B-122-3159,3159,Nil - Dr Pi i Molist,122,Bus,POINT (2.1717069972016665 41.434169995885284)
B-122-3160,3160,St Iscle - Travau,122,Bus,POINT (2.1702809941287646 41.43425100124363)
B-114-3162,3162,Praga - Rda Guinardó,114,Bus,POINT (2.164261995473002 41.41236699698589)
B-V19-3162,3162,Praga - Rda Guinardó,V19,Bus,POINT (2.164261995473002 41.41236699698589)
B-199-3164,3164,CEIP Elisenda de Montcada,199,Bus,POINT (2.178377997257979 41.45904799816237)
B-183-3164,3164,CEIP Elisenda de Montcada,183,Bus,POINT (2.178377997257979 41.45904799816237)
B-B14-3165,3165,Edifici Besòs,B14,Bus,POINT (2.2222094713716234 41.42607557150895)
B-V5-3166,3166,Pl de Joan Peiró,V5,Bus,POINT (2.1388444099860653 41.37855092945685)
B-62-3173,3173,Petúnies - Circumval·lació,62,Bus,POINT (2.17126799977214 41.463352997932724)
B-113-3174,3174,Diagonal - Complex Esportiu Universitari,113,Bus,POINT (2.1117069970333544 41.384080004124144)
B-V1-3174,3174,Diagonal - Complex Esportiu Universitari,V1,Bus,POINT (2.1117069970333544 41.384080004124144)
B-M14-3174,3174,Diagonal - Complex Esportiu Universitari,M14,Bus,POINT (2.1117069970333544 41.384080004124144)
B-130-3175,3175,Bonaplata,130,Bus,POINT (2.1241580002925464 41.396040003504524)
B-130-3176,3176,Bonaplata - Pedró de la Creu,130,Bus,POINT (2.122048000760389 41.397195003322324)
B-130-3177,3177,Ramon Miquel Planas - Major de Sarrià,130,Bus,POINT (2.1202339978704856 41.400932995868445)
B-130-3178,3178,Clos de St Francesc - Pg Reina Elisenda de Montcada,130,Bus,POINT (2.1205680054246923 41.39932600344906)
B-122-3180,3180,Teide - Fabra i Puig,122,Bus,POINT (2.169114005690985 41.43018399672242)
B-127-3181,3181,Via Favència - Rda de Dalt,127,Bus,POINT (2.185258997103822 41.44693199683805)
B-96-3182,3182,Av Catalunya - Frederic Mompou,96,Bus,POINT (2.18472400000473 41.49852800117189)
B-196-3189,3189,Ronda de Dalt - Pl de la Central,196,Bus,POINT (2.133411003632028 41.4143659963946)
B-V13-3189,3189,Ronda de Dalt - Pl de la Central,V13,Bus,POINT (2.133411003632028 41.4143659963946)
B-H2-3189,3189,Ronda de Dalt - Pl de la Central,H2,Bus,POINT (2.133411003632028 41.4143659963946)
B-192-3190,3190,Pujades - Roc Boronat,192,Bus,POINT (2.1988570017148503 41.400355000224785)
B-196-3191,3191,Josep Maria Lledó - Bellesguard,196,Bus,POINT (2.124828995721647 41.41078999904736)
B-117-3203,3203,Renaixença - Vinya,117,Bus,POINT (2.1771649997754583 41.41811299887678)
B-117-3204,3204,Villar - Xiprer,117,Bus,POINT (2.178030998565266 41.41698499613841)
B-117-3205,3205,Xiprer - Vinya,117,Bus,POINT (2.1790039980184694 41.417977999971555)
B-117-3208,3208,Pg Maragall - Sta Joaquina Vedruna,117,Bus,POINT (2.179985001076811 41.42111000070793)
B-125-3210,3210,Pl del Nou - Estany,125,Bus,POINT (2.14155099821715 41.35341900331375)
B-113-3217,3217,Joan d'Alòs - Miret i Sans,113,Bus,POINT (2.1089690012754922 41.39322100099181)
B-113-3218,3218,Abadessa Olzet - Montevideo,113,Bus,POINT (2.1087419977643918 41.39488099710132)
B-113-3219,3219,Panamà - Abadessa Olzet,113,Bus,POINT (2.107364001923447 41.395548001501695)
B-113-3220,3220,Av Pearson - Ptge Ametllers,113,Bus,POINT (2.1043659943254664 41.393174003616615)
B-27-3221,3221,Hospital Vall d'Hebron,27,Bus,POINT (2.143401997274369 41.42777499710638)
B-60-3221,3221,Hospital Vall d'Hebron,60,Bus,POINT (2.143401997274369 41.42777499710638)
B-76-3221,3221,Hospital Vall d'Hebron,76,Bus,POINT (2.143401997274369 41.42777499710638)
B-H4-3221,3221,Hospital Vall d'Hebron,H4,Bus,POINT (2.143401997274369 41.42777499710638)
B-M19-3221,3221,Hospital Vall d'Hebron,M19,Bus,POINT (2.143401997274369 41.42777499710638)
B-H6-3222,3222,Palau Reial,H6,Bus,POINT (2.1179360049351845 41.38583199771501)
B-H6-3223,3223,Pl Reina Maria Cristina,H6,Bus,POINT (2.125799003434656 41.387834004248724)
B-M12-3223,3223,Pl Reina Maria Cristina,M12,Bus,POINT (2.125799003434656 41.387834004248724)
B-V21-3224,3224,Padilla - Túnel de la Rovira,V21,Bus,POINT (2.167562995524169 41.41289800373384)
B-H12-3225,3225,Gornal,H12,Bus,POINT (2.1196319960025956 41.35312799758914)
B-H6-3226,3226,Guinardó - Lepant,H6,Bus,POINT (2.167491001377734 41.41221199625649)
B-191-3226,3226,Guinardó - Lepant,191,Bus,POINT (2.167491001377734 41.41221199625649)
B-H6-3227,3227,Rda Guinardó - Castillejos,H6,Bus,POINT (2.170365004145545 41.4135189963654)
B-191-3227,3227,Rda Guinardó - Castillejos,191,Bus,POINT (2.170365004145545 41.4135189963654)
B-H6-3229,3229,Guinardó - Parc de les Aigües,H6,Bus,POINT (2.1663999967332055 41.41226099682484)
B-V21-3231,3231,Marina - Monumental,V21,Bus,POINT (2.180752994351851 41.399366996810606)
B-H6-3232,3232,Capità Arenas - Maria Cristina,H6,Bus,POINT (2.1266149994054344 41.38896300332495)
B-V3-3232,3232,Capità Arenas - Maria Cristina,V3,Bus,POINT (2.1266149994054344 41.38896300332495)
B-H6-3233,3233,ETS d'Arquitectura,H6,Bus,POINT (2.1139920039382996 41.384838001878016)
B-H6-3234,3234,Pl. Pius XII,H6,Bus,POINT (2.120893994077477 41.386585998989254)
B-109-3237,3237,Tarragona - Pl. Espanya,109,Bus,POINT (2.1487444107516214 41.37594522267238)
B-19-3241,3241,Pg de St Joan - Ausiàs Marc,19,Bus,POINT (2.178678000014811 41.39240099887627)
B-B25-3241,3241,Pg de St Joan - Ausiàs Marc,B25,Bus,POINT (2.178678000014811 41.39240099887627)
B-B20-3241,3241,Pg de St Joan - Ausiàs Marc,B20,Bus,POINT (2.178678000014811 41.39240099887627)
B-V19-3241,3241,Pg de St Joan - Ausiàs Marc,V19,Bus,POINT (2.178678000014811 41.39240099887627)
B-D50-3241,3241,Pg de St Joan - Ausiàs Marc,D50,Bus,POINT (2.178678000014811 41.39240099887627)
B-59-3242,3242,Les Corts - Prat d'en Rull,59,Bus,POINT (2.137869995748594 41.38851600037157)
B-131-3243,3243,Esteve Terradas - Parc Sanitari Pere Virgili,131,Bus,POINT (2.13922199584801 41.41525699633903)
B-131-3244,3244,Parc Sanitari Pere Virgili,131,Bus,POINT (2.1400430017377916 41.415143003524534)
B-131-3245,3245,Esteve Terradas - Pl Alfonso Comín,131,Bus,POINT (2.138463002988798 41.415362998684145)
B-13-3250,3250,Pedrera del Mussol - Can Clos,13,Bus,POINT (2.1479273292286774 41.36148546961338)
B-13-3251,3251,Pg Olímpic - Av de l'Estadi,13,Bus,POINT (2.1572950052702646 41.365718998665635)
B-13-3252,3252,Estadi Olímpic,13,Bus,POINT (2.1574670018785507 41.365198000896754)
B-125-3252,3252,Estadi Olímpic,125,Bus,POINT (2.1574670018785507 41.365198000896754)
B-13-3253,3253,Vivers,13,Bus,POINT (2.1580179944218365 41.36647299761555)
B-107-3254,3254,Cementiri de Montjuïc,107,Bus,POINT (2.1558630014577087 41.3530590034626)
B-6-3255,3255,Pallars - Ciutat de Granada,6,Bus,POINT (2.196782998833233 41.40033000161427)
B-6-3256,3256,Roc Boronat - Doctor Trueta,6,Bus,POINT (2.2010959979447087 41.39768899924894)
B-V25-3256,3256,Roc Boronat - Doctor Trueta,V25,Bus,POINT (2.2010959979447087 41.39768899924894)
B-6-3257,3257,Llacuna - Ramon Turró,6,Bus,POINT (2.2021419986670985 41.39874000167885)
B-V25-3258,3258,Llacuna - Pallars,V25,Bus,POINT (2.197687005542491 41.40212599946148)
B-V21-3262,3262,Marina - Monumental,V21,Bus,POINT (2.1820009199460357 41.398710399111614)
B-V7-3263,3263,Sarrià,V7,Bus,POINT (2.114582001039466 41.40392199566064)
B-V7-3264,3264,Els Vergós,V7,Bus,POINT (2.1262899941553486 41.39648299632003)
B-V7-3265,3265,Pg Sant Joan Bosco,V7,Bus,POINT (2.12688899888151 41.394834003349416)
B-V7-3266,3266,Pg Sant Joan Bosco - Prat de la Riba,V7,Bus,POINT (2.129375999425887 41.392926002809126)
B-V7-3267,3267,Constança,V7,Bus,POINT (2.1348429969245943 41.38928300355459)
B-V7-3268,3268,Av Sarrià,V7,Bus,POINT (2.1327460034465155 41.3914259983349)
B-V7-3269,3269,Av Sarrià - Prat de la Riba,V7,Bus,POINT (2.130704994543289 41.392524003533666)
B-192-3270,3270,Cartagena - Av Gaudí,192,Bus,POINT (2.173991998898244 41.41150400011773)
B-V23-3270,3270,Cartagena - Av Gaudí,V23,Bus,POINT (2.173991998898244 41.41150400011773)
B-191-3270,3270,Cartagena - Av Gaudí,191,Bus,POINT (2.173991998898244 41.41150400011773)
B-96-3271,3271,Joan Miró - Av Europa,96,Bus,POINT (2.1777110042472714 41.49637200413464)
B-96-3272,3272,Pg de St Jordi - Tagamanent,96,Bus,POINT (2.181040003767484 41.493912998833075)
B-96-3273,3273,Joan Miró - Salvador Dalí,96,Bus,POINT (2.178512999654834 41.4975529955796)
B-96-3274,3274,Joan Miró - Victòria dels Àngels,96,Bus,POINT (2.1802890057305193 41.499726997114095)
B-114-3275,3275,Baró St Lluís - Polònia,114,Bus,POINT (2.164258995372754 41.415617995500284)
B-114-3276,3276,Torre Dulac - Tenerife,114,Bus,POINT (2.1637659965795435 41.4163679957268)
B-96-3277,3277,Joan Miró - Consell de Cent,96,Bus,POINT (2.1773399950860166 41.495012997794035)
B-H8-3282,3282,Sant Adrià - Josep Soldevila,H8,Bus,POINT (2.1928540045105027 41.43423500040563)
B-H4-3282,3282,Sant Adrià - Josep Soldevila,H4,Bus,POINT (2.1928540045105027 41.43423500040563)
B-133-3282,3282,Sant Adrià - Josep Soldevila,133,Bus,POINT (2.1928540045105027 41.43423500040563)
B-V31-3283,3283,Segre - Parellada,V31,Bus,POINT (2.192702002775336 41.433339998927124)
B-H8-3284,3284,Segre - Borriana,H8,Bus,POINT (2.194825996472791 41.43092899823568)
B-V31-3284,3284,Segre - Borriana,V31,Bus,POINT (2.194825996472791 41.43092899823568)
B-D20-3286,3286,Ernest Lluch,D20,Bus,POINT (2.112156998294797 41.37621599894015)
B-21-3288,3288,Vall d'Aran - Av. Remolar,21,Bus,POINT (2.08669824359343 41.32839799998872)
B-L22-3288,3288,Vall d'Aran - Av. Remolar,L22,Bus,POINT (2.08669824359343 41.32839799998872)
B-21-3289,3289,Vall d'Aran - Av. Remolar,21,Bus,POINT (2.0867327729677747 41.328308959375725)
B-L22-3289,3289,Vall d'Aran - Av. Remolar,L22,Bus,POINT (2.0867327729677747 41.328308959375725)
B-V7-3293,3293,Pg Sant Joan Bosco,V7,Bus,POINT (2.1275029971317587 41.39452400241213)
B-23-3294,3294,Foc - Ferrocarrils Catalans,23,Bus,POINT (2.1438590021356774 41.35840099679401)
B-185-3295,3295,Via Favència - Metro Canyelles,185,Bus,POINT (2.165766000128416 41.44156299942259)
B-65-3300,3300,Plaça Roigé i Badia,65,Bus,POINT (2.0985029954607257 41.32922399690411)
B-PR3-3300,3300,Plaça Roigé i Badia,PR3,Bus,POINT (2.0985029954607257 41.32922399690411)
B-65-3301,3301,Institut Illa dels Banyols,65,Bus,POINT (2.1020239977917994 41.331215003250456)
B-PR3-3301,3301,Institut Illa dels Banyols,PR3,Bus,POINT (2.1020239977917994 41.331215003250456)
B-129-3302,3302,Parc Sanitari Pere Virgili,129,Bus,POINT (2.1420029940313046 41.415693004414095)
B-118-3303,3303,Torrent del Rovelló - Camí Fredolic,118,Bus,POINT (2.0968880049354284 41.41935600069476)
B-70-3304,3304,Mandri - Emancipació,70,Bus,POINT (2.1331480040215194 41.40376700144287)
B-157-3305,3305,Riera Blanca - Trav de Les Corts,157,Bus,POINT (2.1218199990323017 41.37680100278651)
B-H8-3309,3309,Josep Soldevila - Torrent Estadella,H8,Bus,POINT (2.1935550018198686 41.434116001135344)
B-V31-3309,3309,Josep Soldevila - Torrent Estadella,V31,Bus,POINT (2.1935550018198686 41.434116001135344)
B-H8-3310,3310,Josep Soldevila - Onze de Setembre,H8,Bus,POINT (2.1953769954191906 41.43170699858345)
B-V31-3310,3310,Josep Soldevila - Onze de Setembre,V31,Bus,POINT (2.1953769954191906 41.43170699858345)
B-H8-3313,3313,Sant Antoni Maria Claret - Trinxant,H8,Bus,POINT (2.1817340044365907 41.41681100340741)
B-39-3314,3314,Còrsega - Bailèn,39,Bus,POINT (2.164503995566756 41.4004969957649)
B-47-3314,3314,Còrsega - Bailèn,47,Bus,POINT (2.164503995566756 41.4004969957649)
B-H8-3314,3314,Còrsega - Bailèn,H8,Bus,POINT (2.164503995566756 41.4004969957649)
B-39-3315,3315,Còrsega - Llúria,39,Bus,POINT (2.1623460012965263 41.3988769992518)
B-H8-3315,3315,Còrsega - Llúria,H8,Bus,POINT (2.1623460012965263 41.3988769992518)
B-H16-3317,3317,Pg Taulat - Jonquera,H16,Bus,POINT (2.2075990012702356 41.40062599829959)
B-V27-3317,3317,Pg Taulat - Jonquera,V27,Bus,POINT (2.2075990012702356 41.40062599829959)
B-H16-3318,3318,Pg Taulat - Bac de Roda,H16,Bus,POINT (2.210783995179439 41.403030003467855)
B-H16-3320,3320,Pg Garcia Fària - Jonquera,H16,Bus,POINT (2.2087039972400024 41.39969900268915)
B-V27-3320,3320,Pg Garcia Fària - Jonquera,V27,Bus,POINT (2.2087039972400024 41.39969900268915)
B-V3-3322,3322,Pol. Ind. Zona Franca,V3,Bus,POINT (2.142764002214829 41.34549399690725)
B-V3-3323,3323,Ildefons Cerdà - Rambla Badal,V3,Bus,POINT (2.1357399984899077 41.36507800142599)
B-V3-3325,3325,Ronda de Dalt - Av J V Foix,V3,Bus,POINT (2.114004002872386 41.40091199646209)
B-47-3328,3328,Urquinaona,47,Bus,POINT (2.17256199603408 41.38855000400191)
B-V21-3332,3332,Pg Marítim,V21,Bus,POINT (2.1958949982418243 41.38492400201704)
B-185-3335,3335,Feliu i Codina - Congrés,185,Bus,POINT (2.162975996251257 41.43607399833154)
B-V33-3336,3336,Sant Ramon de Penyafort - Manuel Fernández Márquez,V33,Bus,POINT (2.219383005275129 41.4158149973555)
B-B20-3337,3337,Parc del Besòs,B20,Bus,POINT (2.2183379978957483 41.41980899658666)
B-H14-3337,3337,Parc del Besòs,H14,Bus,POINT (2.2183379978957483 41.41980899658666)
B-B20-3338,3338,La Catalana,B20,Bus,POINT (2.2220620018593786 41.422593001556336)
B-H14-3338,3338,La Catalana,H14,Bus,POINT (2.2220620018593786 41.422593001556336)
B-B14-3340,3340,Sant Adrià Centre,B14,Bus,POINT (2.216041000620567 41.43270899821998)
B-B25-3340,3340,Sant Adrià Centre,B25,Bus,POINT (2.216041000620567 41.43270899821998)
B-H10-3340,3340,Sant Adrià Centre,H10,Bus,POINT (2.216041000620567 41.43270899821998)
B-19-3341,3341,Mallorca - Nàpols,19,Bus,POINT (2.172349994203622 41.40127299545861)
B-33-3341,3341,Mallorca - Nàpols,33,Bus,POINT (2.172349994203622 41.40127299545861)
B-34-3341,3341,Mallorca - Nàpols,34,Bus,POINT (2.172349994203622 41.40127299545861)
B-H10-3341,3341,Mallorca - Nàpols,H10,Bus,POINT (2.172349994203622 41.40127299545861)
B-D50-3341,3341,Mallorca - Nàpols,D50,Bus,POINT (2.172349994203622 41.40127299545861)
B-V5-3342,3342,Comtes de Bell-lloc - Viriat,V5,Bus,POINT (2.1374260051619207 41.38044900109371)
B-H10-3343,3343,Metro La Pau,H10,Bus,POINT (2.20576499950153 41.42262700242935)
B-133-3344,3344,Fernando Pessoa,133,Bus,POINT (2.1930440007346146 41.44283900424623)
B-133-3345,3345,Ciutat d'Asunción - Potosí,133,Bus,POINT (2.1992920000552423 41.44439300179451)
B-7-3347,3347,Diagonal - Pl Llevant,7,Bus,POINT (2.216298998569308 41.410505998654806)
B-47-3348,3348,Pepe Rubianes,47,Bus,POINT (2.189690997544454 41.37843200182366)
B-59-3348,3348,Pepe Rubianes,59,Bus,POINT (2.189690997544454 41.37843200182366)
B-D20-3348,3348,Pepe Rubianes,D20,Bus,POINT (2.189690997544454 41.37843200182366)
B-B21-3355,3355,Estació de Sant Adrià,B21,Bus,POINT (2.229434423569422 41.425224381155616)
B-B23-3355,3355,Estació de Sant Adrià,B23,Bus,POINT (2.229434423569422 41.425224381155616)
B-H14-3356,3356,Av de la Platja - Pont d'Eduard Maristany,H14,Bus,POINT (2.2295460051135936 41.425464999146826)
B-54-3357,3357,Casp - Nàpols,54,Bus,POINT (2.179477004667341 41.39588100135519)
B-63-3358,3358,Av d'Esplugues - González Tablas,63,Bus,POINT (2.1057710024849294 41.38696900017089)
B-JM-3358,3358,Av d'Esplugues - González Tablas,JM,Bus,POINT (2.1057710024849294 41.38696900017089)
B-V1-3358,3358,Av d'Esplugues - González Tablas,V1,Bus,POINT (2.1057710024849294 41.38696900017089)
B-21-3359,3359,Ctra. Marina - Av. Onze de Setembre,21,Bus,POINT (2.1035229974665497 41.32274799562184)
B-21-3360,3360,Plaça Constitució,21,Bus,POINT (2.102167873590415 41.3242852874288)
B-21-3361,3361,Ctra. Marina - Pablo Neruda,21,Bus,POINT (2.101439005014739 41.32517199885351)
B-65-3361,3361,Ctra. Marina - Pablo Neruda,65,Bus,POINT (2.101439005014739 41.32517199885351)
B-PR3-3361,3361,Ctra. Marina - Pablo Neruda,PR3,Bus,POINT (2.101439005014739 41.32517199885351)
B-65-3362,3362,Ctra. Marina - Av. Verge de Montserrat,65,Bus,POINT (2.0999253809794736 41.32726791278083)
B-PR3-3362,3362,Ctra. Marina - Av. Verge de Montserrat,PR3,Bus,POINT (2.0999253809794736 41.32726791278083)
B-65-3363,3363,Ctra. Marina - Av. Verge de Montserrat,65,Bus,POINT (2.0997903793920827 41.32720391285491)
B-PR3-3363,3363,Ctra. Marina - Av. Verge de Montserrat,PR3,Bus,POINT (2.0997903793920827 41.32720391285491)
B-21-3364,3364,Ctra. Marina - Catalunya,21,Bus,POINT (2.1011340021540454 41.325346003753374)
B-65-3364,3364,Ctra. Marina - Catalunya,65,Bus,POINT (2.1011340021540454 41.325346003753374)
B-PR3-3364,3364,Ctra. Marina - Catalunya,PR3,Bus,POINT (2.1011340021540454 41.325346003753374)
B-185-3365,3365,Campoamor - Lloret de Mar,185,Bus,POINT (2.1560580056277723 41.43411599638671)
B-185-3366,3366,Pg Valldaura - Eduard Toda,185,Bus,POINT (2.1544450040639918 41.43674599583054)
B-V25-3367,3367,Porto - Pl de l'Estatut,V25,Bus,POINT (2.1571490034448266 41.42970699933456)
B-102-3368,3368,Av l'Estatut de Catalunya - Campoamor,102,Bus,POINT (2.153537003583318 41.43511999842714)
B-V25-3368,3368,Av l'Estatut de Catalunya - Campoamor,V25,Bus,POINT (2.153537003583318 41.43511999842714)
B-47-3369,3369,Sant Antoni Maria Claret - Sardenya,47,Bus,POINT (2.168155996762218 41.40662200168322)
B-H8-3369,3369,Sant Antoni Maria Claret - Sardenya,H8,Bus,POINT (2.168155996762218 41.40662200168322)
B-V21-3370,3370,Marina - Diagonal,V21,Bus,POINT (2.1781490894641067 41.40176110981242)
B-192-3371,3371,Badajoz - Diagonal,192,Bus,POINT (2.1895929969828196 41.403138003934615)
B-V25-3371,3371,Badajoz - Diagonal,V25,Bus,POINT (2.1895929969828196 41.403138003934615)
B-V23-3371,3371,Badajoz - Diagonal,V23,Bus,POINT (2.1895929969828196 41.403138003934615)
B-X1-3371,3371,Badajoz - Diagonal,X1,Bus,POINT (2.1895929969828196 41.403138003934615)
B-21-3375,3375,Plaça Constitució,21,Bus,POINT (2.1020959969133033 41.32415499944644)
B-21-3376,3376,Ctra. Marina - Av. Onze de Setembre,21,Bus,POINT (2.1034570000961144 41.322607999027575)
B-113-3377,3377,Eduard Toldrà - Ardena,113,Bus,POINT (2.1058689952241103 41.38853500231027)
B-55-3378,3378,Sepúlveda - Muntaner,55,Bus,POINT (2.1626839940659446 41.383412001424546)
B-120-3378,3378,Sepúlveda - Muntaner,120,Bus,POINT (2.1626839940659446 41.383412001424546)
B-H16-3378,3378,Sepúlveda - Muntaner,H16,Bus,POINT (2.1626839940659446 41.383412001424546)
B-D50-3378,3378,Sepúlveda - Muntaner,D50,Bus,POINT (2.1626839940659446 41.383412001424546)
B-34-3381,3381,Costa i Cuxart - Felip II,34,Bus,POINT (2.1760960037682295 41.42812800003974)
B-V27-3382,3382,Espronceda - Ramon Turró,V27,Bus,POINT (2.208413003241187 41.40239799908947)
B-V27-3383,3383,Bac de Roda - Pg.Taulat,V27,Bus,POINT (2.209742999066892 41.40326199826165)
B-133-3385,3385,Sant Adrià - Pg. de l'Havana,133,Bus,POINT (2.1963450052698765 41.435582003848275)
B-V21-3386,3386,Av Cardenal Vidal i Barraquer - Pl Botticelli,V21,Bus,POINT (2.1518289945703835 41.432761999684786)
B-V17-3388,3388,Còrsega - Pg de Gràcia,V17,Bus,POINT (2.1600049950151154 41.397099003815185)
B-54-3389,3389,Estació del Nord,54,Bus,POINT (2.181816995372987 41.3943690014895)
B-D20-3390,3390,Paral·lel - Floridablanca,D20,Bus,POINT (2.1549360047262 41.37512000175249)
B-H16-3390,3390,Paral·lel - Floridablanca,H16,Bus,POINT (2.1549360047262 41.37512000175249)
B-6-3391,3391,Pg Sant Joan - Consell de Cent,6,Bus,POINT (2.17252200464761 41.3970419990329)
B-19-3391,3391,Pg Sant Joan - Consell de Cent,19,Bus,POINT (2.17252200464761 41.3970419990329)
B-V19-3391,3391,Pg Sant Joan - Consell de Cent,V19,Bus,POINT (2.17252200464761 41.3970419990329)
B-D50-3391,3391,Pg Sant Joan - Consell de Cent,D50,Bus,POINT (2.17252200464761 41.3970419990329)
B-131-3392,3392,Homer - Escipió,131,Bus,POINT (2.1450649980678516 41.40800200373789)
B-60-3393,3393,Concili de Trento - Pl de la Pau,60,Bus,POINT (2.2108370025995976 41.42219900262633)
B-H14-3395,3395,Pg Isabel II - Pla de Palau,H14,Bus,POINT (2.1837870010385974 41.38281599593382)
B-H14-3396,3396,Pla de Palau - Av Marquès de l'Argentera,H14,Bus,POINT (2.183816004527388 41.38347200322819)
B-H16-3397,3397,Meridiana - Almogàvers,H16,Bus,POINT (2.1867619960203655 41.39413700397246)
B-H14-3397,3397,Meridiana - Almogàvers,H14,Bus,POINT (2.1867619960203655 41.39413700397246)
B-6-3400,3400,Marina - Meridiana,6,Bus,POINT (2.186371739438696 41.39534684959232)
B-6-3401,3401,Marina - Almogàvers,6,Bus,POINT (2.186181005473614 41.3952029965955)
B-126-3402,3402,Meridiana - Almassora,126,Bus,POINT (2.1892058388873776 41.452023459934956)
B-127-3402,3402,Meridiana - Almassora,127,Bus,POINT (2.1892058388873776 41.452023459934956)
B-V31-3402,3402,Meridiana - Almassora,V31,Bus,POINT (2.1892058388873776 41.452023459934956)
B-133-3402,3402,Meridiana - Almassora,133,Bus,POINT (2.1892058388873776 41.452023459934956)
B-34-3404,3404,Av dels Quinze - Serrano,34,Bus,POINT (2.174279998515308 41.42917100435581)
B-132-3404,3404,Av dels Quinze - Serrano,132,Bus,POINT (2.174279998515308 41.42917100435581)
B-H6-3404,3404,Av dels Quinze - Serrano,H6,Bus,POINT (2.174279998515308 41.42917100435581)
B-V27-3404,3404,Av dels Quinze - Serrano,V27,Bus,POINT (2.174279998515308 41.42917100435581)
B-V29-3404,3404,Av dels Quinze - Serrano,V29,Bus,POINT (2.174279998515308 41.42917100435581)
B-B80-3405,3405,Irlanda,B80,Bus,POINT (2.2145870036819253 41.44868699997638)
B-B20-3405,3405,Irlanda,B20,Bus,POINT (2.2145870036819253 41.44868699997638)
B-V33-3405,3405,Irlanda,V33,Bus,POINT (2.2145870036819253 41.44868699997638)
B-B82-3406,3406,Mercat Sagarra,B82,Bus,POINT (2.2112509994193785 41.45084999951412)
B-V33-3406,3406,Mercat Sagarra,V33,Bus,POINT (2.2112509994193785 41.45084999951412)
B-M27-3406,3406,Mercat Sagarra,M27,Bus,POINT (2.2112509994193785 41.45084999951412)
B-M19-3406,3406,Mercat Sagarra,M19,Bus,POINT (2.2112509994193785 41.45084999951412)
B-96-3413,3413,Provença - Larramendi,96,Bus,POINT (2.1888050017451834 41.479584999441265)
B-B18-3413,3413,Provença - Larramendi,B18,Bus,POINT (2.1888050017451834 41.479584999441265)
B-96-3414,3414,Av de la Ribera - Larramendi,96,Bus,POINT (2.1899429987551957 41.480280003116555)
B-B18-3414,3414,Av de la Ribera - Larramendi,B18,Bus,POINT (2.1899429987551957 41.480280003116555)
B-H14-3417,3417,Ronda Sant Pau - Carrer de les Flors,H14,Bus,POINT (2.1672129981410575 41.3756899965315)
B-21-3418,3418,Ronda Sant Pau - Paral·lel,21,Bus,POINT (2.167489003234227 41.37548700039533)
B-H4-3420,3420,Sant Adrià - Biosca,H4,Bus,POINT (2.2070730057802774 41.436512001685536)
B-54-3422,3422,Vallespir - Pl del Centre,54,Bus,POINT (2.135295996763716 41.38197700045274)
B-132-3423,3423,Av Rio de Janeiro - Cementiri de Sant Andreu,132,Bus,POINT (2.1805170012202764 41.436820999673536)
B-V13-3424,3424,Muntaner - Bisbe Sivilla,V13,Bus,POINT (2.135983996613625 41.40446300233303)
B-V13-3425,3425,Mandri - Mitre,V13,Bus,POINT (2.135550609551208 41.40178331959257)
B-V9-3426,3426,Viladomat - Av Roma,V9,Bus,POINT (2.1500160795373584 41.385108489548465)
B-78-3428,3428,Major - Riera d'en Nofre,78,Bus,POINT (2.052875002868451 41.36885799777564)
B-78-3429,3429,Major - Benzinera,78,Bus,POINT (2.050412005135921 41.37059000002557)
B-78-3430,3430,Major - Onze de Setembre,78,Bus,POINT (2.0462639952698494 41.37444399590977)
B-78-3431,3431,Onze de Setembre - Pg del Canal,78,Bus,POINT (2.0475769985737 41.37600699694499)
B-78-3432,3432,Major - Onze de Setembre,78,Bus,POINT (2.0461710005285174 41.37437500234891)
B-78-3433,3433,Major - Benzinera,78,Bus,POINT (2.050316005560224 41.37056900395197)
B-78-3434,3434,Major - Creu d'en Muntaner,78,Bus,POINT (2.0528540054195887 41.36875500430987)
B-V21-3436,3436,Av Cardenal Vidal i Barraquer - Berruguete,V21,Bus,POINT (2.1515730015480705 41.43276500306614)
B-121-3438,3438,Manso - Rocafort,121,Bus,POINT (2.159229306870639 41.37570502140064)
B-H16-3438,3438,Manso - Rocafort,H16,Bus,POINT (2.159229306870639 41.37570502140064)
B-65-3441,3441,Escola Bernat Metge,65,Bus,POINT (2.0957539959624825 41.322428000217755)
B-PR3-3441,3441,Escola Bernat Metge,PR3,Bus,POINT (2.0957539959624825 41.322428000217755)
B-23-3442,3442,Metro Parc Logístic,23,Bus,POINT (2.1277579977586636 41.34142900204121)
B-120-3443,3443,Gombau - Jaume Giralt,120,Bus,POINT (2.1793439945337374 41.3871829987881)
B-116-3446,3446,Av Pompeu Fabra - Ana María Matute,116,Bus,POINT (2.1585319993113044 41.4144660001164)
B-116-3447,3447,Riera Can Toda - Antequera,116,Bus,POINT (2.157727997973826 41.413992998768144)
B-116-3448,3448,Riera Can Toda - Miquel i Badia,116,Bus,POINT (2.1587430010021684 41.413098002925736)
B-196-3453,3453,Av Tibidabo - La Rotonda,196,Bus,POINT (2.136588001298948 41.41096600227183)
B-192-3454,3454,Bilbao - Perú,192,Bus,POINT (2.1966060036467443 41.40790600344507)
B-76-3460,3460,Castelldefels - Llerona,76,Bus,POINT (2.1816180047713742 41.459712998584905)
B-M12-3463,3463,Enric Prat de la Riba - Rbla. Marina,M12,Bus,POINT (2.1026308456590033 41.360027580196885)
B-B25-3467,3467,Pallars - Bac de Roda,B25,Bus,POINT (2.205572849771024 41.40694510987851)
B-H14-3467,3467,Pallars - Bac de Roda,H14,Bus,POINT (2.205572849771024 41.40694510987851)
B-7-3469,3469,Tànger - Llacuna,7,Bus,POINT (2.194464002325919 41.403820001796454)
B-H12-3469,3469,Tànger - Llacuna,H12,Bus,POINT (2.194464002325919 41.403820001796454)
B-H14-3469,3469,Tànger - Llacuna,H14,Bus,POINT (2.194464002325919 41.403820001796454)
B-V25-3469,3469,Tànger - Llacuna,V25,Bus,POINT (2.194464002325919 41.403820001796454)
B-111-3471,3471,Ctra de Vallvidrera - Camí de l'Observatori,111,Bus,POINT (2.1196849960274364 41.41973099587094)
B-157-3473,3473,Metro Collblanc,157,Bus,POINT (2.1185099960493186 41.37570199843762)
B-LH1-3473,3473,Metro Collblanc,LH1,Bus,POINT (2.1185099960493186 41.37570199843762)
B-D20-3473,3473,Metro Collblanc,D20,Bus,POINT (2.1185099960493186 41.37570199843762)
B-M12-3473,3473,Metro Collblanc,M12,Bus,POINT (2.1185099960493186 41.37570199843762)
B-196-3474,3474,Av Tibidabo - Pg Sant Gervasi,196,Bus,POINT (2.1365290038776816 41.41075900033448)
B-V15-3474,3474,Av Tibidabo - Pg Sant Gervasi,V15,Bus,POINT (2.1365290038776816 41.41075900033448)
B-V13-3474,3474,Av Tibidabo - Pg Sant Gervasi,V13,Bus,POINT (2.1365290038776816 41.41075900033448)
B-119-3475,3475,Marià Lavèrnia,119,Bus,POINT (2.1637530054062992 41.419487995916356)
B-27-3476,3476,IES Narcís Monturiol,27,Bus,POINT (2.1454009987103966 41.432067000777714)
B-60-3476,3476,IES Narcís Monturiol,60,Bus,POINT (2.1454009987103966 41.432067000777714)
B-76-3476,3476,IES Narcís Monturiol,76,Bus,POINT (2.1454009987103966 41.432067000777714)
B-V21-3476,3476,IES Narcís Monturiol,V21,Bus,POINT (2.1454009987103966 41.432067000777714)
B-H4-3476,3476,IES Narcís Monturiol,H4,Bus,POINT (2.1454009987103966 41.432067000777714)
B-M19-3476,3476,IES Narcís Monturiol,M19,Bus,POINT (2.1454009987103966 41.432067000777714)
B-H16-3477,3477,Pg Taulat - Pl de Llevant,H16,Bus,POINT (2.2180560017317164 41.40970000121777)
B-H16-3479,3479,UPC - Campus Diagonal Besòs,H16,Bus,POINT (2.2202049997860973 41.412448998565566)
B-H14-3480,3480,Tànger - Badajoz,H14,Bus,POINT (2.1912430031324726 41.40141399609379)
B-119-3482,3482,Panorama - Marià Lavèrnia,119,Bus,POINT (2.1650069962324925 41.419182995788105)
B-122-3483,3483,Vall d'Ordesa - Institut Josep Pla,122,Bus,POINT (2.164279996629374 41.43158300280519)
B-122-3484,3484,Vall d'Ordesa - Canfranc,122,Bus,POINT (2.166523004467689 41.43104400242483)
B-65-3485,3485,Escola Bernat Metge,65,Bus,POINT (2.0965742972199313 41.32264287576902)
B-PR3-3485,3485,Escola Bernat Metge,PR3,Bus,POINT (2.0965742972199313 41.32264287576902)
B-65-3486,3486,Escola Jacint Verdaguer,65,Bus,POINT (2.098582328325689 41.323455874405006)
B-PR3-3486,3486,Escola Jacint Verdaguer,PR3,Bus,POINT (2.098582328325689 41.323455874405006)
B-65-3487,3487,Escola Jacint Verdaguer,65,Bus,POINT (2.0986283299116484 41.32359287616309)
B-PR3-3487,3487,Escola Jacint Verdaguer,PR3,Bus,POINT (2.0986283299116484 41.32359287616309)
B-65-3488,3488,Plaça Roigé i Badia,65,Bus,POINT (2.0985560010370814 41.32940199646974)
B-PR3-3488,3488,Plaça Roigé i Badia,PR3,Bus,POINT (2.0985560010370814 41.32940199646974)
B-65-3489,3489,Institut Illa dels Banyols,65,Bus,POINT (2.1020830014489738 41.33109799580329)
B-PR3-3489,3489,Institut Illa dels Banyols,PR3,Bus,POINT (2.1020830014489738 41.33109799580329)
B-65-3490,3490,Les Moreres - Ignasi Iglésias,65,Bus,POINT (2.1001859961559 41.33300200052561)
B-PR3-3490,3490,Les Moreres - Ignasi Iglésias,PR3,Bus,POINT (2.1001859961559 41.33300200052561)
B-65-3491,3491,Les Moreres - Ignasi Iglésias,65,Bus,POINT (2.100183000681917 41.332880996398444)
B-PR3-3491,3491,Les Moreres - Ignasi Iglésias,PR3,Bus,POINT (2.100183000681917 41.332880996398444)
B-PR3-3492,3492,Escola Ramon Llull,PR3,Bus,POINT (2.089079209830568 41.32223791307201)
B-PR3-3493,3493,Escola Ramon Llull,PR3,Bus,POINT (2.088707207383914 41.32241691697096)
B-62-3500,3500,Av Sivatte - Vallbona,62,Bus,POINT (2.178825995844978 41.46625999726262)
B-97-3500,3500,Av Sivatte - Vallbona,97,Bus,POINT (2.178825995844978 41.46625999726262)
B-183-3500,3500,Av Sivatte - Vallbona,183,Bus,POINT (2.178825995844978 41.46625999726262)
B-183-3501,3501,Castelldefels - Av Vallbona,183,Bus,POINT (2.181713996959174 41.45967600352435)
B-PR3-3502,3502,Av. Remolar - Lleida,PR3,Bus,POINT (2.0898632002689466 41.32045388710554)
B-65-3503,3503,Lleida - Av. Remolar,65,Bus,POINT (2.090603209557144 41.320492883472525)
B-PR3-3503,3503,Lleida - Av. Remolar,PR3,Bus,POINT (2.090603209557144 41.320492883472525)
B-33-3505,3505,Via Trajana - Rbla Prim,33,Bus,POINT (2.198637995184554 41.42857699861773)
B-136-3505,3505,Via Trajana - Rbla Prim,136,Bus,POINT (2.198637995184554 41.42857699861773)
B-V21-3509,3509,Marina - Llull,V21,Bus,POINT (2.189855780517868 41.39273012030115)
B-H16-3509,3509,Marina - Llull,H16,Bus,POINT (2.189855780517868 41.39273012030115)
B-V21-3510,3510,Marina - Pujades,V21,Bus,POINT (2.189534999874991 41.392653000758536)
B-D40-3514,3514,Artesania - Via Favència,D40,Bus,POINT (2.171990996582557 41.443094000911316)
B-V29-3514,3514,Artesania - Via Favència,V29,Bus,POINT (2.171990996582557 41.443094000911316)
B-D40-3515,3515,Rda. Guineueta Vella - Antonio Machado,D40,Bus,POINT (2.169746997369466 41.443952997536186)
B-125-3517,3517,Cisell - Mare de Déu de Port,125,Bus,POINT (2.1453850009208515 41.354931002472775)
B-V5-3517,3517,Cisell - Mare de Déu de Port,V5,Bus,POINT (2.1453850009208515 41.354931002472775)
B-V5-3518,3518,Mare de Déu de Port - L'Anoia,V5,Bus,POINT (2.139446999033176 41.36405499974369)
B-V5-3519,3519,Mineria - Font Florida,V5,Bus,POINT (2.1398770056113277 41.366361000061964)
B-V5-3521,3521,Comtes de Bell-lloc - Berlín,V5,Bus,POINT (2.136169997491755 41.38231599621564)
B-V5-3522,3522,Can Bruixa - Comtes de Bell-lloc,V5,Bus,POINT (2.1341560028858884 41.384595998496486)
B-V5-3524,3524,Joan Güell - Travessera de les Corts,V5,Bus,POINT (2.131024005110737 41.38366499918253)
B-V5-3525,3525,Joan Güell - Av. Madrid,V5,Bus,POINT (2.1325370013253115 41.380298996448595)
B-V5-3526,3526,Joan Güell - Cerdanyola,V5,Bus,POINT (2.1338810028894093 41.37725599722415)
B-V5-3527,3527,Química - Gran Via,V5,Bus,POINT (2.138299995709412 41.365778997955154)
B-V5-3528,3528,Mare de Déu de Port - Foc,V5,Bus,POINT (2.143337004066023 41.35830600078568)
B-V29-3530,3530,Cantàbria - Rambla Guipúscoa,V29,Bus,POINT (2.201158998551605 41.419746996390174)
B-V29-3531,3531,Selva de Mar - Rambla Guipúscoa,V29,Bus,POINT (2.1986000014259144 41.4168979982989)
B-V29-3532,3532,Selva de Mar - Pg Taulat,V29,Bus,POINT (2.213507004163164 41.4053829961099)
B-V29-3533,3533,Av del Litoral - Platja de Llevant,V29,Bus,POINT (2.2163429996675936 41.403978000813396)
B-V29-3534,3534,Josep Pla - Pg Garcia Fària,V29,Bus,POINT (2.217850002622461 41.407400997148876)
B-V29-3535,3535,Josep Pla - Av. Diagonal,V29,Bus,POINT (2.2153580029042415 41.40928799683206)
B-109-3537,3537,Provença - Villarroel,109,Bus,POINT (2.153025002853303 41.388437000296136)
B-H6-3538,3538,Rda Guinardó - Sant Quintí,H6,Bus,POINT (2.173864999902538 41.415850003719186)
B-V23-3538,3538,Rda Guinardó - Sant Quintí,V23,Bus,POINT (2.173864999902538 41.415850003719186)
B-191-3538,3538,Rda Guinardó - Sant Quintí,191,Bus,POINT (2.173864999902538 41.415850003719186)
B-H6-3539,3539,Rda Guinardó - Vinyals,H6,Bus,POINT (2.176289995235071 41.41843799600812)
B-H6-3540,3540,Rda. Guinardó - Segle XX,H6,Bus,POINT (2.1772027913643477 41.42246862014996)
B-117-3541,3541,Rda Guinardó - Vinyals,117,Bus,POINT (2.1761080022227026 41.41841800236937)
B-H6-3541,3541,Rda Guinardó - Vinyals,H6,Bus,POINT (2.1761080022227026 41.41841800236937)
B-H6-3542,3542,Rda Guinardó - Telègraf,H6,Bus,POINT (2.1742129980443785 41.416604004043364)
B-H6-3543,3543,Rda Guinardó - Cartagena,H6,Bus,POINT (2.171036003865626 41.41424299839576)
B-V23-3543,3543,Rda Guinardó - Cartagena,V23,Bus,POINT (2.171036003865626 41.41424299839576)
B-191-3543,3543,Rda Guinardó - Cartagena,191,Bus,POINT (2.171036003865626 41.41424299839576)
B-V5-3544,3544,Av. Pearson - Av. d'Esplugues,V5,Bus,POINT (2.111937177965016 41.39401864603362)
B-V5-3545,3545,Av Pearson - Pl Joan d'Alòs,V5,Bus,POINT (2.1103519960931827 41.393772998350244)
B-H14-3547,3547,Cristóbal de Moura - Perpinyà,H14,Bus,POINT (2.215560001467087 41.41799399842937)
B-V33-3547,3547,Cristóbal de Moura - Perpinyà,V33,Bus,POINT (2.215560001467087 41.41799399842937)
B-H14-3548,3548,Cristóbal de Moura - Rambla Prim,H14,Bus,POINT (2.2124530015829453 41.41566800196818)
B-B25-3550,3550,Marroc,B25,Bus,POINT (2.2087289970720967 41.41457400103114)
B-H14-3550,3550,Marroc,H14,Bus,POINT (2.2087289970720967 41.41457400103114)
B-H14-3551,3551,Marroc - Bac de Roda,H14,Bus,POINT (2.201320994862213 41.409000002336846)
B-H14-3552,3552,Tànger - Av Meridiana,H14,Bus,POINT (2.187428001110433 41.398583002053805)
B-H14-3556,3556,Cristóbal de Moura - Perpinyà,H14,Bus,POINT (2.2158010052702073 41.41791099814951)
B-V33-3556,3556,Cristóbal de Moura - Perpinyà,V33,Bus,POINT (2.2158010052702073 41.41791099814951)
B-27-3558,3558,Travessera de Gràcia - Calvet,27,Bus,POINT (2.145434999284593 41.39347999770096)
B-D40-3558,3558,Travessera de Gràcia - Calvet,D40,Bus,POINT (2.145434999284593 41.39347999770096)
B-191-3559,3559,Mas Casanovas - Hospital de Sant Pau,191,Bus,POINT (2.173496999436209 41.41513499602197)
B-91-3561,3561,Manso - Calàbria,91,Bus,POINT (2.160303997952487 41.3765310006033)
B-H6-3566,3566,Pl Lesseps,H6,Bus,POINT (2.149081999991143 41.40621500253943)
B-13-3567,3567,Manso - Viladomat,13,Bus,POINT (2.160074997023482 41.37635399782575)
B-V9-3568,3568,Viladomat - Sepúlveda,V9,Bus,POINT (2.15803299470882 41.37905900381795)
B-68-3570,3570,Provença - Casanova,68,Bus,POINT (2.1545539963554012 41.389572003080616)
B-6-3571,3571,Pujades - Joan d'Àustria,6,Bus,POINT (2.1898409985709253 41.39367900303358)
B-B25-3571,3571,Pujades - Joan d'Àustria,B25,Bus,POINT (2.1898409985709253 41.39367900303358)
B-B20-3571,3571,Pujades - Joan d'Àustria,B20,Bus,POINT (2.1898409985709253 41.39367900303358)
B-136-3571,3571,Pujades - Joan d'Àustria,136,Bus,POINT (2.1898409985709253 41.39367900303358)
B-B25-3572,3572,Llull - Joan d'Àustria,B25,Bus,POINT (2.1911190050136673 41.39283900090804)
B-B20-3572,3572,Llull - Joan d'Àustria,B20,Bus,POINT (2.1911190050136673 41.39283900090804)
B-136-3572,3572,Llull - Joan d'Àustria,136,Bus,POINT (2.1911190050136673 41.39283900090804)
B-136-3573,3573,Rambla Prim - Santander,136,Bus,POINT (2.2011809393425743 41.424691049360604)
B-V9-3574,3574,Viladomat - Marquès de Campo Sagrado,V9,Bus,POINT (2.1627519983002426 41.375491003553506)
B-V9-3575,3575,Entença - Av Mistral,V9,Bus,POINT (2.15460999652274 41.37666700023821)
B-V9-3576,3576,Entença - València,V9,Bus,POINT (2.1477690050541103 41.381838996355164)
B-V9-3577,3577,Entença - Rosselló,V9,Bus,POINT (2.1445590018335188 41.38425900433476)
B-V9-3578,3578,Entença - Av Josep Tarradellas,V9,Bus,POINT (2.142084003559709 41.38616199558755)
B-V9-3579,3579,Entença - Déu i Mata,V9,Bus,POINT (2.137758001032665 41.39032600148529)
B-V9-3580,3580,Doctor Fleming - Santa Fe de Nou Mèxic,V9,Bus,POINT (2.1350040022927357 41.39434300235448)
B-V9-3581,3581,Calatrava - Vergós,V9,Bus,POINT (2.13029299742745 41.39953900020093)
B-V9-3582,3582,Iradier - Pg. Bonanova,V9,Bus,POINT (2.1266870032616505 41.403209003012044)
B-V9-3583,3583,Anglí - Pl. Benet XV,V9,Bus,POINT (2.1206609990947833 41.40545100288567)
B-V9-3584,3584,Anglí - Margenat,V9,Bus,POINT (2.122678998648095 41.403391997055735)
B-V9-3585,3585,Anglí - Pg. Bonanova,V9,Bus,POINT (2.1246940031534773 41.40133800324351)
B-V9-3586,3586,Anglí - Via Augusta,V9,Bus,POINT (2.1278419961665946 41.39812100004735)
B-V9-3587,3587,Dr Fleming - Ronda General Mitre,V9,Bus,POINT (2.13460299807586 41.39479999944653)
B-V9-3588,3588,Dr Fleming - Bori i Fontestà,V9,Bus,POINT (2.1360520019632654 41.391816996787696)
B-141-3589,3589,Manso - Comte Borrell,141,Bus,POINT (2.161662996075732 41.37755400381939)
B-V9-3590,3590,Viladomat - Còrsega,V9,Bus,POINT (2.1475310028895778 41.38697199950667)
B-V9-3591,3591,Viladomat - Aragó,V9,Bus,POINT (2.153190002593371 41.382719996320745)
B-V9-3592,3592,Viladomat - Diputació,V9,Bus,POINT (2.1559110034942166 41.38065700106433)
B-V33-3595,3595,Sant Ramon de Penyafort - Av Eduard Maristany,V33,Bus,POINT (2.220956997068794 41.41383800293329)
B-B20-3596,3596,La Mina - Ponent,B20,Bus,POINT (2.217784997970231 41.41811900270015)
B-V33-3596,3596,La Mina - Ponent,V33,Bus,POINT (2.217784997970231 41.41811900270015)
B-V33-3597,3597,Alfons el Magnànim - Jaume Huguet,V33,Bus,POINT (2.2125750001024986 41.41804600026631)
B-V33-3598,3598,Alfons el Magnànim - Jaume Huguet,V33,Bus,POINT (2.2124920002807635 41.4178579956146)
B-76-3604,3604,Vallcivera - Av Rasos de Peguera,76,Bus,POINT (2.1759850039436968 41.45957599969221)
B-104-3604,3604,Vallcivera - Av Rasos de Peguera,104,Bus,POINT (2.1759850039436968 41.45957599969221)
B-199-3604,3604,Vallcivera - Av Rasos de Peguera,199,Bus,POINT (2.1759850039436968 41.45957599969221)
B-183-3604,3604,Vallcivera - Av Rasos de Peguera,183,Bus,POINT (2.1759850039436968 41.45957599969221)
B-H16-3605,3605,Carmen Amaya - Taulat,H16,Bus,POINT (2.2027720046973327 41.39435400230628)
B-V27-3605,3605,Carmen Amaya - Taulat,V27,Bus,POINT (2.2027720046973327 41.39435400230628)
B-V25-3605,3605,Carmen Amaya - Taulat,V25,Bus,POINT (2.2027720046973327 41.39435400230628)
B-V25-3607,3607,Llacuna - Doctor Trueta,V25,Bus,POINT (2.2024950019192784 41.398473998386024)
B-V25-3608,3608,Llacuna - Llull,V25,Bus,POINT (2.200261997188289 41.40015999804863)
B-192-3610,3610,Trinxant - Ripollès,192,Bus,POINT (2.1857240040515653 41.414493001006164)
B-V25-3610,3610,Trinxant - Ripollès,V25,Bus,POINT (2.1857240040515653 41.414493001006164)
B-192-3611,3611,Trinxant - Sant Antoni Maria Claret,192,Bus,POINT (2.1825450027135123 41.41692400250495)
B-V25-3611,3611,Trinxant - Sant Antoni Maria Claret,V25,Bus,POINT (2.1825450027135123 41.41692400250495)
B-V25-3612,3612,Navas de Tolosa - Juan de Garay,V25,Bus,POINT (2.1814420057329533 41.419293996188536)
B-62-3613,3613,Meridiana - Aragó,62,Bus,POINT (2.1865999961298273 41.40799399660898)
B-V25-3615,3615,Museu Can Framis,V25,Bus,POINT (2.1945380017621994 41.4026909982569)
B-V25-3616,3616,Roc Boronat - Pere IV,V25,Bus,POINT (2.196799001226403 41.4009559992973)
B-6-3617,3617,Roc Boronat - Llull,6,Bus,POINT (2.1990030052249976 41.39927100037574)
B-V25-3617,3617,Roc Boronat - Llull,V25,Bus,POINT (2.1990030052249976 41.39927100037574)
B-V23-3618,3618,Independència - Sant Antoni Maria Claret,V23,Bus,POINT (2.1770599951566956 41.41266899809154)
B-V23-3619,3619,Can Marcet,V23,Bus,POINT (2.151064002538833 41.43441200445017)
B-V23-3620,3620,Can Marcet - Vall d'Hebron,V23,Bus,POINT (2.148194994670828 41.43513899924753)
B-V23-3621,3621,Av Estatut - Botticelli,V23,Bus,POINT (2.153043001405123 41.43496300197386)
B-V23-3622,3622,Pl Botticelli,V23,Bus,POINT (2.153033000234439 41.43285599948308)
B-V23-3623,3623,Castillejos - Enamorats,V23,Bus,POINT (2.181726001795311 41.403818001087366)
B-V23-3624,3624,Teatre Nacional de Catalunya,V23,Bus,POINT (2.1853239996797376 41.40110099562166)
B-V23-3625,3625,Pamplona - Tànger,V23,Bus,POINT (2.188607994282323 41.39865200388886)
B-V23-3626,3626,Pamplona - Pere IV,V23,Bus,POINT (2.1923960025881235 41.39583800370852)
B-V23-3627,3627,Pamplona - Doctor Trueta,V23,Bus,POINT (2.195671996667587 41.39339900142397)
B-V23-3628,3628,Arquitecte Sert - Av Icària,V23,Bus,POINT (2.1985240045311722 41.39126599958444)
B-V23-3629,3629,Av Litoral - Arquitecte Sert,V23,Bus,POINT (2.201555001182291 41.391125999877616)
B-V23-3630,3630,Jaume Vicenç i Vives - Icària,V23,Bus,POINT (2.201214001401302 41.39431100394703)
B-V23-3631,3631,Cartagena - Niça,V23,Bus,POINT (2.169868999611674 41.41449399908633)
B-185-3632,3632,Tajo - Pl Santes Creus,185,Bus,POINT (2.162398999756833 41.429995002384324)
B-H2-3632,3632,Tajo - Pl Santes Creus,H2,Bus,POINT (2.162398999756833 41.429995002384324)
B-19-3633,3633,Llobregós - Ciències,19,Bus,POINT (2.1580199960985356 41.425408998494575)
B-H2-3633,3633,Llobregós - Ciències,H2,Bus,POINT (2.1580199960985356 41.425408998494575)
B-H2-3634,3634,Petrarca - Fabra i Puig,H2,Bus,POINT (2.167297997470727 41.43021000380475)
B-V19-3636,3636,Josep Garí - Comte de Sert,V19,Bus,POINT (2.1352289954690518 41.41556800251535)
B-114-3637,3637,Ronda Guinardó - Pi i Margall,114,Bus,POINT (2.163999998141423 41.411749000553606)
B-H6-3637,3637,Ronda Guinardó - Pi i Margall,H6,Bus,POINT (2.163999998141423 41.411749000553606)
B-V19-3637,3637,Ronda Guinardó - Pi i Margall,V19,Bus,POINT (2.163999998141423 41.411749000553606)
B-191-3637,3637,Ronda Guinardó - Pi i Margall,191,Bus,POINT (2.163999998141423 41.411749000553606)
B-192-3638,3638,Mas Casanovas - Cartagena,192,Bus,POINT (2.172285000207396 41.41423500278885)
B-V23-3638,3638,Mas Casanovas - Cartagena,V23,Bus,POINT (2.172285000207396 41.41423500278885)
B-191-3638,3638,Mas Casanovas - Cartagena,191,Bus,POINT (2.172285000207396 41.41423500278885)
B-H2-3639,3639,Petrarca - Pg Maragall,H2,Bus,POINT (2.1639750005197373 41.428276000898784)
B-V15-3640,3640,Josep Garí - Av Tibidabo,V15,Bus,POINT (2.134433004766972 41.41521900372621)
B-B25-3641,3641,Marroc - Treball,B25,Bus,POINT (2.2064769993130806 41.41288599987957)
B-H14-3641,3641,Marroc - Treball,H14,Bus,POINT (2.2064769993130806 41.41288599987957)
B-H8-3642,3642,Sas - Pl Celestí Boada,H8,Bus,POINT (2.2039199963580174 41.43889999620643)
B-H10-3644,3644,Pg Sant Antoni - Pl Sants,H10,Bus,POINT (2.1355539993129673 41.37554699799046)
B-H6-3645,3645,Metro Onze de Setembre,H6,Bus,POINT (2.1948600054587346 41.428163002535854)
B-V1-3646,3646,Parc de Cervantes,V1,Bus,POINT (2.1053760053530897 41.38602699773797)
B-V1-3647,3647,Riera Blanca - Plaça Guernica,V1,Bus,POINT (2.122800994487696 41.374998002112065)
B-V1-3648,3648,Riera Blanca - Rambla Catalana,V1,Bus,POINT (2.1262560047332406 41.372261997920376)
B-H8-3649,3649,Travessera de les Corts - Comte de Güell,H8,Bus,POINT (2.1219470010556445 41.3782350039356)
B-V1-3650,3650,Riera Blanca - Congost,V1,Bus,POINT (2.128782999587657 41.3709059974833)
B-LH1-3651,3651,Metro Santa Eulàlia,LH1,Bus,POINT (2.1307939967415894 41.36915900012847)
B-V1-3651,3651,Metro Santa Eulàlia,V1,Bus,POINT (2.1307939967415894 41.36915900012847)
B-LH2-3652,3652,Riera Blanca - Santiago Ramon y Cajal,LH2,Bus,POINT (2.1309129964251667 41.36919300159831)
B-V1-3652,3652,Riera Blanca - Santiago Ramon y Cajal,V1,Bus,POINT (2.1309129964251667 41.36919300159831)
B-LH2-3653,3653,Riera Blanca - Pavia,LH2,Bus,POINT (2.1282270023988867 41.37119599935608)
B-V1-3653,3653,Riera Blanca - Pavia,V1,Bus,POINT (2.1282270023988867 41.37119599935608)
B-V1-3654,3654,Riera Blanca - Sant Frederic,V1,Bus,POINT (2.1260170042417186 41.372581003763464)
B-V33-3655,3655,Irlanda - Mossèn Jacint Verdaguer,V33,Bus,POINT (2.214965996977762 41.44765800211175)
B-133-3656,3656,Sant Adrià - Ciutat d'Asunción,133,Bus,POINT (2.2004809970911645 41.435722001672254)
B-133-3657,3657,Malats - Arbúcies,133,Bus,POINT (2.186374999640156 41.436546004276586)
B-133-3658,3658,Malats - Gran de Sant Andreu,133,Bus,POINT (2.1893350041366024 41.436007998212666)
B-V1-3661,3661,Riera Blanca - Regent Mendieta,V1,Bus,POINT (2.1218069976690237 41.3762180003984)
B-M12-3661,3661,Riera Blanca - Regent Mendieta,M12,Bus,POINT (2.1218069976690237 41.3762180003984)
B-V1-3662,3662,Arístides Maillol - Trav. de les Corts,V1,Bus,POINT (2.1212430000315505 41.378351996744755)
B-M12-3662,3662,Arístides Maillol - Trav. de les Corts,M12,Bus,POINT (2.1212430000315505 41.378351996744755)
B-199-3664,3664,St Feliu de Codines - Pau Sabater,199,Bus,POINT (2.1779790017498404 41.45862099796589)
B-199-3665,3665,St Feliu de Codines - Vilatorta,199,Bus,POINT (2.177209996748796 41.45779299790055)
B-199-3666,3666,St Quirze de Safaja - St Feliu de Codines,199,Bus,POINT (2.174615002384684 41.456109000952814)
B-199-3667,3667,Castellfollit - St Feliu de Codines,199,Bus,POINT (2.1749569960933615 41.455401004182654)
B-199-3668,3668,Castellfollit - Travessia Castellfollit,199,Bus,POINT (2.176048998007768 41.45587100129203)
B-183-3668,3668,Castellfollit - Travessia Castellfollit,183,Bus,POINT (2.176048998007768 41.45587100129203)
B-199-3669,3669,Prats de Rei - Castell d'Argençola,199,Bus,POINT (2.174294999737813 41.4544169958525)
B-199-3670,3670,Castellví - Lliçà,199,Bus,POINT (2.1718609946430947 41.45407799717574)
B-199-3671,3671,Argençola - Lliçà,199,Bus,POINT (2.1735560021464 41.45403199959388)
B-199-3672,3672,Pruit - Escolapi Càncer,199,Bus,POINT (2.1736919941758055 41.452975002232655)
B-196-3674,3674,Av. Tibidabo - García Mariño,196,Bus,POINT (2.135741001080257 41.41211400324089)
B-V13-3674,3674,Av. Tibidabo - García Mariño,V13,Bus,POINT (2.135741001080257 41.41211400324089)
B-V13-3675,3675,Av Tibidabo - Bosch i Alsina,V13,Bus,POINT (2.134356003349574 41.413715998375004)
B-60-3676,3676,Santander - Cànem,60,Bus,POINT (2.204470001169704 41.43058300044541)
B-B21-3676,3676,Santander - Cànem,B21,Bus,POINT (2.204470001169704 41.43058300044541)
B-B24-3676,3676,Santander - Cànem,B24,Bus,POINT (2.204470001169704 41.43058300044541)
B-60-3677,3677,Via Trajana - Santander,60,Bus,POINT (2.203464010404055 41.42807274975999)
B-B21-3677,3677,Via Trajana - Santander,B21,Bus,POINT (2.203464010404055 41.42807274975999)
B-60-3678,3678,Via Trajana - Binèfar,60,Bus,POINT (2.2063189962630707 41.42691300061509)
B-B21-3678,3678,Via Trajana - Binèfar,B21,Bus,POINT (2.2063189962630707 41.42691300061509)
B-60-3679,3679,Via Trajana - Guipúscoa,60,Bus,POINT (2.2090659941212567 41.42567699941832)
B-B21-3679,3679,Via Trajana - Guipúscoa,B21,Bus,POINT (2.2090659941212567 41.42567699941832)
B-60-3680,3680,Escola Túrbula,60,Bus,POINT (2.2113039948365403 41.42358500435041)
B-B21-3680,3680,Escola Túrbula,B21,Bus,POINT (2.2113039948365403 41.42358500435041)
B-60-3681,3681,Escola Túrbula,60,Bus,POINT (2.2113989970742742 41.423534997600655)
B-B21-3681,3681,Escola Túrbula,B21,Bus,POINT (2.2113989970742742 41.423534997600655)
B-60-3682,3682,Via Trajana - Guipúscoa,60,Bus,POINT (2.208185759493107 41.42613478013861)
B-B21-3682,3682,Via Trajana - Guipúscoa,B21,Bus,POINT (2.208185759493107 41.42613478013861)
B-60-3683,3683,Via Trajana - Binèfar,60,Bus,POINT (2.2064040039720907 41.42696800110397)
B-B21-3683,3683,Via Trajana - Binèfar,B21,Bus,POINT (2.2064040039720907 41.42696800110397)
B-60-3684,3684,Via Trajana - Santander,60,Bus,POINT (2.2035412695757066 41.42815699005278)
B-B21-3684,3684,Via Trajana - Santander,B21,Bus,POINT (2.2035412695757066 41.42815699005278)
B-60-3685,3685,Santander - Ferrocarril,60,Bus,POINT (2.205337999215151 41.43128399649222)
B-B21-3685,3685,Santander - Ferrocarril,B21,Bus,POINT (2.205337999215151 41.43128399649222)
B-B24-3685,3685,Santander - Ferrocarril,B24,Bus,POINT (2.205337999215151 41.43128399649222)
B-B25-3688,3688,Extremadura - Guipúscoa,B25,Bus,POINT (2.209254000012841 41.42476499807604)
B-V33-3688,3688,Extremadura - Guipúscoa,V33,Bus,POINT (2.209254000012841 41.42476499807604)
B-B25-3689,3689,Extremadura - Guipúscoa,B25,Bus,POINT (2.2094319965131626 41.425173998244226)
B-V33-3689,3689,Extremadura - Guipúscoa,V33,Bus,POINT (2.2094319965131626 41.425173998244226)
B-D50-3690,3690,Ronda Sant Pau - Folch i Torres,D50,Bus,POINT (2.166160000317437 41.376486004437275)
B-114-3697,3697,Pg Sant Joan - Sant Antoni Maria Claret,114,Bus,POINT (2.1647869996245728 41.403301000290064)
B-102-3698,3698,Lisboa - Santa Joana d'Arc,102,Bus,POINT (2.1579420023707816 41.429264001616296)
B-185-3698,3698,Lisboa - Santa Joana d'Arc,185,Bus,POINT (2.1579420023707816 41.429264001616296)
B-V25-3698,3698,Lisboa - Santa Joana d'Arc,V25,Bus,POINT (2.1579420023707816 41.429264001616296)
B-V23-3698,3698,Lisboa - Santa Joana d'Arc,V23,Bus,POINT (2.1579420023707816 41.429264001616296)
B-86-3699,3699,Dante Alighieri - Estoril,86,Bus,POINT (2.1619459989733323 41.42898800389562)
B-H2-3699,3699,Dante Alighieri - Estoril,H2,Bus,POINT (2.1619459989733323 41.42898800389562)
B-V1-3700,3700,Riera Blanca - Santa Eulàlia,V1,Bus,POINT (2.131643000615832 41.367752002749015)
B-V1-3701,3701,Aprestadora - Buenos Aires,V1,Bus,POINT (2.131020999405484 41.365485002996046)
B-L16-3702,3702,Pl. Francesc Macià,L16,Bus,POINT (2.1277580004650747 41.36320900050402)
B-V1-3702,3702,Pl. Francesc Macià,V1,Bus,POINT (2.1277580004650747 41.36320900050402)
B-L16-3703,3703,Metro Provençana,L16,Bus,POINT (2.124120000721384 41.361442003830135)
B-V1-3703,3703,Metro Provençana,V1,Bus,POINT (2.124120000721384 41.361442003830135)
B-LH1-3704,3704,CAP Amadeu Torner,LH1,Bus,POINT (2.1230160006587444 41.36049400146586)
B-V1-3704,3704,CAP Amadeu Torner,V1,Bus,POINT (2.1230160006587444 41.36049400146586)
B-LH1-3705,3705,Amadeu Torner - Jerusalem,LH1,Bus,POINT (2.1243489976436694 41.358235999807754)
B-V1-3705,3705,Amadeu Torner - Jerusalem,V1,Bus,POINT (2.1243489976436694 41.358235999807754)
B-V1-3706,3706,Av Joan Carles I - Av Gran Via,V1,Bus,POINT (2.1258410002792676 41.355705999725814)
B-V1-3707,3707,Av Joan Carles I - Ciències,V1,Bus,POINT (2.1275589987217103 41.353596003092086)
B-V1-3708,3708,Av Joan Carles I - Botànica,V1,Bus,POINT (2.1296609961734174 41.35186600378381)
B-V1-3709,3709,Pablo Iglesias - Miguel Hernández,V1,Bus,POINT (2.124723004096205 41.34635200385291)
B-V1-3710,3710,Primer de Maig - Botànica,V1,Bus,POINT (2.1221329987322313 41.34608100136785)
B-V1-3711,3711,Botànica - Primer de Maig,V1,Bus,POINT (2.1232970000086486 41.34766799881549)
B-V1-3712,3712,Av. Joan Carles I - Ciències,V1,Bus,POINT (2.1261359943310776 41.35563899916507)
B-LH2-3713,3713,Metro/FGC Europa | Fira,LH2,Bus,POINT (2.124819000648526 41.35787300427803)
B-V1-3713,3713,Metro/FGC Europa | Fira,V1,Bus,POINT (2.124819000648526 41.35787300427803)
B-L16-3714,3714,Amadeu Torner - Aprestadora,L16,Bus,POINT (2.122465999327453 41.3618500006936)
B-LH2-3714,3714,Amadeu Torner - Aprestadora,LH2,Bus,POINT (2.122465999327453 41.3618500006936)
B-V1-3714,3714,Amadeu Torner - Aprestadora,V1,Bus,POINT (2.122465999327453 41.3618500006936)
B-L16-3715,3715,Av. Carrilet - Cooperativa,L16,Bus,POINT (2.1224140039904125 41.36499999780876)
B-V1-3715,3715,Av. Carrilet - Cooperativa,V1,Bus,POINT (2.1224140039904125 41.36499999780876)
B-L16-3716,3716,Av. Carrilet - Comerç,L16,Bus,POINT (2.1262700049633896 41.364564001932536)
B-V1-3716,3716,Av. Carrilet - Comerç,V1,Bus,POINT (2.1262700049633896 41.364564001932536)
B-V1-3718,3718,Riera Blanca - Santa Eulàlia,V1,Bus,POINT (2.1316980047185714 41.36791100435902)
B-V9-3719,3719,Iradier - Terré,V9,Bus,POINT (2.122887995428129 41.40710100164083)
B-V1-3720,3720,Av Joan Carles I - Botànica,V1,Bus,POINT (2.129859003990861 41.35201399995271)
B-63-3721,3721,Pl. Maria Aurèlia Capmany,63,Bus,POINT (2.0585180055685672 41.376408002207256)
B-192-3722,3722,Meridiana - Aragó,192,Bus,POINT (2.187133004072414 41.40821399723105)
B-V25-3722,3722,Meridiana - Aragó,V25,Bus,POINT (2.187133004072414 41.40821399723105)
B-68-3724,3724,Hospital Sant Joan de Déu,68,Bus,POINT (2.101504998544748 41.38357000040429)
B-78-3724,3724,Hospital Sant Joan de Déu,78,Bus,POINT (2.101504998544748 41.38357000040429)
B-JM-3724,3724,Hospital Sant Joan de Déu,JM,Bus,POINT (2.101504998544748 41.38357000040429)
B-68-3725,3725,Av d'Ahrensburg - Av Jacint Esteva Fontanet,68,Bus,POINT (2.0979369950021147 41.38220700196519)
B-78-3725,3725,Av d'Ahrensburg - Av Jacint Esteva Fontanet,78,Bus,POINT (2.0979369950021147 41.38220700196519)
B-EP1-3725,3725,Av d'Ahrensburg - Av Jacint Esteva Fontanet,EP1,Bus,POINT (2.0979369950021147 41.38220700196519)
B-119-3743,3743,Mühlberg - Ctra del Carmel,119,Bus,POINT (2.1590459973815546 41.41799500001144)
B-119-3744,3744,Mühlberg - Turó de la Rovira,119,Bus,POINT (2.159803003936088 41.41854800430367)
B-H8-3747,3747,Les Corts - Benavent,H8,Bus,POINT (2.124540003578509 41.379928996068024)
B-60-3750,3750,Caracas - Cuzco,60,Bus,POINT (2.2035019956729984 41.440653004047086)
B-V33-3750,3750,Caracas - Cuzco,V33,Bus,POINT (2.2035019956729984 41.440653004047086)
B-133-3750,3750,Caracas - Cuzco,133,Bus,POINT (2.2035019956729984 41.440653004047086)
B-68-3751,3751,Juan de la Cierva - Av Jacint Esteva Fontanet,68,Bus,POINT (2.096537994431736 41.3829800022516)
B-78-3751,3751,Juan de la Cierva - Av Jacint Esteva Fontanet,78,Bus,POINT (2.096537994431736 41.3829800022516)
B-68-3752,3752,Juan de la Cierva - Pau Casals,68,Bus,POINT (2.0997069986209835 41.38364100424555)
B-78-3752,3752,Juan de la Cierva - Pau Casals,78,Bus,POINT (2.0997069986209835 41.38364100424555)
B-68-3753,3753,Hospital Sant Joan de Déu,68,Bus,POINT (2.1013345597353354 41.383644239571254)
B-78-3753,3753,Hospital Sant Joan de Déu,78,Bus,POINT (2.1013345597353354 41.383644239571254)
B-JM-3753,3753,Hospital Sant Joan de Déu,JM,Bus,POINT (2.1013345597353354 41.383644239571254)
B-55-3754,3754,Calàbria - Manso,55,Bus,POINT (2.1593035342684903 41.37646017000213)
B-141-3754,3754,Calàbria - Manso,141,Bus,POINT (2.1593035342684903 41.37646017000213)
B-23-3755,3755,Jocs del 92 - INEFC,23,Bus,POINT (2.146074099734289 41.36503146935804)
B-21-3760,3760,Carrer A - Carrer número 27,21,Bus,POINT (2.1401449959627694 41.33558599868143)
B-109-3760,3760,Carrer A - Carrer número 27,109,Bus,POINT (2.1401449959627694 41.33558599868143)
B-V33-3761,3761,Ciutat d'Asunción - Ferran Junoy,V33,Bus,POINT (2.1984839999050685 41.44597699705305)
B-133-3761,3761,Ciutat d'Asunción - Ferran Junoy,133,Bus,POINT (2.1984839999050685 41.44597699705305)
B-V7-3762,3762,València - Tarragona,V7,Bus,POINT (2.145559002270244 41.37925199762359)
B-D40-3762,3762,València - Tarragona,D40,Bus,POINT (2.145559002270244 41.37925199762359)
B-D40-3763,3763,Diputació - Vilamarí,D40,Bus,POINT (2.1495380031585407 41.37730200088744)
B-123-3765,3765,Vista Bella - Infanta Isabel,123,Bus,POINT (2.1298260041943773 41.41014700044301)
B-175-3766,3766,Cavallers - González Tablas,175,Bus,POINT (2.107926003627298 41.38745500020197)
B-54-3767,3767,Berlín - Numància,54,Bus,POINT (2.1386079943279386 41.38292600330318)
B-76-3769,3769,Aiguablava - Sa Tuna,76,Bus,POINT (2.1865299978468027 41.4527249977473)
B-D50-3769,3769,Aiguablava - Sa Tuna,D50,Bus,POINT (2.1865299978468027 41.4527249977473)
B-180-3769,3769,Aiguablava - Sa Tuna,180,Bus,POINT (2.1865299978468027 41.4527249977473)
B-D50-3770,3770,Aiguablava - Sa Tuna,D50,Bus,POINT (2.1866999963036533 41.45297800206275)
B-180-3770,3770,Aiguablava - Sa Tuna,180,Bus,POINT (2.1866999963036533 41.45297800206275)
B-V7-3771,3771,Pl Borràs,V7,Bus,POINT (2.116836995942716 41.40393800303999)
B-H2-3771,3771,Pl Borràs,H2,Bus,POINT (2.116836995942716 41.40393800303999)
B-150-3774,3774,Can Valero - Doctor Font i Quer,150,Bus,POINT (2.160011426142211 41.364699025069285)
B-127-3775,3775,Sa Tuna - Palamós,127,Bus,POINT (2.1875159957678925 41.451991997984514)
B-96-3776,3776,Bach - Joan Miró,96,Bus,POINT (2.177478239974674 41.49294850966795)
B-96-3778,3778,Av Europa - Victòria dels Àngels,96,Bus,POINT (2.18104299923375 41.49921399612611)
B-39-3780,3780,Amílcar - Pl Catalana,39,Bus,POINT (2.172990004964191 41.42128200033162)
B-117-3780,3780,Amílcar - Pl Catalana,117,Bus,POINT (2.172990004964191 41.42128200033162)
B-62-3781,3781,Meridiana - Metro Clot,62,Bus,POINT (2.1871523896344525 41.41018381913459)
B-183-3782,3782,Oristà - Pl Primer de Maig,183,Bus,POINT (2.1856859985188932 41.46540899998063)
B-127-3784,3784,Aiguablava - Llosa,127,Bus,POINT (2.1857489981597356 41.45067199641957)
B-D50-3784,3784,Aiguablava - Llosa,D50,Bus,POINT (2.1857489981597356 41.45067199641957)
B-180-3784,3784,Aiguablava - Llosa,180,Bus,POINT (2.1857489981597356 41.45067199641957)
B-183-3785,3785,Torre Vella - Oristà,183,Bus,POINT (2.1843180047291417 41.46306499553403)
B-127-3787,3787,Rodrigo Caro - Turó de les Roquetes,127,Bus,POINT (2.1725439956767945 41.447679001586785)
B-127-3788,3788,Cantera - Baixada del Pedregar,127,Bus,POINT (2.1748859986224374 41.448948999073494)
B-185-3790,3790,Pg Valldaura - Metro Valldaura,185,Bus,POINT (2.1559769994783977 41.437478002506154)
B-185-3792,3792,Congrés - Porrera,185,Bus,POINT (2.159272995992628 41.437897995976485)
B-150-3793,3793,Fira Barcelona,150,Bus,POINT (2.1502480044249186 41.37361200006827)
B-H8-3797,3797,Metro Ernest Lluch,H8,Bus,POINT (2.1118729979450777 41.37661500178686)
B-B24-3799,3799,Aragó - Pg de Sant Joan,B24,Bus,POINT (2.171526005774883 41.39729299558656)
B-X1-3799,3799,Aragó - Pg de Sant Joan,X1,Bus,POINT (2.171526005774883 41.39729299558656)
B-X1-3800,3800,Aragó - Pg de Gràcia,X1,Bus,POINT (2.164297999914955 41.39185199742885)
B-X1-3801,3801,Aragó - Muntaner,X1,Bus,POINT (2.1589300019727315 41.38781400292201)
B-X1-3802,3802,Diagonal - Pl Francesc Macià,X1,Bus,POINT (2.1436080043596553 41.39235799676557)
B-54-3803,3803,Casp - Pg de Sant Joan,54,Bus,POINT (2.177265996158282 41.39421300302141)
B-54-3804,3804,Casp - Girona,54,Bus,POINT (2.174907999384011 41.392437997783816)
B-B25-3804,3804,Casp - Girona,B25,Bus,POINT (2.174907999384011 41.392437997783816)
B-B20-3804,3804,Casp - Girona,B20,Bus,POINT (2.174907999384011 41.392437997783816)
B-54-3805,3805,Casp - Pau Claris,54,Bus,POINT (2.1706589976426955 41.38924799577688)
B-B24-3806,3806,Aragó - Lepant,B24,Bus,POINT (2.178508000802277 41.402488002161775)
B-X1-3806,3806,Aragó - Lepant,X1,Bus,POINT (2.178508000802277 41.402488002161775)
B-62-3807,3807,Independència - Meridiana,62,Bus,POINT (2.1862499982741306 41.40567600352674)
B-V23-3807,3807,Independència - Meridiana,V23,Bus,POINT (2.1862499982741306 41.40567600352674)
B-183-3809,3809,Pl Roja - Vallcivera,183,Bus,POINT (2.179290001115576 41.461118996085624)
B-91-3810,3810,La Campana,91,Bus,POINT (2.139020004405354 41.36762399572762)
B-115-3810,3810,La Campana,115,Bus,POINT (2.139020004405354 41.36762399572762)
B-V5-3810,3810,La Campana,V5,Bus,POINT (2.139020004405354 41.36762399572762)
B-62-3813,3813,Meridiana - Navas de Tolosa,62,Bus,POINT (2.187066995906517 41.41431299898616)
B-127-3814,3814,Favència - Pablo Iglesias,127,Bus,POINT (2.1823629960062196 41.44630799705024)
B-199-3815,3815,St. Feliu de Codines - Metro Torre Baró/Vallbona,199,Bus,POINT (2.1803179963147215 41.46023399895279)
B-180-3816,3816,Llerona - Avinyonet,180,Bus,POINT (2.180525995646663 41.45606599843887)
B-67-3830,3830,Av de la Fama - Pg dels Ferrocarrils Catalans,67,Bus,POINT (2.0815500035954435 41.352996997406855)
B-68-3831,3831,Av de la Fama - Pg dels Ferrocarrils Catalans,68,Bus,POINT (2.081416998586903 41.353197002027336)
B-67-3832,3832,Ctra. del Prat - Ctra. de l'Hospitalet,67,Bus,POINT (2.076701004919804 41.35277999928151)
B-68-3832,3832,Ctra. del Prat - Ctra. de l'Hospitalet,68,Bus,POINT (2.076701004919804 41.35277999928151)
B-67-3833,3833,Pl. de la Llibertat,67,Bus,POINT (2.0758479970310257 41.35281600115547)
B-68-3833,3833,Pl. de la Llibertat,68,Bus,POINT (2.0758479970310257 41.35281600115547)
B-V11-3834,3834,Vico - Ronda General Mitre,V11,Bus,POINT (2.1360069993070794 41.40041899797995)
B-V11-3835,3835,Freixa - Vallmajor,V11,Bus,POINT (2.138364995398422 41.39923900079556)
B-23-3836,3836,Jocs del 92 - Pierre de Coubertin,23,Bus,POINT (2.1466999944837073 41.36294300232333)
B-23-3837,3837,Jocs del 92 - Pedrera del Mussol,23,Bus,POINT (2.1470869944959925 41.36264400158643)
B-V15-3838,3838,Pl. Rosa dels Vents,V15,Bus,POINT (2.187329002353627 41.36796699772388)
B-V19-3838,3838,Pl. Rosa dels Vents,V19,Bus,POINT (2.187329002353627 41.36796699772388)
B-33-3846,3846,Santander - Ca N'Oliva,33,Bus,POINT (2.202090997902257 41.427530003666654)
B-B24-3846,3846,Santander - Ca N'Oliva,B24,Bus,POINT (2.202090997902257 41.427530003666654)
B-136-3846,3846,Santander - Ca N'Oliva,136,Bus,POINT (2.202090997902257 41.427530003666654)
B-X1-3850,3850,Roc Boronat - Tànger,X1,Bus,POINT (2.1929759965331406 41.403885003048025)
B-V13-3856,3856,Adrià Margarit - Av Tibidabo,V13,Bus,POINT (2.1322519990719435 41.414767999770284)
B-23-3859,3859,Pg. Zona Franca - Metro Foc,23,Bus,POINT (2.142139909342994 41.35561310923526)
B-133-3861,3861,Ferran Junoy - Ciutat d'Asunción,133,Bus,POINT (2.1979722488148874 41.44594303921058)
B-133-3862,3862,Clariana - Clarà,133,Bus,POINT (2.1997456999415896 41.446949529909816)
B-133-3863,3863,Campins - Pl. del Baró de Viver,133,Bus,POINT (2.1996026898559533 41.44744297963196)
B-133-3865,3865,Palomar - Fernando Pessoa,133,Bus,POINT (2.192623149185563 41.44221036987051)
B-133-3866,3866,Parc de la Maquinista,133,Bus,POINT (2.196204369819871 41.43540775952442)
B-112-3868,3868,Saldes - Baldomer Girona,112,Bus,POINT (2.1366547597308796 41.428573379819824)
B-21-3871,3871,Av Verge de Montserrat - Penedès,21,Bus,POINT (2.0922143691117476 41.324537129350446)
B-L22-3871,3871,Av Verge de Montserrat - Penedès,L22,Bus,POINT (2.0922143691117476 41.324537129350446)
B-21-3872,3872,Av Verge de Montserrat - Av del Canal,21,Bus,POINT (2.0921358098156464 41.32471656947688)
B-L22-3872,3872,Av Verge de Montserrat - Av del Canal,L22,Bus,POINT (2.0921358098156464 41.32471656947688)
B-6-3874,3874,Diagonal - Bruc,6,Bus,POINT (2.1656207789587016 41.39784942947156)
B-33-3874,3874,Diagonal - Bruc,33,Bus,POINT (2.1656207789587016 41.39784942947156)
B-34-3874,3874,Diagonal - Bruc,34,Bus,POINT (2.1656207789587016 41.39784942947156)
B-109-3875,3875,Tarragona - Mallorca,109,Bus,POINT (2.1433893996230657 41.37974128912559)
B-115-3875,3875,Tarragona - Mallorca,115,Bus,POINT (2.1433893996230657 41.37974128912559)
B-27-3876,3876,Estació de Sants - Pl Joan Peiró,27,Bus,POINT (2.13902498917934 41.378383379938064)
B-78-3877,3877,Pl Joan Peiró - Estació de Sants,78,Bus,POINT (2.139332499329099 41.37811789959605)
B-27-3878,3878,Pg Sant Antoni - Parc de l'Espanya Industrial,27,Bus,POINT (2.140766959980861 41.378329059639704)
B-78-3878,3878,Pg Sant Antoni - Parc de l'Espanya Industrial,78,Bus,POINT (2.140766959980861 41.378329059639704)
B-115-3878,3878,Pg Sant Antoni - Parc de l'Espanya Industrial,115,Bus,POINT (2.140766959980861 41.378329059639704)
B-H10-3878,3878,Pg Sant Antoni - Parc de l'Espanya Industrial,H10,Bus,POINT (2.140766959980861 41.378329059639704)
B-B25-3881,3881,Pallars - Selva de Mar,B25,Bus,POINT (2.2092038188117304 41.40969057982601)
B-H14-3881,3881,Pallars - Selva de Mar,H14,Bus,POINT (2.2092038188117304 41.40969057982601)
B-B25-3882,3882,Pallars - Josep Pla,B25,Bus,POINT (2.212739719315913 41.412356569408885)
B-H14-3882,3882,Pallars - Josep Pla,H14,Bus,POINT (2.212739719315913 41.412356569408885)
B-V31-3883,3883,Pont del Treball Digne - Berenguer de Palou,V31,Bus,POINT (2.192149339526818 41.42398338975868)
B-V29-3883,3883,Pont del Treball Digne - Berenguer de Palou,V29,Bus,POINT (2.192149339526818 41.42398338975868)
B-V31-3884,3884,Rambla Prim - Llull,V31,Bus,POINT (2.2177647491349655 41.41215542975076)
B-B24-3887,3887,Cantàbria - Ptge Ferradura,B24,Bus,POINT (2.198350759190979 41.42328728929828)
B-V31-3887,3887,Cantàbria - Ptge Ferradura,V31,Bus,POINT (2.198350759190979 41.42328728929828)
B-V31-3888,3888,Rambla Prim - Pere IV,V31,Bus,POINT (2.209476789924636 41.418375439932994)
B-136-3888,3888,Rambla Prim - Pere IV,136,Bus,POINT (2.209476789924636 41.418375439932994)
B-V31-3889,3889,Rambla Prim - Gran Via,V31,Bus,POINT (2.209442839369235 41.419204089642854)
B-136-3889,3889,Rambla Prim - Gran Via,136,Bus,POINT (2.209442839369235 41.419204089642854)
B-6-3891,3891,Diagonal - Estació Verdaguer,6,Bus,POINT (2.1668714391624997 41.39845289931857)
B-33-3891,3891,Diagonal - Estació Verdaguer,33,Bus,POINT (2.1668714391624997 41.39845289931857)
B-34-3891,3891,Diagonal - Estació Verdaguer,34,Bus,POINT (2.1668714391624997 41.39845289931857)
B-27-3894,3894,Institut Vall d'Hebron,27,Bus,POINT (2.140964199021886 41.42259299912672)
B-60-3894,3894,Institut Vall d'Hebron,60,Bus,POINT (2.140964199021886 41.42259299912672)
B-V17-3894,3894,Institut Vall d'Hebron,V17,Bus,POINT (2.140964199021886 41.42259299912672)
B-H4-3894,3894,Institut Vall d'Hebron,H4,Bus,POINT (2.140964199021886 41.42259299912672)
B-63-3897,3897,Pl Universitat,63,Bus,POINT (2.1643094197451176 41.385750049564585)
B-47-3907,3907,Indústria - Grassot,47,Bus,POINT (2.166857789819748 41.40379693970047)
B-H8-3907,3907,Indústria - Grassot,H8,Bus,POINT (2.166857789819748 41.40379693970047)
B-V19-3908,3908,Pg de Sant Joan - Rosselló,V19,Bus,POINT (2.1679269692573517 41.400351919680006)
B-V19-3909,3909,Pg de Sant Joan - Provença,V19,Bus,POINT (2.16827442959838 41.4006679096707)
B-114-3911,3911,Escorial - Metro Joanic,114,Bus,POINT (2.1621950592858448 41.406452669322185)
B-114-3916,3916,Montseny - Travessia de Sant Antoni,114,Bus,POINT (2.1554210999009116 41.40229084938532)
B-180-3931,3931,Mercat de Montserrat,180,Bus,POINT (2.1806070292269015 41.44752331974606)
B-6-3932,3932,Pg Manuel Girona - Benet Mateu,6,Bus,POINT (2.125895229443077 41.39157456918218)
B-34-3933,3933,Capità Arenas - Francesc Carbonell,34,Bus,POINT (2.125242779224012 41.39197208973735)
B-13-3935,3935,Paral·lel - Pl Espanya,13,Bus,POINT (2.15095638952801 41.37490524925554)
B-65-3935,3935,Paral·lel - Pl Espanya,65,Bus,POINT (2.15095638952801 41.37490524925554)
B-91-3935,3935,Paral·lel - Pl Espanya,91,Bus,POINT (2.15095638952801 41.37490524925554)
B-H12-3935,3935,Paral·lel - Pl Espanya,H12,Bus,POINT (2.15095638952801 41.37490524925554)
B-D20-3935,3935,Paral·lel - Pl Espanya,D20,Bus,POINT (2.15095638952801 41.37490524925554)
B-H16-3935,3935,Paral·lel - Pl Espanya,H16,Bus,POINT (2.15095638952801 41.37490524925554)
B-52-3935,3935,Paral·lel - Pl Espanya,52,Bus,POINT (2.15095638952801 41.37490524925554)
B-199-3937,3937,Castell d'Argençola - Castellví,199,Bus,POINT (2.1735319899364325 41.45411911967569)
B-L16-3938,3938,Ciutat de la Justícia,L16,Bus,POINT (2.132250477032703 41.36525536498028)
B-V1-3938,3938,Ciutat de la Justícia,V1,Bus,POINT (2.132250477032703 41.36525536498028)
B-131-3939,3939,Mitre - Lesseps,131,Bus,POINT (2.1484903894293637 41.40620530938015)
B-V5-3940,3940,Motors - Institut La Mercè,V5,Bus,POINT (2.143077489250763 41.350302279891956)
B-V5-3941,3941,Motors - Acer,V5,Bus,POINT (2.140023529866332 41.349263269788786)
B-V5-3942,3942,Cal Cisó - Ulldecona,V5,Bus,POINT (2.141788249865232 41.35079929928326)
B-V5-3943,3943,Cal Cisó - Pg Zona Franca,V5,Bus,POINT (2.1446379799283415 41.3517671892483)
B-B25-3944,3944,Arc de Sant Adrià - Tanatori,B25,Bus,POINT (2.211673219390845 41.428238769860265)
B-H10-3944,3944,Arc de Sant Adrià - Tanatori,H10,Bus,POINT (2.211673219390845 41.428238769860265)
B-V33-3944,3944,Arc de Sant Adrià - Tanatori,V33,Bus,POINT (2.211673219390845 41.428238769860265)
B-B25-3945,3945,Arc de Sant Adrià - Tanatori,B25,Bus,POINT (2.2122471991966908 41.428326919479964)
B-H10-3945,3945,Arc de Sant Adrià - Tanatori,H10,Bus,POINT (2.2122471991966908 41.428326919479964)
B-V33-3945,3945,Arc de Sant Adrià - Tanatori,V33,Bus,POINT (2.2122471991966908 41.428326919479964)
B-129-3946,3946,"Rubens, 42",129,Bus,POINT (2.1468729094313472 41.41531847915561)
B-129-3947,3947,"Beat Almato, 52",129,Bus,POINT (2.1484252190497934 41.417895049834286)
B-129-3948,3948,"Font del Coll, 8",129,Bus,POINT (2.1500792392738495 41.41960273986822)
B-129-3949,3949,"Mora la Nova, 1-3",129,Bus,POINT (2.149781139879889 41.41933235919965)
B-129-3950,3950,"Mora d'Ebre, 47",129,Bus,POINT (2.149041658952882 41.41828937986696)
B-129-3951,3951,"Mora d'Ebre, 27B",129,Bus,POINT (2.1479869789040915 41.41638646978872)
B-96-3952,3952,Av. Ribera - Jaume I,96,Bus,POINT (2.1904916288523566 41.48279754920174)
B-B18-3952,3952,Av. Ribera - Jaume I,B18,Bus,POINT (2.1904916288523566 41.48279754920174)
B-V29-8009,8009,Concepción Arenal 167-168,V29,Bus,POINT (2.184133879872169 41.42696012945617)
B-60-8038,8038,"Pg. Vall d'Hebron, 130-134",60,Bus,POINT (2.14229467912427 41.424147349113795)
B-7-8086,8086,Gran Via-Metro Pg Gràcia,7,Bus,POINT (2.16857081910959 41.38993198944232)
B-54-8086,8086,Gran Via-Metro Pg Gràcia,54,Bus,POINT (2.16857081910959 41.38993198944232)
B-H12-8086,8086,Gran Via-Metro Pg Gràcia,H12,Bus,POINT (2.16857081910959 41.38993198944232)
B-119-8120,8120,"Llobregós, 226-228",119,Bus,POINT (2.152631299561865 41.42243682930863)
B-H4-8257,8257,Ctra. Esplugues-Eduard Toldrà,H4,Bus,POINT (2.1094040689779603 41.38813826928806)
B-67-8285,8285,"Sant Ildefons, sn",67,Bus,POINT (2.0809335594983005 41.367078872044246)
B-127-8345,8345,"Tamariu, 2",127,Bus,POINT (2.18533151973687 41.44957696949263)
B-H2-8345,8345,"Tamariu, 2",H2,Bus,POINT (2.18533151973687 41.44957696949263)
B-D50-8345,8345,"Tamariu, 2",D50,Bus,POINT (2.18533151973687 41.44957696949263)
B-127-8346,8346,"Sa Tuna, 15-17",127,Bus,POINT (2.1873358194807753 41.451998619345396)
B-91-8373,8373,Gran Via Corts Catalanes,91,Bus,POINT (2.1480902898209315 41.373975189776345)
B-109-8373,8373,Gran Via Corts Catalanes,109,Bus,POINT (2.1480902898209315 41.373975189776345)
B-H12-8373,8373,Gran Via Corts Catalanes,H12,Bus,POINT (2.1480902898209315 41.373975189776345)
B-H16-8373,8373,Gran Via Corts Catalanes,H16,Bus,POINT (2.1480902898209315 41.373975189776345)
B-B14-8405,8405,Comissaria Policia Nacional,B14,Bus,POINT (2.2188867241242543 41.43212258227041)
B-B25-8405,8405,Comissaria Policia Nacional,B25,Bus,POINT (2.2188867241242543 41.43212258227041)
B-H10-8405,8405,Comissaria Policia Nacional,H10,Bus,POINT (2.2188867241242543 41.43212258227041)
B-B14-8406,8406,Escola Pompeu Fabra,B14,Bus,POINT (2.220347551496881 41.431149562881885)
B-B25-8406,8406,Escola Pompeu Fabra,B25,Bus,POINT (2.220347551496881 41.431149562881885)
B-H10-8406,8406,Escola Pompeu Fabra,H10,Bus,POINT (2.220347551496881 41.431149562881885)
B-B14-8407,8407,Metro Artigues-St. Adrià,B14,Bus,POINT (2.2171573449046185 41.433180414633114)
B-B25-8407,8407,Metro Artigues-St. Adrià,B25,Bus,POINT (2.2171573449046185 41.433180414633114)
B-H10-8407,8407,Metro Artigues-St. Adrià,H10,Bus,POINT (2.2171573449046185 41.433180414633114)
B-B14-8408,8408,Escola Pompeu Fabra,B14,Bus,POINT (2.2200337525888214 41.43160405983983)
B-B21-8408,8408,Escola Pompeu Fabra,B21,Bus,POINT (2.2200337525888214 41.43160405983983)
B-B23-8408,8408,Escola Pompeu Fabra,B23,Bus,POINT (2.2200337525888214 41.43160405983983)
B-B25-8408,8408,Escola Pompeu Fabra,B25,Bus,POINT (2.2200337525888214 41.43160405983983)
B-B20-8408,8408,Escola Pompeu Fabra,B20,Bus,POINT (2.2200337525888214 41.43160405983983)
B-H10-8408,8408,Escola Pompeu Fabra,H10,Bus,POINT (2.2200337525888214 41.43160405983983)
B-B25-8410,8410,"Marquès de Montroig, 1",B25,Bus,POINT (2.223881079006126 41.43142480941428)
B-H10-8410,8410,"Marquès de Montroig, 1",H10,Bus,POINT (2.223881079006126 41.43142480941428)
B-B25-8411,8411,"Marquès de Montroig, 221",B25,Bus,POINT (2.227108810214102 41.4342626296403)
B-H10-8411,8411,"Marquès de Montroig, 221",H10,Bus,POINT (2.227108810214102 41.4342626296403)
B-B25-8412,8412,"Marquès de Montroig, 177",B25,Bus,POINT (2.231134029642084 41.43794858043264)
B-H10-8412,8412,"Marquès de Montroig, 177",H10,Bus,POINT (2.231134029642084 41.43794858043264)
B-B25-8413,8413,"Almeria, 31",B25,Bus,POINT (2.224571369854811 41.43548044990361)
B-H10-8413,8413,"Almeria, 31",H10,Bus,POINT (2.224571369854811 41.43548044990361)
B-H8-8535,8535,Estadi del Futbol Club Barcelona,H8,Bus,POINT (2.122643839597274 41.37886866959407)
B-M12-8535,8535,Estadi del Futbol Club Barcelona,M12,Bus,POINT (2.122643839597274 41.37886866959407)
B-175-8535,8535,Estadi del Futbol Club Barcelona,175,Bus,POINT (2.122643839597274 41.37886866959407)
B-68-8596,8596,"Via Augusta, 242",68,Bus,POINT (2.1359610000260463 41.39785599683906)
B-V11-8596,8596,"Via Augusta, 242",V11,Bus,POINT (2.1359610000260463 41.39785599683906)
B-H2-8680,8680,Casa de l'Aigua,H2,Bus,POINT (2.186622849674995 41.45190546972372)
B-67-8722,8722,"Av Cornellà, s/n",67,Bus,POINT (2.0886353292383384 41.37699452935148)
B-68-8722,8722,"Av Cornellà, s/n",68,Bus,POINT (2.0886353292383384 41.37699452935148)
B-78-8722,8722,"Av Cornellà, s/n",78,Bus,POINT (2.0886353292383384 41.37699452935148)
B-131-8729,8729,"Hurtado, 14-18",131,Bus,POINT (2.140111209268786 41.41112938925005)
B-27-8869,8869,"Casanova, 211-268",27,Bus,POINT (2.1470593793074197 41.39432435926085)
B-D40-8869,8869,"Casanova, 211-268",D40,Bus,POINT (2.1470593793074197 41.39432435926085)
B-21-8877,8877,"Mare de Déu de Port, 12",21,Bus,POINT (2.1580512783556816 41.35204088411113)
B-H14-9101,9101,Marroc 33-30,H14,Bus,POINT (2.1992558888424765 41.40743219914233)
B-7-9125,9125,"Diagonal, 17-137",7,Bus,POINT (2.1991057589441474 41.4065736593013)
B-V7-9196,9196,"Vilamarí, 61",V7,Bus,POINT (2.150219048988313 41.37813559989563)
B-V1-9232,9232,"Cavallers, 1-11",V1,Bus,POINT (2.108319769373919 41.38641495952153)
B-113-9233,9233,"Av. Esplugues, 102-106",113,Bus,POINT (2.1103958896046313 41.38758378965765)
B-JM-9233,9233,"Av. Esplugues, 102-106",JM,Bus,POINT (2.1103958896046313 41.38758378965765)
B-H4-9233,9233,"Av. Esplugues, 102-106",H4,Bus,POINT (2.1103958896046313 41.38758378965765)
B-175-9233,9233,"Av. Esplugues, 102-106",175,Bus,POINT (2.1103958896046313 41.38758378965765)
B-91-9403,9403,"Ctra. de la Bordeta, 9",91,Bus,POINT (2.1462412588974096 41.373780449916765)
B-24-9425,9425,"Carmel, 118",24,Bus,POINT (2.1573997992203333 41.41808500979599)
B-86-9425,9425,"Carmel, 118",86,Bus,POINT (2.1573997992203333 41.41808500979599)
B-V19-9425,9425,"Carmel, 118",V19,Bus,POINT (2.1573997992203333 41.41808500979599)
B-H12-9465,9465,"Bilbao, 217",H12,Bus,POINT (2.1935443199663367 41.410171599254355)
B-123-9532,9532,"Av. Tibidabo, 25",123,Bus,POINT (2.134939289645072 41.413189729980395)
B-199-9540,9540,Av Escolapi Càncer 26,199,Bus,POINT (2.1791860794850657 41.457781689440964)
B-H10-9551,9551,"Pg. Sant Antoni, 36-40",H10,Bus,POINT (2.1388048176770837 41.37771629942891)
B-116-9599,9599,"Massens, 55",116,Bus,POINT (2.156453818161792 41.408314567439376)
B-192-9610,9610,"Av. Meridiana, 82-86",192,Bus,POINT (2.1871220595805516 41.40620479952601)
B-H12-9610,9610,"Av. Meridiana, 82-86",H12,Bus,POINT (2.1871220595805516 41.40620479952601)
B-V25-9610,9610,"Av. Meridiana, 82-86",V25,Bus,POINT (2.1871220595805516 41.40620479952601)
B-125-9621,9621,"Plom, 5-7",125,Bus,POINT (2.1360740019200866 41.35192200002713)
B-19-9633,9633,"Pg. Vall d'hebron, 115",19,Bus,POINT (2.1414335089727956 41.422634359851685)
B-27-9633,9633,"Pg. Vall d'hebron, 115",27,Bus,POINT (2.1414335089727956 41.422634359851685)
B-H4-9633,9633,"Pg. Vall d'hebron, 115",H4,Bus,POINT (2.1414335089727956 41.422634359851685)
B-54-9637,9637,Collblanc,54,Bus,POINT (2.1193491295546827 41.376765179528846)
B-157-9637,9637,Collblanc,157,Bus,POINT (2.1193491295546827 41.376765179528846)
B-D20-9637,9637,Collblanc,D20,Bus,POINT (2.1193491295546827 41.376765179528846)
B-H8-9637,9637,Collblanc,H8,Bus,POINT (2.1193491295546827 41.376765179528846)
B-V19-9777,9777,"Ana María Matute Ausejo, 40",V19,Bus,POINT (2.15822094960012 41.41542884931495)
B-121-9791,9791,"Pg. Montjuïc, 38",121,Bus,POINT (2.170729449999776 41.37221668958868)
B-V13-9810,9810,"Via, Augusta, 158-160",V13,Bus,POINT (2.1442370039601686 41.399631999920516)
B-68-9825,9825,"Calvet, 81-83",68,Bus,POINT (2.1402139948859986 41.39748199712897)
B-V11-9825,9825,"Calvet, 81-83",V11,Bus,POINT (2.1402139948859986 41.39748199712897)
B-119-9921,9921,"Mühlberg, 2-4",119,Bus,POINT (2.157668478921643 41.418089089502615)
B-109-9947,9947,"carrer A, 62",109,Bus,POINT (2.1404874999432972 41.33528715980861)
B-V5-9950,9950,"Olzinelles, 13",V5,Bus,POINT (2.1364262788729644 41.37395921929238)
B-27-9951,9951,"Pg. Sant Antoni, 53-55",27,Bus,POINT (2.1416324792620673 41.379149489786045)
B-78-9951,9951,"Pg. Sant Antoni, 53-55",78,Bus,POINT (2.1416324792620673 41.379149489786045)
B-H10-9951,9951,"Pg. Sant Antoni, 53-55",H10,Bus,POINT (2.1416324792620673 41.379149489786045)
B-112-9962,9962,"Porto, 12",112,Bus,POINT (2.1573496995566868 41.42960816987453)
B-96-9968,9968,"Juan de Garay, 116",96,Bus,POINT (2.185744019466772 41.422603249712964)
B-126-9969,9969,"Juan de Garay, 114",126,Bus,POINT (2.1857450892413675 41.42235859933418)
B-V29-9981,9981,"Concepción Arenal, 103-105",V29,Bus,POINT (2.1839910690777846 41.42385172986717)
B-V31-9994,9994,"Torrent de la Perera, 23",V31,Bus,POINT (2.1917567199704666 41.45492376955462)
B-133-9994,9994,"Torrent de la Perera, 23",133,Bus,POINT (2.1917567199704666 41.45492376955462)
B-V13-9999,9999,"Madrazo, 104",V13,Bus,POINT (2.1445105890103155 41.39688755914054)
B-LH1-100111,100111,Amadeu Torner - Santa Eulàlia,LH1,Bus,POINT (2.1204359988257155 41.36496499930289)
B-LH1-100112,100112,Amadeu Torner - Aprestadora,LH1,Bus,POINT (2.122100706004789 41.362027518326116)
B-B25-100131,100131,Metro Badalona Pompeu Fabra,B25,Bus,POINT (2.2435994650853557 41.449200884507704)
B-M27-100131,100131,Metro Badalona Pompeu Fabra,M27,Bus,POINT (2.2435994650853557 41.449200884507704)
B-LH2-100246,100246,Pl. de la Cultura,LH2,Bus,POINT (2.1147681448611144 41.35126417704228)
B-B15-100247,100247,Institut Les Vinyes,B15,Bus,POINT (2.204695362072183 41.457834888863985)
B-LH1-100248,100248,Estació Rodalies Bellvitge-Gornal,LH1,Bus,POINT (2.1151584402995236 41.35334624042938)
B-LH1-100249,100249,Pl. de la Cultura,LH1,Bus,POINT (2.115003939383326 41.35138303738629)
B-B80-100256,100256,Anselm de Riu - Singuerlín,B80,Bus,POINT (2.2022511915020306 41.45962287795999)
B-B20-100256,100256,Anselm de Riu - Singuerlín,B20,Bus,POINT (2.2022511915020306 41.45962287795999)
B-M27-100256,100256,Anselm de Riu - Singuerlín,M27,Bus,POINT (2.2022511915020306 41.45962287795999)
B-B14-100258,100258,Av. Anselm de Riu - Eiximenis,B14,Bus,POINT (2.2028864414506346 41.46402569404588)
B-B80-100258,100258,Av. Anselm de Riu - Eiximenis,B80,Bus,POINT (2.2028864414506346 41.46402569404588)
B-B81-100258,100258,Av. Anselm de Riu - Eiximenis,B81,Bus,POINT (2.2028864414506346 41.46402569404588)
B-B14-100260,100260,Milton,B14,Bus,POINT (2.201572353979465 41.46271317575251)
B-B80-100260,100260,Milton,B80,Bus,POINT (2.201572353979465 41.46271317575251)
B-B81-100260,100260,Milton,B81,Bus,POINT (2.201572353979465 41.46271317575251)
B-B14-100261,100261,Anselm de Riu - Montseny,B14,Bus,POINT (2.2012276386453666 41.46159844376409)
B-B80-100261,100261,Anselm de Riu - Montseny,B80,Bus,POINT (2.2012276386453666 41.46159844376409)
B-B81-100261,100261,Anselm de Riu - Montseny,B81,Bus,POINT (2.2012276386453666 41.46159844376409)
B-B80-100262,100262,Anselm de Riu - Singuerlín,B80,Bus,POINT (2.2021616036268736 41.460002299876095)
B-B20-100262,100262,Anselm de Riu - Singuerlín,B20,Bus,POINT (2.2021616036268736 41.460002299876095)
B-M27-100262,100262,Anselm de Riu - Singuerlín,M27,Bus,POINT (2.2021616036268736 41.460002299876095)
B-B24-100267,100267,Pl. Bac de Roda,B24,Bus,POINT (2.2476759498390155 41.46234403996951)
B-B24-100269,100269,Pl. Enric Morera,B24,Bus,POINT (2.2470886129558667 41.46161980734529)
B-LH1-100359,100359,Av. Can Serra - Ctra. d'Esplugues,LH1,Bus,POINT (2.099528505673646 41.36448760147406)
B-LH1-100360,100360,Institut Torras i Bages,LH1,Bus,POINT (2.101080421815947 41.3664260460269)
B-LH2-100360,100360,Institut Torras i Bages,LH2,Bus,POINT (2.101080421815947 41.3664260460269)
B-LH1-100361,100361,Av. Can Serra - núm. 20,LH1,Bus,POINT (2.0991569491124724 41.3652606428859)
B-B14-100364,100364,Escola Pere de Tera,B14,Bus,POINT (2.214321924636611 41.44031184592307)
B-B81-100364,100364,Escola Pere de Tera,B81,Bus,POINT (2.214321924636611 41.44031184592307)
B-B23-100367,100367,Esportiu Sistrells,B23,Bus,POINT (2.2243635409947538 41.44881597163873)
B-B15-100367,100367,Esportiu Sistrells,B15,Bus,POINT (2.2243635409947538 41.44881597163873)
B-B23-100368,100368,Esportiu Sistrells,B23,Bus,POINT (2.224223658951073 41.44870268139863)
B-B15-100368,100368,Esportiu Sistrells,B15,Bus,POINT (2.224223658951073 41.44870268139863)
B-B23-100370,100370,La Pau / Lloreda,B23,Bus,POINT (2.22431170761917 41.45052201211634)
B-B15-100370,100370,La Pau / Lloreda,B15,Bus,POINT (2.22431170761917 41.45052201211634)
B-B23-100371,100371,La Pau / Lloreda,B23,Bus,POINT (2.2242033270146546 41.45062323361982)
B-B15-100371,100371,La Pau / Lloreda,B15,Bus,POINT (2.2242033270146546 41.45062323361982)
B-LH2-100372,100372,CAP Gornal,LH2,Bus,POINT (2.117262956751302 41.35666470796363)
B-LH1-100373,100373,Av. Carmen Amaya - Gornal,LH1,Bus,POINT (2.1173271210297657 41.352965172885796)
B-LH1-100374,100374,CAP Gornal,LH1,Bus,POINT (2.1180906272386677 41.356741373915206)
B-B14-100398,100398,Mercat Singuerlín,B14,Bus,POINT (2.2049122924370583 41.45883025000463)
B-LH1-100501,100501,Institut Rubió i Ors,LH1,Bus,POINT (2.101465055288183 41.36830386629385)
B-LH1-100519,100519,Institut Europa,LH1,Bus,POINT (2.114006310339825 41.355606953729605)
B-LH2-100526,100526,Institut Europa,LH2,Bus,POINT (2.1137025063217894 41.35562859511612)
B-LH2-100527,100527,Estació Rodalies Bellvitge-Gornal,LH2,Bus,POINT (2.114580017582422 41.353691917526255)
B-M14-100532,100532,Av. Fabregada - Ctra. del Mig,M14,Bus,POINT (2.1092970502206474 41.3570521896445)
B-LH1-100533,100533,Av. Fabregada - Ctra. del Mig,LH1,Bus,POINT (2.1089218853278733 41.357818968558504)
B-M14-100533,100533,Av. Fabregada - Ctra. del Mig,M14,Bus,POINT (2.1089218853278733 41.357818968558504)
B-B14-100547,100547,Pl. Olimpo,B14,Bus,POINT (2.204599539310629 41.45313080625475)
B-B80-100547,100547,Pl. Olimpo,B80,Bus,POINT (2.204599539310629 41.45313080625475)
B-B82-100547,100547,Pl. Olimpo,B82,Bus,POINT (2.204599539310629 41.45313080625475)
B-B18-100547,100547,Pl. Olimpo,B18,Bus,POINT (2.204599539310629 41.45313080625475)
B-M27-100547,100547,Pl. Olimpo,M27,Bus,POINT (2.204599539310629 41.45313080625475)
B-B80-100548,100548,Pl. Olimpo,B80,Bus,POINT (2.20483270771202 41.45340241565581)
B-B82-100548,100548,Pl. Olimpo,B82,Bus,POINT (2.20483270771202 41.45340241565581)
B-B18-100548,100548,Pl. Olimpo,B18,Bus,POINT (2.20483270771202 41.45340241565581)
B-M27-100548,100548,Pl. Olimpo,M27,Bus,POINT (2.20483270771202 41.45340241565581)
B-B25-100549,100549,Francesc Macià,B25,Bus,POINT (2.2425888289544806 41.44760545987803)
B-B14-100560,100560,Els Safaretjos,B14,Bus,POINT (2.213335463906561 41.43552615603284)
B-B21-100560,100560,Els Safaretjos,B21,Bus,POINT (2.213335463906561 41.43552615603284)
B-B23-100560,100560,Els Safaretjos,B23,Bus,POINT (2.213335463906561 41.43552615603284)
B-B20-100560,100560,Els Safaretjos,B20,Bus,POINT (2.213335463906561 41.43552615603284)
B-B15-100566,100566,Biblioteca Can Peixauet,B15,Bus,POINT (2.2107452577537194 41.443681286149456)
B-B81-100576,100576,Pl. Cultures,B81,Bus,POINT (2.2107084700075843 41.442358779948265)
B-EP1-100687,100687,Av. Isidre Martí - Àngel Guimerà,EP1,Bus,POINT (2.0830606341586457 41.37595761114557)
B-EP1-100688,100688,Av. Isidre Martí - Josep Rodoreda,EP1,Bus,POINT (2.084323532793177 41.3735022744984)
B-EP1-100689,100689,CAP Lluís Millet - Av. Isidre Martí,EP1,Bus,POINT (2.083387188450915 41.37539749263366)
B-B23-100693,100693,Av. Itàlia ,B23,Bus,POINT (2.2218735715965563 41.45466707572368)
B-B80-100693,100693,Av. Itàlia ,B80,Bus,POINT (2.2218735715965563 41.45466707572368)
B-B82-100693,100693,Av. Itàlia ,B82,Bus,POINT (2.2218735715965563 41.45466707572368)
B-M19-100693,100693,Av. Itàlia ,M19,Bus,POINT (2.2218735715965563 41.45466707572368)
B-PR3-100712,100712,Av. Anselm Clavé - Enric Borràs,PR3,Bus,POINT (2.096588213930192 41.332456952056134)
B-L22-100712,100712,Av. Anselm Clavé - Enric Borràs,L22,Bus,POINT (2.096588213930192 41.332456952056134)
B-LH1-100716,100716,Estació Rodalies,LH1,Bus,POINT (2.1003723488970376 41.363933339940715)
B-LH1-100754,100754,Mare de Déu de Bellvitge - Trav. Industrial,LH1,Bus,POINT (2.10457368367979 41.35054439585544)
B-LH1-100757,100757,Poliesportiu Municipal Bellvitge,LH1,Bus,POINT (2.1067845019522156 41.347894321326585)
B-B25-100786,100786,Metro Gorg,B25,Bus,POINT (2.234438496430936 41.44094654120546)
B-B25-100787,100787,Marquès de Mont-roig - Ponent,B25,Bus,POINT (2.2358672243514914 41.44212948695725)
B-B23-100791,100791,Metro La Salut,B23,Bus,POINT (2.2247622369900646 41.44298467021335)
B-B24-100791,100791,Metro La Salut,B24,Bus,POINT (2.2247622369900646 41.44298467021335)
B-B25-100793,100793,Martí Pujol - Quinta Elvira,B25,Bus,POINT (2.243466695027507 41.45285859272535)
B-B25-100800,100800,Martí Pujol - Metro Badalona Pompeu Fabra,B25,Bus,POINT (2.2449872393122585 41.4504971258862)
B-LH2-100861,100861,Av. Miraflores - Enginyer Moncunill,LH2,Bus,POINT (2.1095328124704227 41.37102440354376)
B-LH2-100863,100863,Pl. Mare de Déu del Pilar,LH2,Bus,POINT (2.1070524730627658 41.37253562822136)
B-B14-100876,100876,Hospital Esperit Sant - Pont del Molinet,B14,Bus,POINT (2.2130507595007094 41.43718131608855)
B-B20-100876,100876,Hospital Esperit Sant - Pont del Molinet,B20,Bus,POINT (2.2130507595007094 41.43718131608855)
B-B14-100877,100877,Parc del Molinet,B14,Bus,POINT (2.2110594824612995 41.43878819570976)
B-B20-100877,100877,Parc del Molinet,B20,Bus,POINT (2.2110594824612995 41.43878819570976)
B-B23-100884,100884,Av. Mònaco,B23,Bus,POINT (2.2218533827324825 41.45282774324934)
B-B82-100884,100884,Av. Mònaco,B82,Bus,POINT (2.2218533827324825 41.45282774324934)
B-B15-100884,100884,Av. Mònaco,B15,Bus,POINT (2.2218533827324825 41.45282774324934)
B-M27-100884,100884,Av. Mònaco,M27,Bus,POINT (2.2218533827324825 41.45282774324934)
B-B23-100918,100918,Sant Mori - Dr. Bassols,B23,Bus,POINT (2.2224926100246893 41.44066622488928)
B-B24-100918,100918,Sant Mori - Dr. Bassols,B24,Bus,POINT (2.2224926100246893 41.44066622488928)
B-B82-100942,100942,Pallaresa - Parc Europa,B82,Bus,POINT (2.2065904962309664 41.45551279488588)
B-M27-100942,100942,Pallaresa - Parc Europa,M27,Bus,POINT (2.2065904962309664 41.45551279488588)
B-B14-100945,100945,Pallaresa - Balears,B14,Bus,POINT (2.207848184653103 41.457659359919376)
B-B82-100945,100945,Pallaresa - Balears,B82,Bus,POINT (2.207848184653103 41.457659359919376)
B-M27-100945,100945,Pallaresa - Balears,M27,Bus,POINT (2.207848184653103 41.457659359919376)
B-LH1-100978,100978,Av. Pau Casals - Josep Pla,LH1,Bus,POINT (2.104152861016064 41.35978943929121)
B-B25-101009,101009,Av. Pomar,B25,Bus,POINT (2.2520984634740633 41.46416368984429)
B-B25-101010,101010,Rotonda de Pomar,B25,Bus,POINT (2.2524107988653586 41.4653556526854)
B-B25-101011,101011,Rotonda de Pomar,B25,Bus,POINT (2.253410352387985 41.465515428313864)
B-B25-101015,101015,Av. Pomar,B25,Bus,POINT (2.2517954193843837 41.46399890916138)
B-B25-101020,101020,La Morera - President Companys,B25,Bus,POINT (2.2486084111404985 41.458702683943976)
B-B25-101026,101026,CAP Dr. Robert,B25,Bus,POINT (2.2478185410049742 41.454630390107226)
B-M27-101026,101026,CAP Dr. Robert,M27,Bus,POINT (2.2478185410049742 41.454630390107226)
B-B25-101029,101029,La Morera - President Companys,B25,Bus,POINT (2.248738532501771 41.4598514098684)
B-B24-101055,101055,Av. Puigfred,B24,Bus,POINT (2.2345981160257082 41.453851084835016)
B-M19-101055,101055,Av. Puigfred,M19,Bus,POINT (2.2345981160257082 41.453851084835016)
B-B24-101056,101056,Av. Puigfred ,B24,Bus,POINT (2.235261702759719 41.45383813106023)
B-M19-101056,101056,Av. Puigfred ,M19,Bus,POINT (2.235261702759719 41.45383813106023)
B-B81-101065,101065,Ramon Berenguer IV - Aragó,B81,Bus,POINT (2.208066916964703 41.45934455299517)
B-B81-101066,101066,Ramon Berenguer IV - Aragó,B81,Bus,POINT (2.2078454444574223 41.45976625469693)
B-B81-101068,101068,Ramon Berenguer IV - Residència,B81,Bus,POINT (2.2079552590898266 41.4620853420182)
B-B25-101130,101130,Pl. Pomar,B25,Bus,POINT (2.2510156821568557 41.46525074898712)
B-B25-101131,101131,Pl. Pomar,B25,Bus,POINT (2.250898959200448 41.46508036761371)
B-B14-101151,101151,Metro Artigues-St. Adrià,B14,Bus,POINT (2.216509864709782 41.43379686620572)
B-B21-101151,101151,Metro Artigues-St. Adrià,B21,Bus,POINT (2.216509864709782 41.43379686620572)
B-B23-101151,101151,Metro Artigues-St. Adrià,B23,Bus,POINT (2.216509864709782 41.43379686620572)
B-B20-101151,101151,Metro Artigues-St. Adrià,B20,Bus,POINT (2.216509864709782 41.43379686620572)
B-B25-101191,101191,Pomar,B25,Bus,POINT (2.2484388160604203 41.468548332805774)
B-B25-101194,101194,Parròquia de Pomar,B25,Bus,POINT (2.249177519989515 41.4660786794732)
B-B25-101195,101195,Parròquia de Pomar,B25,Bus,POINT (2.2493243628504995 41.466146849373)
B-B25-101196,101196,Av. Terrassa - Arenys de Mar,B25,Bus,POINT (2.2490242309404613 41.46737476562065)
B-B25-101276,101276,Baldomer Solà - Cervantes,B25,Bus,POINT (2.2339419255645843 41.44268790364906)
B-B25-101277,101277,Baldomer Solà - Latrilla,B25,Bus,POINT (2.240131652256155 41.44766552843819)
B-B25-101278,101278,Baldomer Solà - Institut B7,B25,Bus,POINT (2.2372292896988304 41.4452734071285)
B-M12-101323,101323,La Farga,M12,Bus,POINT (2.1055385348677103 41.36166546357226)
B-LH2-101328,101328,Barcelona - Rbla. Just Oliveras,LH2,Bus,POINT (2.1019440167991887 41.3608665845891)
B-M12-101328,101328,Barcelona - Rbla. Just Oliveras,M12,Bus,POINT (2.1019440167991887 41.3608665845891)
B-LH2-101334,101334,Col·legi Tecla Sala,LH2,Bus,POINT (2.0980997769518814 41.36016969779254)
B-M12-101334,101334,Col·legi Tecla Sala,M12,Bus,POINT (2.0980997769518814 41.36016969779254)
B-87-101341,101341,Baixada de la Plana - Tajo,87,Bus,POINT (2.1591812192649127 41.42950687516842)
B-B23-101418,101418,General Moragues,B23,Bus,POINT (2.222956145375114 41.44774809671212)
B-B23-101422,101422,Calderón de la Barca,B23,Bus,POINT (2.2244375725133216 41.44485027330304)
B-86-101423,101423,Calderón de la Barca - Llobregós,86,Bus,POINT (2.15479251823635 41.42319849478193)
B-LH1-101451,101451,Metro Can Tries | Gornal,LH1,Bus,POINT (2.1184776059285193 41.36018598363101)
B-B80-101493,101493,Rbla. Sant Sebastià - Irlanda,B80,Bus,POINT (2.214655729542712 41.45068955898915)
B-B81-101493,101493,Rbla. Sant Sebastià - Irlanda,B81,Bus,POINT (2.214655729542712 41.45068955898915)
B-B82-101493,101493,Rbla. Sant Sebastià - Irlanda,B82,Bus,POINT (2.214655729542712 41.45068955898915)
B-M27-101493,101493,Rbla. Sant Sebastià - Irlanda,M27,Bus,POINT (2.214655729542712 41.45068955898915)
B-M19-101493,101493,Rbla. Sant Sebastià - Irlanda,M19,Bus,POINT (2.214655729542712 41.45068955898915)
B-M12-101549,101549,Ctra. de l'Hospitalet - Joan N. Garcia Nieto,M12,Bus,POINT (2.0926451448524177 41.3583385677751)
B-M12-101552,101552,Ctra. de l'Hospitalet - Rbla. Solanes,M12,Bus,POINT (2.090005181702869 41.35767661099293)
B-B81-101619,101619,Escola Antoni Gaudí,B81,Bus,POINT (2.21617751117204 41.44296092758264)
B-M19-101681,101681,Bonavista,M19,Bus,POINT (2.237750908060782 41.46558769749047)
B-M19-101683,101683,Pistes Paco Águila - Can Ferrater,M19,Bus,POINT (2.2350911583345487 41.46760177628857)
B-M19-101685,101685,Bonavista,M19,Bus,POINT (2.237735276448023 41.46544554526687)
B-B20-101700,101700,Les Oliveres,B20,Bus,POINT (2.194769185704661 41.46045832629743)
B-M27-101700,101700,Les Oliveres,M27,Bus,POINT (2.194769185704661 41.46045832629743)
B-M12-101717,101717,Ctra. de l'Hospitalet - Energia,M12,Bus,POINT (2.093823722326007 41.358495861796094)
B-M12-101719,101719,Ctra. de l'Hospitalet - Torrent Vidrier,M12,Bus,POINT (2.0906028374838885 41.35766958969248)
B-M12-101720,101720,Ctra. de l'Hospitalet - Av. Pablo Picasso,M12,Bus,POINT (2.086566830863978 41.35646930796661)
B-M19-101733,101733,El Canyet,M19,Bus,POINT (2.233174692625657 41.470253298460236)
B-M19-101735,101735,Colònia Sant Antoni,M19,Bus,POINT (2.234853794685022 41.47264723794997)
B-M19-101736,101736,Diagonal Costa Brava,M19,Bus,POINT (2.2344858104259404 41.47550358343288)
B-B24-101776,101776,Cotxeres autobusos,B24,Bus,POINT (2.244632988758246 41.466978985025236)
B-B24-101778,101778,Cotxeres autobusos,B24,Bus,POINT (2.2444832760909748 41.4668769845974)
B-B24-101779,101779,Escola de Natura - Can Miravitges,B24,Bus,POINT (2.2436323796036244 41.47120902186892)
B-B24-101780,101780,Tanatori,B24,Bus,POINT (2.240788259823839 41.48352512501827)
B-B24-101781,101781,Ctra. Can Ruti - El Canyet,B24,Bus,POINT (2.238281110357354 41.475396791858685)
B-B20-101800,101800,Esportiu Les Oliveres,B20,Bus,POINT (2.1978995850959424 41.45977744846306)
B-M27-101800,101800,Esportiu Les Oliveres,M27,Bus,POINT (2.1978995850959424 41.45977744846306)
B-B20-101801,101801,Esportiu Les Oliveres,B20,Bus,POINT (2.1977451493303244 41.45956668894994)
B-M27-101801,101801,Esportiu Les Oliveres,M27,Bus,POINT (2.1977451493303244 41.45956668894994)
B-B20-101803,101803,Font de l'Alzina - Anselm de Riu,B20,Bus,POINT (2.20075544316867 41.45827739878857)
B-M27-101803,101803,Font de l'Alzina - Anselm de Riu,M27,Bus,POINT (2.20075544316867 41.45827739878857)
B-B20-101804,101804,Font de l'Alzina - Menéndez Pelayo,B20,Bus,POINT (2.1993229536880987 41.45818200414665)
B-M27-101804,101804,Font de l'Alzina - Menéndez Pelayo,M27,Bus,POINT (2.1993229536880987 41.45818200414665)
B-B20-101805,101805,Centre Che Guevara,B20,Bus,POINT (2.196275190878966 41.46026132553517)
B-M27-101805,101805,Centre Che Guevara,M27,Bus,POINT (2.196275190878966 41.46026132553517)
B-B14-101882,101882,Parc Sandino,B14,Bus,POINT (2.201270928564426 41.4645444091489)
B-B80-101882,101882,Parc Sandino,B80,Bus,POINT (2.201270928564426 41.4645444091489)
B-B14-101883,101883,Còrdova - Menorca,B14,Bus,POINT (2.203972068643377 41.46451025307969)
B-B80-101883,101883,Còrdova - Menorca,B80,Bus,POINT (2.203972068643377 41.46451025307969)
B-B81-101883,101883,Còrdova - Menorca,B81,Bus,POINT (2.203972068643377 41.46451025307969)
B-B14-101884,101884,Còrdova 49,B14,Bus,POINT (2.2001600698516155 41.46292829613722)
B-B80-101884,101884,Còrdova 49,B80,Bus,POINT (2.2001600698516155 41.46292829613722)
B-B14-101885,101885,Còrdova 57,B14,Bus,POINT (2.199822585705058 41.461841454894156)
B-B80-101885,101885,Còrdova 57,B80,Bus,POINT (2.199822585705058 41.461841454894156)
B-LH1-101980,101980,Av. Carrilet - Av. Fabregada,LH1,Bus,POINT (2.10693203021566 41.35956993092766)
B-B14-102045,102045,Ctra. de Sta. Coloma - Madrid,B14,Bus,POINT (2.2142556262505586 41.43549257845486)
B-B21-102045,102045,Ctra. de Sta. Coloma - Madrid,B21,Bus,POINT (2.2142556262505586 41.43549257845486)
B-B20-102045,102045,Ctra. de Sta. Coloma - Madrid,B20,Bus,POINT (2.2142556262505586 41.43549257845486)
B-LH1-102117,102117,Mercat Collblanc,LH1,Bus,POINT (2.12071069893863 41.375198361095805)
B-M12-102117,102117,Mercat Collblanc,M12,Bus,POINT (2.12071069893863 41.375198361095805)
B-PR3-102132,102132,Pl. de l'Església,PR3,Bus,POINT (2.0922089169926257 41.330584815827535)
B-L22-102132,102132,Pl. de l'Església,L22,Bus,POINT (2.0922089169926257 41.330584815827535)
B-PR3-102133,102133,Pl. de la Vila,PR3,Bus,POINT (2.0932137294646362 41.33065238064836)
B-L22-102133,102133,Pl. de la Vila,L22,Bus,POINT (2.0932137294646362 41.33065238064836)
B-M12-102151,102151,Enric Prat de la Riba - Batllori,M12,Bus,POINT (2.110961462783217 41.36336822363198)
B-M12-102152,102152,Enric Prat de la Riba - Estrella,M12,Bus,POINT (2.108029198112223 41.36214789574958)
B-M12-102154,102154,Parc de la Serp - FGC Sant Josep,M12,Bus,POINT (2.1091299034187587 41.36248249305291)
B-M12-102155,102155,Blocs Ciutat Comtal,M12,Bus,POINT (2.112537081184494 41.363522264162036)
B-PR3-102249,102249,Av. Anselm Clavé - Manuel Bertrand,PR3,Bus,POINT (2.094922069535349 41.33179078451276)
B-L22-102249,102249,Av. Anselm Clavé - Manuel Bertrand,L22,Bus,POINT (2.094922069535349 41.33179078451276)
B-B80-102250,102250,Riera Alta,B80,Bus,POINT (2.2156068893051564 41.456480031814024)
B-B80-102251,102251,Sardenya - Milà,B80,Bus,POINT (2.2193694599731892 41.45430989478848)
B-M19-102251,102251,Sardenya - Milà,M19,Bus,POINT (2.2193694599731892 41.45430989478848)
B-LH1-102255,102255,Florida - Bòbiles,LH1,Bus,POINT (2.112609862913894 41.370654131883235)
B-B20-102261,102261,Centre Che Guevara,B20,Bus,POINT (2.196328030460579 41.46016280421532)
B-M27-102261,102261,Centre Che Guevara,M27,Bus,POINT (2.196328030460579 41.46016280421532)
B-LH2-102265,102265,Font - Av. Torrent Gornal,LH2,Bus,POINT (2.112598868358534 41.37220908060345)
B-B23-102331,102331,General Moragues,B23,Bus,POINT (2.2223271787186603 41.447853841592014)
B-B15-102331,102331,General Moragues,B15,Bus,POINT (2.2223271787186603 41.447853841592014)
B-LH1-102339,102339,La Farga,LH1,Bus,POINT (2.1030386856366214 41.3624965081378)
B-B25-102470,102470,Pomar,B25,Bus,POINT (2.2490865944031584 41.46857011980334)
B-M19-102526,102526,Bufalà,M19,Bus,POINT (2.241901688842549 41.45906323598105)
B-B80-102548,102548,Comissaria Policia Nacional,B80,Bus,POINT (2.2139731869851924 41.45001331434253)
B-B20-102548,102548,Comissaria Policia Nacional,B20,Bus,POINT (2.2139731869851924 41.45001331434253)
B-B80-102551,102551,Escola Serra de Marina,B80,Bus,POINT (2.213380558627998 41.45087532735406)
B-B81-102551,102551,Escola Serra de Marina,B81,Bus,POINT (2.213380558627998 41.45087532735406)
B-B20-102551,102551,Escola Serra de Marina,B20,Bus,POINT (2.213380558627998 41.45087532735406)
B-B24-102578,102578,Joan d'Àustria - Mercat de Pomar,B24,Bus,POINT (2.248833945027792 41.46413725757059)
B-JM-102580,102580,Joan Miró - Casal Sant Jordi,JM,Bus,POINT (2.100162462253885 41.38465644907663)
B-EP1-102600,102600,Josep Anselm Clavé - Pont Nou,EP1,Bus,POINT (2.0915294372377384 41.373735597287926)
B-M27-102677,102677,Poliesportiu Montigalà,M27,Bus,POINT (2.2241848139237472 41.45233057459948)
B-M27-102679,102679,Poliesportiu Montigalà,M27,Bus,POINT (2.224171551752066 41.4521577722731)
B-M27-102681,102681,Parc de les Muntanyetes,M27,Bus,POINT (2.2258337803816453 41.453150055232065)
B-M27-102683,102683,Parc de les Muntanyetes,M27,Bus,POINT (2.2263641679720045 41.45328929422512)
B-87-102722,102722,Llobregós - Murtra,87,Bus,POINT (2.1525946455834393 41.422401237509945)
B-86-102723,102723,Llobregós - Pantà de Tremp,86,Bus,POINT (2.1553587891089268 41.42396450916162)
B-87-102723,102723,Llobregós - Pantà de Tremp,87,Bus,POINT (2.1553587891089268 41.42396450916162)
B-JM-102778,102778,Ateneu,JM,Bus,POINT (2.07685827481271 41.381047967371266)
B-JM-102790,102790,Parc Joan Maragall,JM,Bus,POINT (2.0809683010460143 41.38206331575979)
B-B23-102819,102819,Montigalà,B23,Bus,POINT (2.2260790640048125 41.45520728794545)
B-M19-102819,102819,Montigalà,M19,Bus,POINT (2.2260790640048125 41.45520728794545)
B-LH2-102820,102820,Marcel·lí Esquius - Av. Severo Ochoa,LH2,Bus,POINT (2.101663129567232 41.371575564574705)
B-LH2-102821,102821,Marcel·lí Esquius - Molí,LH2,Bus,POINT (2.1002003629417194 41.37049511940758)
B-M12-102875,102875,Mas - Llançà,M12,Bus,POINT (2.1186816501687114 41.370726160381786)
B-B14-102878,102878,Parc Serralada de Marina,B14,Bus,POINT (2.204609317179105 41.465710344173836)
B-B80-102878,102878,Parc Serralada de Marina,B80,Bus,POINT (2.204609317179105 41.465710344173836)
B-B81-102878,102878,Parc Serralada de Marina,B81,Bus,POINT (2.204609317179105 41.465710344173836)
B-B14-102879,102879,Can Franquesa - Centre Cívic,B14,Bus,POINT (2.2007766869337813 41.46497265669332)
B-B80-102879,102879,Can Franquesa - Centre Cívic,B80,Bus,POINT (2.2007766869337813 41.46497265669332)
B-B81-102879,102879,Can Franquesa - Centre Cívic,B81,Bus,POINT (2.2007766869337813 41.46497265669332)
B-B14-102905,102905,Milton,B14,Bus,POINT (2.2015904512165902 41.46245651200203)
B-B80-102905,102905,Milton,B80,Bus,POINT (2.2015904512165902 41.46245651200203)
B-B14-102906,102906,Comissaria Mossos d'Esquadra,B14,Bus,POINT (2.2032896871497094 41.462144509194175)
B-B80-102906,102906,Comissaria Mossos d'Esquadra,B80,Bus,POINT (2.2032896871497094 41.462144509194175)
B-B81-102921,102921,Pl. Església,B81,Bus,POINT (2.212451935317047 41.45309330075345)
B-B20-102921,102921,Pl. Església,B20,Bus,POINT (2.212451935317047 41.45309330075345)
B-EP1-102932,102932,Molí - Hortènsia,EP1,Bus,POINT (2.097722151686604 41.371244692072835)
B-EP1-102936,102936,Molí - Can Vidalet,EP1,Bus,POINT (2.0965043387942663 41.37349957629695)
B-LH2-102938,102938,Institut Eugeni d'Ors,LH2,Bus,POINT (2.1154656197130377 41.37306162502105)
B-M12-102945,102945,Montseny - Llançà,M12,Bus,POINT (2.119442951721661 41.36998211693785)
B-EP1-102999,102999,Nord - Via Augusta,EP1,Bus,POINT (2.0818067332955796 41.38134650324239)
B-EP2-102999,102999,Nord - Via Augusta,EP2,Bus,POINT (2.0818067332955796 41.38134650324239)
B-EP1-103001,103001,Nord - Rafael Casanova,EP1,Bus,POINT (2.0820272320732593 41.3809331369321)
B-EP2-103001,103001,Nord - Rafael Casanova,EP2,Bus,POINT (2.0820272320732593 41.3809331369321)
B-B23-103097,103097,Pau Piferrer,B23,Bus,POINT (2.223013610480791 41.44516812518811)
B-LH2-103141,103141,Mercat de Can Serra,LH2,Bus,POINT (2.099267302911616 41.367610560110776)
B-B82-103228,103228,Pl. Vila - Metro Sta. Coloma,B82,Bus,POINT (2.2076830285505262 41.450942529420786)
B-M27-103228,103228,Pl. Vila - Metro Sta. Coloma,M27,Bus,POINT (2.2076830285505262 41.450942529420786)
B-M19-103228,103228,Pl. Vila - Metro Sta. Coloma,M19,Bus,POINT (2.2076830285505262 41.450942529420786)
B-EP1-103614,103614,Pl. Constitució,EP1,Bus,POINT (2.0861675380929565 41.3824104698711)
B-EP2-103614,103614,Pl. Constitució,EP2,Bus,POINT (2.0861675380929565 41.3824104698711)
B-JM-103614,103614,Pl. Constitució,JM,Bus,POINT (2.0861675380929565 41.3824104698711)
B-M12-103684,103684,La Farga,M12,Bus,POINT (2.106801825446841 41.361290072501674)
B-EP1-103740,103740,Pl. Secretari Oliva - Av. de la Miranda,EP1,Bus,POINT (2.0849883651540293 41.38694292237833)
B-B81-103802,103802,Institut Numància,B81,Bus,POINT (2.2109411875349174 41.45752734080843)
B-B82-103802,103802,Institut Numància,B82,Bus,POINT (2.2109411875349174 41.45752734080843)
B-M12-103816,103816,Mas - Llobregat,M12,Bus,POINT (2.1202297678732527 41.37176774202432)
B-LH1-103848,103848,Rafael Campalans - Mas,LH1,Bus,POINT (2.1219089012918273 41.373053528112415)
B-M12-103848,103848,Rafael Campalans - Mas,M12,Bus,POINT (2.1219089012918273 41.373053528112415)
B-M27-103859,103859,Parc de Montigalà,M27,Bus,POINT (2.230817485392435 41.45294330345893)
B-M19-103859,103859,Parc de Montigalà,M19,Bus,POINT (2.230817485392435 41.45294330345893)
B-B24-103860,103860,Nova Lloreda,B24,Bus,POINT (2.2323306945830064 41.45226726829154)
B-M27-103860,103860,Nova Lloreda,M27,Bus,POINT (2.2323306945830064 41.45226726829154)
B-B24-103861,103861,Can Cabanyes,B24,Bus,POINT (2.2340337118099862 41.45003192175874)
B-M27-103861,103861,Can Cabanyes,M27,Bus,POINT (2.2340337118099862 41.45003192175874)
B-M27-103863,103863,Parc de Montigalà,M27,Bus,POINT (2.2298009172727813 41.453310644805896)
B-M19-103863,103863,Parc de Montigalà,M19,Bus,POINT (2.2298009172727813 41.453310644805896)
B-B24-103864,103864,Nova Lloreda,B24,Bus,POINT (2.2321118176664974 41.451762402983306)
B-M27-103864,103864,Nova Lloreda,M27,Bus,POINT (2.2321118176664974 41.451762402983306)
B-B24-103865,103865,Can Cabanyes,B24,Bus,POINT (2.23428741805713 41.44942977326677)
B-M27-103865,103865,Can Cabanyes,M27,Bus,POINT (2.23428741805713 41.44942977326677)
B-B23-103884,103884,Sant Antoni de Llefià - Lope de Vega,B23,Bus,POINT (2.2155091224662273 41.439759893141925)
B-B24-103884,103884,Sant Antoni de Llefià - Lope de Vega,B24,Bus,POINT (2.2155091224662273 41.439759893141925)
B-M27-103972,103972,L'Estrella,M27,Bus,POINT (2.239984711275846 41.448319678479535)
B-B23-104031,104031,Metro Llefià,B23,Bus,POINT (2.217064539992435 41.440822806479126)
B-B24-104031,104031,Metro Llefià,B24,Bus,POINT (2.217064539992435 41.440822806479126)
B-B23-104032,104032,Sant Antoni de Llefià - Lope de Vega,B23,Bus,POINT (2.215528631275051 41.439596100629494)
B-B24-104032,104032,Sant Antoni de Llefià - Lope de Vega,B24,Bus,POINT (2.215528631275051 41.439596100629494)
B-B23-104033,104033,Sant Antoni de Llefià - Dr. Bassols,B23,Bus,POINT (2.2193818455048766 41.44172189429574)
B-B24-104033,104033,Sant Antoni de Llefià - Dr. Bassols,B24,Bus,POINT (2.2193818455048766 41.44172189429574)
B-B23-104147,104147,Metro Llefià,B23,Bus,POINT (2.2170808712078753 41.44093095828)
B-B24-104147,104147,Metro Llefià,B24,Bus,POINT (2.2170808712078753 41.44093095828)
B-LH1-104155,104155,Pl. del Vidre,LH1,Bus,POINT (2.1261099461781683 41.368798923847336)
B-LH1-104156,104156,Rda. de la Torrassa - Riera Blanca,LH1,Bus,POINT (2.129239247922408 41.370487566385236)
B-L16-104157,104157,Centre Cultural Tecla Sala,L16,Bus,POINT (2.116671455375543 41.36695129970327)
B-M12-104157,104157,Centre Cultural Tecla Sala,M12,Bus,POINT (2.116671455375543 41.36695129970327)
B-L16-104158,104158,Metro Torrassa,L16,Bus,POINT (2.1165214618070247 41.3686700449123)
B-M12-104158,104158,Metro Torrassa,M12,Bus,POINT (2.1165214618070247 41.3686700449123)
B-L16-104159,104159,Centre Cultural Tecla Sala,L16,Bus,POINT (2.116848084847445 41.36752658790498)
B-M12-104159,104159,Centre Cultural Tecla Sala,M12,Bus,POINT (2.116848084847445 41.36752658790498)
B-B14-104229,104229,CAP Santa Rosa,B14,Bus,POINT (2.2135628717025346 41.44191933966565)
B-B81-104229,104229,CAP Santa Rosa,B81,Bus,POINT (2.2135628717025346 41.44191933966565)
B-B14-104230,104230,Raval,B14,Bus,POINT (2.210659349739191 41.44253094614491)
B-L16-104244,104244,Sant Pius X,L16,Bus,POINT (2.114838349722826 41.36323871016829)
B-M12-104244,104244,Sant Pius X,M12,Bus,POINT (2.114838349722826 41.36323871016829)
B-L16-104245,104245,Sant Pius X,L16,Bus,POINT (2.114912961033491 41.363351692636236)
B-M12-104245,104245,Sant Pius X,M12,Bus,POINT (2.114912961033491 41.363351692636236)
B-LH2-104248,104248,Sta. Eulàlia - Castelao,LH2,Bus,POINT (2.1232705171228248 41.366438165348825)
B-L16-104249,104249,Sta. Eulàlia de Provençana,L16,Bus,POINT (2.119694559799551 41.365601970133106)
B-LH2-104250,104250,Sta. Eulàlia - Jacint Verdaguer,LH2,Bus,POINT (2.128058074951368 41.36713603641283)
B-LH1-104251,104251,Pl. de l'Escorça,LH1,Bus,POINT (2.130798139674489 41.36796917306107)
B-B21-104258,104258,Santander - Caresmar,B21,Bus,POINT (2.2073918615228316 41.43373647603655)
B-B24-104258,104258,Santander - Caresmar,B24,Bus,POINT (2.2073918615228316 41.43373647603655)
B-B21-104263,104263,Santander - Caresmar,B21,Bus,POINT (2.207239829822499 41.43384396013833)
B-B24-104263,104263,Santander - Caresmar,B24,Bus,POINT (2.207239829822499 41.43384396013833)
B-B14-104273,104273,Col·legi Singuerlín,B14,Bus,POINT (2.2044721650106895 41.46049609249508)
B-B20-104273,104273,Col·legi Singuerlín,B20,Bus,POINT (2.2044721650106895 41.46049609249508)
B-M27-104273,104273,Col·legi Singuerlín,M27,Bus,POINT (2.2044721650106895 41.46049609249508)
B-87-104298,104298,Pg. Mare de Déu del Coll - Santuari,87,Bus,POINT (2.1495382825113114 41.420596033158745)
B-M27-104329,104329,Sicília - Florència,M27,Bus,POINT (2.2188198318945913 41.45410617542576)
B-B81-104330,104330,Rbla. St. Sebastià - Dr. Pagès,B81,Bus,POINT (2.2147845201308054 41.45096734985069)
B-B82-104330,104330,Rbla. St. Sebastià - Dr. Pagès,B82,Bus,POINT (2.2147845201308054 41.45096734985069)
B-M27-104330,104330,Rbla. St. Sebastià - Dr. Pagès,M27,Bus,POINT (2.2147845201308054 41.45096734985069)
B-M19-104330,104330,Rbla. St. Sebastià - Dr. Pagès,M19,Bus,POINT (2.2147845201308054 41.45096734985069)
B-B15-104337,104337,Mercat Singuerlín ,B15,Bus,POINT (2.205521025363337 41.4583872812597)
B-LH1-104433,104433,Sta. Eulàlia - Av. Metro,LH1,Bus,POINT (2.1263039316344243 41.3670452216415)
B-B80-104434,104434,Metro Església Major,B80,Bus,POINT (2.2119654272965277 41.45400937434881)
B-B81-104434,104434,Metro Església Major,B81,Bus,POINT (2.2119654272965277 41.45400937434881)
B-L16-104435,104435,Sta. Eulàlia de Provençana,L16,Bus,POINT (2.118859109507767 41.365601639848244)
B-LH2-104437,104437,Pl. de l'Escorça,LH2,Bus,POINT (2.1307010015559196 41.36779040548652)
B-LH1-104440,104440,Can Trinxet,LH1,Bus,POINT (2.1220698714866386 41.36624012366761)
B-M14-104522,104522,Trav. Industrial - Av. Pau Casals,M14,Bus,POINT (2.107695449426991 41.35367742573443)
B-LH2-104524,104524,Trav. Industrial - Av. Fabregada,LH2,Bus,POINT (2.1115344789586934 41.35625499499622)
B-LH2-104525,104525,Trav. Industrial - Av. Europa,LH2,Bus,POINT (2.1132716815798345 41.357567581208414)
B-LH1-104526,104526,Trav. Industrial - Av. Europa,LH1,Bus,POINT (2.113351975552204 41.35788193426019)
B-LH1-104528,104528,Trav. Industrial - Rbla. Marina,LH1,Bus,POINT (2.1052170233253027 41.351804217618806)
B-LH1-104529,104529,Trav. Industrial - Av. Fabregada,LH1,Bus,POINT (2.1110305025261225 41.3561738173352)
B-B24-104681,104681,Parc de la Bòbila,B24,Bus,POINT (2.2439623245477582 41.45923477642178)
B-B24-104707,104707,Escola de Natura - Can Miravitges,B24,Bus,POINT (2.2435195968949873 41.471131071443814)
B-B24-104708,104708,Tanatori,B24,Bus,POINT (2.2407015574485336 41.48344574439714)
B-B24-104709,104709,Ctra. Can Ruti - El Canyet,B24,Bus,POINT (2.2381467868253666 41.47561737873266)
B-L22-104721,104721,Av. Anselm Clavé - Ronda Llevant,L22,Bus,POINT (2.1000976685548993 41.333871761119866)
B-B81-105147,105147,Accés Recinte Torribera,B81,Bus,POINT (2.2127231125929785 41.46001583022656)
B-B82-105147,105147,Accés Recinte Torribera,B82,Bus,POINT (2.2127231125929785 41.46001583022656)
B-B18-105358,105358,Ctra. de Can Ruti - Ctra. de Canyet,B18,Bus,POINT (2.234146119225994 41.47784302392404)
B-M19-105358,105358,Ctra. de Can Ruti - Ctra. de Canyet,M19,Bus,POINT (2.234146119225994 41.47784302392404)
B-M19-105359,105359,Diagonal Costa Brava,M19,Bus,POINT (2.2345542341118234 41.47485550560364)
B-M19-105360,105360,Colònia Sant Antoni,M19,Bus,POINT (2.2345605312459957 41.47259373923317)
B-B14-105385,105385,Estació de Sant Adrià,B14,Bus,POINT (2.230386762750219 41.425066243430166)
B-B23-105385,105385,Estació de Sant Adrià,B23,Bus,POINT (2.230386762750219 41.425066243430166)
B-M19-105387,105387,El Canyet,M19,Bus,POINT (2.232743839173254 41.46940032034959)
B-M19-105388,105388,Pistes Paco Águila - Can Ferrater,M19,Bus,POINT (2.2353311145685373 41.466959187307836)
B-B14-105407,105407,Menorca 39,B14,Bus,POINT (2.2024840197961324 41.46525300031155)
B-B80-105407,105407,Menorca 39,B80,Bus,POINT (2.2024840197961324 41.46525300031155)
B-B81-105407,105407,Menorca 39,B81,Bus,POINT (2.2024840197961324 41.46525300031155)
B-L16-105425,105425,Av. Tomás Giménez - Pubilla Cases,L16,Bus,POINT (2.1036290881652984 41.375289937531775)
B-LH2-105425,105425,Av. Tomás Giménez - Pubilla Cases,LH2,Bus,POINT (2.1036290881652984 41.375289937531775)
B-LH2-105426,105426,Pl. de la Bòbila,LH2,Bus,POINT (2.1013448099990812 41.37331760993996)
B-LH1-105438,105438,Camí Pau Redó - Tanatori,LH1,Bus,POINT (2.111301290784774 41.34166309115601)
B-LH2-105438,105438,Camí Pau Redó - Tanatori,LH2,Bus,POINT (2.111301290784774 41.34166309115601)
B-B24-105494,105494,Comissaria Policia Nacional,B24,Bus,POINT (2.238334030921601 41.457162183207885)
B-M19-105494,105494,Comissaria Policia Nacional,M19,Bus,POINT (2.238334030921601 41.457162183207885)
B-B24-105495,105495,Estadi Municipal,B24,Bus,POINT (2.237121670846946 41.45470451388153)
B-M19-105495,105495,Estadi Municipal,M19,Bus,POINT (2.237121670846946 41.45470451388153)
B-B24-105498,105498,Comissaria Policia Nacional,B24,Bus,POINT (2.2390694993782674 41.45725196994961)
B-M19-105498,105498,Comissaria Policia Nacional,M19,Bus,POINT (2.2390694993782674 41.45725196994961)
B-B24-105499,105499,Estadi Municipal,B24,Bus,POINT (2.2379825486626603 41.45530888306946)
B-M19-105499,105499,Estadi Municipal,M19,Bus,POINT (2.2379825486626603 41.45530888306946)
B-B80-105504,105504,Comunitat Europea - Montigalà,B80,Bus,POINT (2.2253581472649886 41.45734218762444)
B-M19-105504,105504,Comunitat Europea - Montigalà,M19,Bus,POINT (2.2253581472649886 41.45734218762444)
B-B23-105505,105505,Comunitat Europea - Montigalà,B23,Bus,POINT (2.223933679543358 41.45621764246806)
B-B80-105505,105505,Comunitat Europea - Montigalà,B80,Bus,POINT (2.223933679543358 41.45621764246806)
B-B82-105505,105505,Comunitat Europea - Montigalà,B82,Bus,POINT (2.223933679543358 41.45621764246806)
B-B15-105505,105505,Comunitat Europea - Montigalà,B15,Bus,POINT (2.223933679543358 41.45621764246806)
B-M19-105505,105505,Comunitat Europea - Montigalà,M19,Bus,POINT (2.223933679543358 41.45621764246806)
B-B14-105530,105530,Cabrera 23,B14,Bus,POINT (2.200045635410581 41.463606364839166)
B-B80-105530,105530,Cabrera 23,B80,Bus,POINT (2.200045635410581 41.463606364839166)
B-B81-105530,105530,Cabrera 23,B81,Bus,POINT (2.200045635410581 41.463606364839166)
B-B24-105543,105543,Escola Salvador Espriu,B24,Bus,POINT (2.2476926395308614 41.465447610309255)
B-B24-105544,105544,Escola Salvador Espriu,B24,Bus,POINT (2.2480291714301943 41.46542510799359)
B-B25-105546,105546,Comissaria Mossos d'Esquadra,B25,Bus,POINT (2.2497807897984634 41.460475472614455)
B-B15-105554,105554,Montigalà,B15,Bus,POINT (2.2263492602685613 41.45550207996326)
B-M27-105555,105555,Jutjats,M27,Bus,POINT (2.2496023186557177 41.45338652516362)
B-LH2-105558,105558,Poliesportiu Municipal Bellvitge,LH2,Bus,POINT (2.106839005824852 41.34824149544738)
B-LH2-105559,105559,Trav. Industrial - Rbla. Marina,LH2,Bus,POINT (2.1054891657114436 41.35172255499959)
B-LH2-105560,105560,Trav. Industrial - Ctra. Sant Roc,LH2,Bus,POINT (2.109447669415193 41.354711788467874)
B-M14-105560,105560,Trav. Industrial - Ctra. Sant Roc,M14,Bus,POINT (2.109447669415193 41.354711788467874)
B-L16-105628,105628,Piscines Municipals de l'Hospitalet,L16,Bus,POINT (2.1165901615401617 41.36596889309798)
B-M12-105628,105628,Piscines Municipals de l'Hospitalet,M12,Bus,POINT (2.1165901615401617 41.36596889309798)
B-B20-105684,105684,Hospital Esperit Sant - Pont del Molinet,B20,Bus,POINT (2.212954977070148 41.43759920259895)
B-B20-105685,105685,Parc del Molinet,B20,Bus,POINT (2.211263995751322 41.43888684603317)
B-B20-105688,105688,Balears - Pallaresa,B20,Bus,POINT (2.208505180290118 41.45756035481292)
B-M27-105688,105688,Balears - Pallaresa,M27,Bus,POINT (2.208505180290118 41.45756035481292)
B-B80-105689,105689,Anselm de Riu - Font de l'Alzina,B80,Bus,POINT (2.2012353275112706 41.45844410579232)
B-B15-105689,105689,Anselm de Riu - Font de l'Alzina,B15,Bus,POINT (2.2012353275112706 41.45844410579232)
B-B20-105689,105689,Anselm de Riu - Font de l'Alzina,B20,Bus,POINT (2.2012353275112706 41.45844410579232)
B-M27-105689,105689,Anselm de Riu - Font de l'Alzina,M27,Bus,POINT (2.2012353275112706 41.45844410579232)
B-M19-105818,105818,Riera de Canyet,M19,Bus,POINT (2.2368584009024843 41.463849301679886)
B-M19-105819,105819,Av. Martí Pujol - Filosofia,M19,Bus,POINT (2.2388398183497604 41.461386040873585)
B-M19-105820,105820,Bufalà,M19,Bus,POINT (2.240617380191019 41.4586071076212)
B-M12-105911,105911,Av. Diagonal - Pl. Reina Maria Cristina,M12,Bus,POINT (2.1275906234682163 41.38898274766096)
B-M19-105922,105922,Independència - Pl. Antònia Boada,M19,Bus,POINT (2.241021155025781 41.461685782236884)
B-B80-105931,105931,Montigalà,B80,Bus,POINT (2.226780463864749 41.45538908704703)
B-M19-105931,105931,Montigalà,M19,Bus,POINT (2.226780463864749 41.45538908704703)
B-B23-105937,105937,Sant Antoni de Llefià - Dr. Bassols,B23,Bus,POINT (2.2198873011047837 41.441789742480005)
B-B24-105937,105937,Sant Antoni de Llefià - Dr. Bassols,B24,Bus,POINT (2.2198873011047837 41.441789742480005)
B-B81-105939,105939,Escola Antoni Gaudí,B81,Bus,POINT (2.216546219849709 41.443440810898814)
B-B80-105947,105947,Metro Fondo,B80,Bus,POINT (2.2186534842357797 41.45153823627974)
B-B81-105947,105947,Metro Fondo,B81,Bus,POINT (2.2186534842357797 41.45153823627974)
B-B82-105947,105947,Metro Fondo,B82,Bus,POINT (2.2186534842357797 41.45153823627974)
B-M27-105947,105947,Metro Fondo,M27,Bus,POINT (2.2186534842357797 41.45153823627974)
B-M19-105947,105947,Metro Fondo,M19,Bus,POINT (2.2186534842357797 41.45153823627974)
B-B20-105957,105957,Metro Can Peixauet,B20,Bus,POINT (2.209735901761094 41.444187608391644)
B-B14-105958,105958,Metro Can Peixauet,B14,Bus,POINT (2.2098213050793483 41.444416719955925)
B-B20-105958,105958,Metro Can Peixauet,B20,Bus,POINT (2.2098213050793483 41.444416719955925)
B-B81-105959,105959,Escola Serra de Marina,B81,Bus,POINT (2.2132915546025242 41.45161377695077)
B-B20-105959,105959,Escola Serra de Marina,B20,Bus,POINT (2.2132915546025242 41.45161377695077)
B-B81-105960,105960,Metro Església Major,B81,Bus,POINT (2.211031416081978 41.45424691098634)
B-B20-105960,105960,Metro Església Major,B20,Bus,POINT (2.211031416081978 41.45424691098634)
B-B14-105963,105963,Metro Singuerlín,B14,Bus,POINT (2.2050327779194343 41.46026059640391)
B-B20-105963,105963,Metro Singuerlín,B20,Bus,POINT (2.2050327779194343 41.46026059640391)
B-M27-105963,105963,Metro Singuerlín,M27,Bus,POINT (2.2050327779194343 41.46026059640391)
B-B14-105964,105964,Santiago Rusiñol - Aragó,B14,Bus,POINT (2.2069989119738196 41.45937605501183)
B-B20-105964,105964,Santiago Rusiñol - Aragó,B20,Bus,POINT (2.2069989119738196 41.45937605501183)
B-M27-105964,105964,Santiago Rusiñol - Aragó,M27,Bus,POINT (2.2069989119738196 41.45937605501183)
B-B81-105966,105966,Balears - Pallaresa,B81,Bus,POINT (2.2081811752199823 41.45739835506847)
B-B20-105966,105966,Balears - Pallaresa,B20,Bus,POINT (2.2081811752199823 41.45739835506847)
B-B23-105980,105980,Guasch - Av. Sant Salvador,B23,Bus,POINT (2.216939510779128 41.43595102916686)
B-B21-105984,105984,Pont del Molinet ,B21,Bus,POINT (2.212936322606769 41.43669016063593)
B-B24-105984,105984,Pont del Molinet ,B24,Bus,POINT (2.212936322606769 41.43669016063593)
B-B21-105985,105985,Pont del Molinet ,B21,Bus,POINT (2.2127465732098477 41.43689897358372)
B-B24-105985,105985,Pont del Molinet ,B24,Bus,POINT (2.2127465732098477 41.43689897358372)
B-B24-105990,105990,Bufalà,B24,Bus,POINT (2.2412442434447466 41.458197818905816)
B-B82-105993,105993,Montigalà,B82,Bus,POINT (2.227610752979401 41.45537722220591)
B-B21-105994,105994,Av. Platja - Torrassa,B21,Bus,POINT (2.2263434242184545 41.42672345650672)
B-B23-105994,105994,Av. Platja - Torrassa,B23,Bus,POINT (2.2263434242184545 41.42672345650672)
B-B23-105995,105995,Olímpic - Torrassa,B23,Bus,POINT (2.225063810915025 41.424790820575836)
B-B14-105996,105996,Olímpic - Torrassa,B14,Bus,POINT (2.2248799573687172 41.424637208986056)
B-B23-105996,105996,Olímpic - Torrassa,B23,Bus,POINT (2.2248799573687172 41.424637208986056)
B-B23-105999,105999,Rambla de la Mina,B23,Bus,POINT (2.22215874099028 41.41797876445085)
B-B23-106000,106000,CAP La Mina,B23,Bus,POINT (2.220332419422959 41.41592976094149)
B-B24-106007,106007,Grup Verge de la Salut,B24,Bus,POINT (2.2266227382494126 41.44400432119223)
B-B24-106008,106008,Grup Verge de la Salut,B24,Bus,POINT (2.226039122484916 41.44403855527236)
B-B24-106009,106009,Salvador Espriu,B24,Bus,POINT (2.2324639973155205 41.446287175869735)
B-B24-106010,106010,Salvador Espriu,B24,Bus,POINT (2.232868481676341 41.446954023750365)
B-B23-106011,106011,Hospital Esperit Sant ,B23,Bus,POINT (2.2135941244457835 41.43767771381675)
B-B24-106011,106011,Hospital Esperit Sant ,B24,Bus,POINT (2.2135941244457835 41.43767771381675)
B-B81-106011,106011,Hospital Esperit Sant ,B81,Bus,POINT (2.2135941244457835 41.43767771381675)
B-B80-106040,106040,Torre Balldovina,B80,Bus,POINT (2.210868119473904 41.446792872962085)
B-B15-106040,106040,Torre Balldovina,B15,Bus,POINT (2.210868119473904 41.446792872962085)
B-B18-106040,106040,Torre Balldovina,B18,Bus,POINT (2.210868119473904 41.446792872962085)
B-B81-106041,106041,Poliesportiu la Bastida,B81,Bus,POINT (2.2128000137980357 41.459127080033504)
B-B82-106041,106041,Poliesportiu la Bastida,B82,Bus,POINT (2.2128000137980357 41.459127080033504)
B-B14-106042,106042,Francesc Macià - Pallaresa,B14,Bus,POINT (2.2048562525992024 41.455881134841036)
B-B80-106042,106042,Francesc Macià - Pallaresa,B80,Bus,POINT (2.2048562525992024 41.455881134841036)
B-B15-106042,106042,Francesc Macià - Pallaresa,B15,Bus,POINT (2.2048562525992024 41.455881134841036)
B-B18-106042,106042,Francesc Macià - Pallaresa,B18,Bus,POINT (2.2048562525992024 41.455881134841036)
B-B14-106043,106043,Escola Jaume Salvatella,B14,Bus,POINT (2.2026850758636773 41.45665185537737)
B-B80-106043,106043,Escola Jaume Salvatella,B80,Bus,POINT (2.2026850758636773 41.45665185537737)
B-B15-106043,106043,Escola Jaume Salvatella,B15,Bus,POINT (2.2026850758636773 41.45665185537737)
B-B18-106043,106043,Escola Jaume Salvatella,B18,Bus,POINT (2.2026850758636773 41.45665185537737)
B-B15-106045,106045,Tanatori,B15,Bus,POINT (2.191812073610883 41.460649955304284)
B-B18-106045,106045,Tanatori,B18,Bus,POINT (2.191812073610883 41.460649955304284)
B-B18-106046,106046,Polígon Bosc Llarg,B18,Bus,POINT (2.189749066018788 41.468144486099234)
B-B18-106047,106047,Polígon Bosc Llarg,B18,Bus,POINT (2.189554682891259 41.46751591394564)
B-B15-106048,106048,Tanatori ,B15,Bus,POINT (2.1916760222009635 41.46062945596628)
B-B18-106048,106048,Tanatori ,B18,Bus,POINT (2.1916760222009635 41.46062945596628)
B-B15-106049,106049,Parc Can Zam,B15,Bus,POINT (2.196015537861824 41.45824617266177)
B-B18-106049,106049,Parc Can Zam,B18,Bus,POINT (2.196015537861824 41.45824617266177)
B-B80-106050,106050,Parc Moragues,B80,Bus,POINT (2.201926162140666 41.45710399620904)
B-B15-106050,106050,Parc Moragues,B15,Bus,POINT (2.201926162140666 41.45710399620904)
B-B18-106050,106050,Parc Moragues,B18,Bus,POINT (2.201926162140666 41.45710399620904)
B-B14-106051,106051,Francesc Macià - Pallaresa,B14,Bus,POINT (2.204707082624341 41.45496229482558)
B-B80-106051,106051,Francesc Macià - Pallaresa,B80,Bus,POINT (2.204707082624341 41.45496229482558)
B-B82-106051,106051,Francesc Macià - Pallaresa,B82,Bus,POINT (2.204707082624341 41.45496229482558)
B-B18-106051,106051,Francesc Macià - Pallaresa,B18,Bus,POINT (2.204707082624341 41.45496229482558)
B-M27-106051,106051,Francesc Macià - Pallaresa,M27,Bus,POINT (2.204707082624341 41.45496229482558)
B-B14-106052,106052,Can Franquesa,B14,Bus,POINT (2.2020667191743124 41.46474579726588)
B-B80-106052,106052,Can Franquesa,B80,Bus,POINT (2.2020667191743124 41.46474579726588)
B-B81-106052,106052,Can Franquesa,B81,Bus,POINT (2.2020667191743124 41.46474579726588)
B-87-106167,106167,Llobregós - Fastenrath,87,Bus,POINT (2.151272862642093 41.42166664632943)
B-86-106189,106189,Ramon Rocafull - Moratín,86,Bus,POINT (2.152343111607388 41.424353692160444)
B-B15-106287,106287,Metro Can Zam,B15,Bus,POINT (2.198461927272351 41.45747663001919)
B-B18-106287,106287,Metro Can Zam,B18,Bus,POINT (2.198461927272351 41.45747663001919)
B-EP1-106373,106373,Escola Isabel de Villena,EP1,Bus,POINT (2.0972669095940755 41.38465091155675)
B-B24-106465,106465,Bruc - Rda. Sant Pere,B24,Bus,POINT (2.1749464790436703 41.39021912965214)
B-JM-106540,106540,Ateneu,JM,Bus,POINT (2.0768174142861002 41.38096562633991)
B-JM-106541,106541,Parc Joan Maragall,JM,Bus,POINT (2.08067316705501 41.381902275854664)
B-M14-106831,106831,Mercat de Bellvitge,M14,Bus,POINT (2.1109145470939263 41.35070344227618)
B-M14-106833,106833,La Farga,M14,Bus,POINT (2.10531545695697 41.363114972060195)
B-M14-106834,106834,Parc de les Planes,M14,Bus,POINT (2.1039805870519492 41.366718283323486)
B-L16-106835,106835,Pl. Mare de Déu del Pilar,L16,Bus,POINT (2.1058305289695287 41.37253139980773)
B-M14-106835,106835,Pl. Mare de Déu del Pilar,M14,Bus,POINT (2.1058305289695287 41.37253139980773)
B-M14-106836,106836,Metro Pubilla Cases,M14,Bus,POINT (2.1082125489096133 41.3741623289227)
B-M14-106838,106838,Albert Bastardas - Torre Melina,M14,Bus,POINT (2.107666519234041 41.38154778188433)
B-M14-106839,106839,Flos i Calcat - l'Illa,M14,Bus,POINT (2.1311076089050456 41.390549395616056)
B-L16-106840,106840,Metro Pubilla Cases,L16,Bus,POINT (2.1072610775856657 41.37394448157027)
B-M14-106840,106840,Metro Pubilla Cases,M14,Bus,POINT (2.1072610775856657 41.37394448157027)
B-M14-106841,106841,Pl. Mare de Déu del Pilar,M14,Bus,POINT (2.105420160775645 41.372481283807566)
B-M14-106843,106843,Av. Isabel la Catòlica - Av. Electricitat,M14,Bus,POINT (2.103212978253953 41.36872514135229)
B-LH2-106844,106844,Parc de les Planes,LH2,Bus,POINT (2.1037291329444323 41.366481011685316)
B-M14-106844,106844,Parc de les Planes,M14,Bus,POINT (2.1037291329444323 41.366481011685316)
B-M14-106845,106845,La Farga,M14,Bus,POINT (2.1053700027641193 41.362661686926714)
B-L16-106848,106848,Parc de Bombers,L16,Bus,POINT (2.1058543661335953 41.37047545753076)
B-M14-106848,106848,Parc de Bombers,M14,Bus,POINT (2.1058543661335953 41.37047545753076)
B-L16-106849,106849,Av. Masnou - Florida,L16,Bus,POINT (2.1102339021351044 41.36916283739778)
B-L16-106850,106850,Av. Ponent - Bòbiles,L16,Bus,POINT (2.1137568226248544 41.36922558798558)
B-L16-106856,106856,Mineria - Química,L16,Bus,POINT (2.138437949819476 41.36522898236243)
B-L16-106858,106858,Radi - Ctra. del Prat,L16,Bus,POINT (2.135081279935325 41.362555779197876)
B-L16-106861,106861,Metro Torrassa,L16,Bus,POINT (2.116685412799447 41.36895775898349)
B-L16-106862,106862,Av. Ponent - Alegria,L16,Bus,POINT (2.1135978208865662 41.36930627049324)
B-L16-106863,106863,Av. Masnou - Av. Primavera,L16,Bus,POINT (2.1102536840758637 41.36930991922257)
B-L16-106864,106864,Av. Masnou - Pedraforca,L16,Bus,POINT (2.105956307697839 41.370584458710084)
B-LH1-106864,106864,Av. Masnou - Pedraforca,LH1,Bus,POINT (2.105956307697839 41.370584458710084)
B-M14-106864,106864,Av. Masnou - Pedraforca,M14,Bus,POINT (2.105956307697839 41.370584458710084)
B-M12-106866,106866,Pl. Joan Miró - Centre Comercial,M12,Bus,POINT (2.0886905091067196 41.35392681534036)
B-LH2-106867,106867,Francesc Moragas - Josep Prats,LH2,Bus,POINT (2.097469369521987 41.35769964962956)
B-M12-106867,106867,Francesc Moragas - Josep Prats,M12,Bus,POINT (2.097469369521987 41.35769964962956)
B-LH2-106868,106868,Francesc Moragas - Av. Carrilet,LH2,Bus,POINT (2.0981254525081408 41.35669980642627)
B-M12-106868,106868,Francesc Moragas - Av. Carrilet,M12,Bus,POINT (2.0981254525081408 41.35669980642627)
B-LH2-106869,106869,Metro/FGC Av. Carrilet,LH2,Bus,POINT (2.1024480595742547 41.357681099150035)
B-M12-106869,106869,Metro/FGC Av. Carrilet,M12,Bus,POINT (2.1024480595742547 41.357681099150035)
B-LH2-106870,106870,Metro Can Tries | Gornal,LH2,Bus,POINT (2.118290183757058 41.36018838407673)
B-LH2-106871,106871,Mare de Déu de Bellvitge - Trav. Industrial,LH2,Bus,POINT (2.1050512658906033 41.35026110967038)
B-B80-106951,106951,Sardenya - Rbla. de França,B80,Bus,POINT (2.2212826636892378 41.45555612945556)
B-M19-106951,106951,Sardenya - Rbla. de França,M19,Bus,POINT (2.2212826636892378 41.45555612945556)
B-B81-107040,107040,Institut Terra Roja,B81,Bus,POINT (2.217588120393929 41.44429785540385)
B-B81-107041,107041,Circumval·lació - Urà,B81,Bus,POINT (2.219275914889753 41.44588588476289)
B-B15-107041,107041,Circumval·lació - Urà,B15,Bus,POINT (2.219275914889753 41.44588588476289)
B-B81-107042,107042,Circumval·lació - Sant Pasqual,B81,Bus,POINT (2.2212768846303703 41.44755465341208)
B-B15-107042,107042,Circumval·lació - Sant Pasqual,B15,Bus,POINT (2.2212768846303703 41.44755465341208)
B-B81-107043,107043,Rellotge - Liszt,B81,Bus,POINT (2.220207815591577 41.44886189556788)
B-B81-107044,107044,Pl. Rellotge,B81,Bus,POINT (2.218331804257649 41.44982646745603)
B-B81-107045,107045,Dalmau - Rbla. Fondo,B81,Bus,POINT (2.2174417966443394 41.45118264817319)
B-B81-107046,107046,Prat de la Riba,B81,Bus,POINT (2.209413729786898 41.456411686471434)
B-B82-107046,107046,Prat de la Riba,B82,Bus,POINT (2.209413729786898 41.456411686471434)
B-B81-107047,107047,Institut Torrent de les Bruixes,B81,Bus,POINT (2.217816067455401 41.459675959704526)
B-B81-107048,107048,Institut La Bastida,B81,Bus,POINT (2.216383434116618 41.45808954696706)
B-B81-107049,107049,Riera Alta,B81,Bus,POINT (2.214906073288853 41.4566591183289)
B-B80-107050,107050,Santa Eulàlia,B80,Bus,POINT (2.2136768879482425 41.455553711899256)
B-B81-107050,107050,Santa Eulàlia,B81,Bus,POINT (2.2136768879482425 41.455553711899256)
B-B80-107052,107052,Mn. Camil Rosell - Irlanda,B80,Bus,POINT (2.2130903012958014 41.45250976852031)
B-B81-107052,107052,Mn. Camil Rosell - Irlanda,B81,Bus,POINT (2.2130903012958014 41.45250976852031)
B-B20-107052,107052,Mn. Camil Rosell - Irlanda,B20,Bus,POINT (2.2130903012958014 41.45250976852031)
B-B81-107053,107053,Metro Fondo,B81,Bus,POINT (2.218720027350464 41.45109294317957)
B-B15-107053,107053,Metro Fondo,B15,Bus,POINT (2.218720027350464 41.45109294317957)
B-B81-107054,107054,Mercat Fondo - CAP Fondo,B81,Bus,POINT (2.217220861315843 41.44879547743291)
B-B80-107055,107055,Irlanda - Santa Rosa,B80,Bus,POINT (2.214921461315759 41.44735959726996)
B-B81-107055,107055,Irlanda - Santa Rosa,B81,Bus,POINT (2.214921461315759 41.44735959726996)
B-B20-107055,107055,Irlanda - Santa Rosa,B20,Bus,POINT (2.214921461315759 41.44735959726996)
B-B81-107057,107057,Pl. Rellotge,B81,Bus,POINT (2.219686075390869 41.45044234724952)
B-B15-107057,107057,Pl. Rellotge,B15,Bus,POINT (2.219686075390869 41.45044234724952)
B-B14-107058,107058,CAP Singuerlín,B14,Bus,POINT (2.202569749140235 41.460635739521585)
B-B80-107058,107058,CAP Singuerlín,B80,Bus,POINT (2.202569749140235 41.460635739521585)
B-B81-107058,107058,CAP Singuerlín,B81,Bus,POINT (2.202569749140235 41.460635739521585)
B-B20-107058,107058,CAP Singuerlín,B20,Bus,POINT (2.202569749140235 41.460635739521585)
B-M27-107058,107058,CAP Singuerlín,M27,Bus,POINT (2.202569749140235 41.460635739521585)
B-M14-107097,107097,Torre Melina - Albert Bastardas,M14,Bus,POINT (2.1078961074622167 41.38146032750249)
B-M14-107100,107100,Av. Fabregada - Av. Carrilet,M14,Bus,POINT (2.106765325869546 41.360342681434204)
B-86-107146,107146,Calderón de la Barca - Agudells,86,Bus,POINT (2.1554734695197553 41.42157393118053)
B-87-107229,107229,Pg. Maragall - Tajo,87,Bus,POINT (2.1620501800991847 41.42938350769198)
B-JM-107289,107289,Col·legi Alemany,JM,Bus,POINT (2.0886843705618823 41.38309935416845)
B-JM-107290,107290,Col·legi Alemany,JM,Bus,POINT (2.08870732790165 41.38297150349494)
B-B20-107384,107384,Metro Església Major,B20,Bus,POINT (2.211213383866611 41.45393304334668)
B-B20-107387,107387,Font de l'Alzina - Menéndez Pelayo,B20,Bus,POINT (2.1993179707231314 41.45827824696134)
B-M27-107387,107387,Font de l'Alzina - Menéndez Pelayo,M27,Bus,POINT (2.1993179707231314 41.45827824696134)
B-EP1-107429,107429,Pl. Constitució,EP1,Bus,POINT (2.085666711056245 41.3826911973725)
B-EP2-107429,107429,Pl. Constitució,EP2,Bus,POINT (2.085666711056245 41.3826911973725)
B-JM-107429,107429,Pl. Constitució,JM,Bus,POINT (2.085666711056245 41.3826911973725)
B-B15-107481,107481,Metro Can Zam,B15,Bus,POINT (2.198455598376158 41.45756938116228)
B-B18-107481,107481,Metro Can Zam,B18,Bus,POINT (2.198455598376158 41.45756938116228)
B-LH1-107488,107488,Camí Pau Redó - Institut Català d'Oncologia,LH1,Bus,POINT (2.1110450838941706 41.343249792255875)
B-LH2-107488,107488,Camí Pau Redó - Institut Català d'Oncologia,LH2,Bus,POINT (2.1110450838941706 41.343249792255875)
B-LH2-107489,107489,Campus Universitari Bellvitge,LH2,Bus,POINT (2.1073138408068814 41.34609656662395)
B-L22-107489,107489,Campus Universitari Bellvitge,L22,Bus,POINT (2.1073138408068814 41.34609656662395)
B-LH1-107491,107491,Camí Pau Redó - Institut Català d'Oncologia,LH1,Bus,POINT (2.110820991193784 41.34318523243704)
B-LH2-107491,107491,Camí Pau Redó - Institut Català d'Oncologia,LH2,Bus,POINT (2.110820991193784 41.34318523243704)
B-86-107511,107511,Porto - Lisboa,86,Bus,POINT (2.1574800400107708 41.4295018152409)
B-JM-107512,107512,Can Sagrera,JM,Bus,POINT (2.073493471140941 41.38641070027743)
B-JM-107513,107513,Can Mèlich,JM,Bus,POINT (2.0733219196136976 41.38871098041244)
B-JM-107514,107514,Dàlies,JM,Bus,POINT (2.0728266408395553 41.39019812970784)
B-JM-107515,107515,Ametllers,JM,Bus,POINT (2.072507489386513 41.3934111796274)
B-JM-107516,107516,Alzines,JM,Bus,POINT (2.0741577563383693 41.395240042426096)
B-JM-107517,107517,Pl. Monfalcone,JM,Bus,POINT (2.0755303941404533 41.39451270564839)
B-JM-107519,107519,La Plana,JM,Bus,POINT (2.0728571589040974 41.39192807020042)
B-JM-107520,107520,Dàlies,JM,Bus,POINT (2.071505624363194 41.390029064535966)
B-JM-107521,107521,Can Mèlich,JM,Bus,POINT (2.0732092740244035 41.38857012664299)
B-JM-107522,107522,Can Sagrera,JM,Bus,POINT (2.073148831712 41.38683307689316)
B-JM-107523,107523,Miquel Reverter,JM,Bus,POINT (2.0736477035276244 41.38463366756844)
B-EP1-107524,107524,Via Augusta - Can Dori,EP1,Bus,POINT (2.0828400059249663 41.382455570187616)
B-EP2-107524,107524,Via Augusta - Can Dori,EP2,Bus,POINT (2.0828400059249663 41.382455570187616)
B-JM-107524,107524,Via Augusta - Can Dori,JM,Bus,POINT (2.0828400059249663 41.382455570187616)
B-EP1-107570,107570,Dr. Gimeno - de l'Est,EP1,Bus,POINT (2.085326034358349 41.3874633564494)
B-EP1-107571,107571,Dr. Gimeno - de les Flors,EP1,Bus,POINT (2.085600550469855 41.385742324362774)
B-EP1-107572,107572,Av. de la Miranda - Jaume Balmes,EP1,Bus,POINT (2.085995439999249 41.3833194928363)
B-EP1-107573,107573,Vallerona - Pl. del Sol,EP1,Bus,POINT (2.0891167893200864 41.37185267980013)
B-EP1-107575,107575,Vallerona - Pas del Sucre,EP1,Bus,POINT (2.089304203496884 41.37181936628774)
B-EP1-107576,107576,Alegria - Pl. Catalunya,EP1,Bus,POINT (2.088015235530869 41.37454387661857)
B-EP1-107577,107577,Av. de la Miranda - Pl. de la Constitució,EP1,Bus,POINT (2.0859808926109875 41.38352109553081)
B-EP2-107577,107577,Av. de la Miranda - Pl. de la Constitució,EP2,Bus,POINT (2.0859808926109875 41.38352109553081)
B-EP1-107578,107578,Dr. Ferran - Jaume Marco,EP1,Bus,POINT (2.0852714593481974 41.38811751446352)
B-EP1-107579,107579,Dr. Gimeno - Tramuntana,EP1,Bus,POINT (2.086474806012013 41.38838977067357)
B-EP1-107580,107580,Enrique Tierno Galván - Av. Ciutat de l'Hospitalet,EP1,Bus,POINT (2.0950644477225113 41.373754256974735)
B-PR3-107620,107620,Plaça Blanes,PR3,Bus,POINT (2.10131781150069 41.32468463399765)
B-PR3-107625,107625,Escola Galileo Galilei,PR3,Bus,POINT (2.0876433574550597 41.32361965747794)
B-PR3-107626,107626,Parc de la Solidaritat,PR3,Bus,POINT (2.08538665057862 41.32250101702424)
B-PR3-107627,107627,CEM Sagnier,PR3,Bus,POINT (2.084223668661145 41.32164321353637)
B-PR3-107628,107628,Camp de futbol Sagnier,PR3,Bus,POINT (2.0842752955694572 41.320260546435435)
B-PR3-107629,107629,Tanatori,PR3,Bus,POINT (2.107349655578386 41.311222098606876)
B-PR3-107630,107630,Camp de futbol Sagnier,PR3,Bus,POINT (2.084548536915602 41.32004266201391)
B-PR3-107631,107631,CEM Sagnier,PR3,Bus,POINT (2.084481910295497 41.32149351811032)
B-PR3-107632,107632,Parc de la Solidaritat,PR3,Bus,POINT (2.085776471602436 41.322464971661255)
B-PR3-107633,107633,Escola Galileo Galilei,PR3,Bus,POINT (2.087514695670222 41.323372074733015)
B-PR3-107638,107638,Plaça Blanes,PR3,Bus,POINT (2.1010442732438035 41.32445598406341)
B-88-107730,107730,Service Center Sentit Barcelona,88,Bus,POINT (2.136416713381087 41.3223501641688)
B-88-107731,107731,Av. dels Ports d'Europa - Atlàntic,88,Bus,POINT (2.140497529761513 41.321719089843164)
B-88-107734,107734,Mar Roja - Índic,88,Bus,POINT (2.145495774208895 41.322339507449016)
B-88-107735,107735,Av. dels Ports d'Europa - ZAL,88,Bus,POINT (2.1476400521399177 41.32161107278443)
B-88-107736,107736,Mar Roja - Antàrtic,88,Bus,POINT (2.1453952936712364 41.32259665808674)
B-88-107738,107738,Av. dels Ports d'Europa - Índic,88,Bus,POINT (2.1406704231987117 41.32193256750845)
B-B14-107806,107806,Pg. Pollancreda,B14,Bus,POINT (2.2126899291750375 41.43350899379537)
B-B21-107806,107806,Pg. Pollancreda,B21,Bus,POINT (2.2126899291750375 41.43350899379537)
B-B23-107806,107806,Pg. Pollancreda,B23,Bus,POINT (2.2126899291750375 41.43350899379537)
B-B20-107806,107806,Pg. Pollancreda,B20,Bus,POINT (2.2126899291750375 41.43350899379537)
B-M12-107960,107960,Metro Torrassa,M12,Bus,POINT (2.117151358271807 41.36870384747019)
B-B15-108023,108023,Amèrica - Aguileres,B15,Bus,POINT (2.2031943939817227 41.45877465727573)
B-B15-108025,108025,Parc Can Zam,B15,Bus,POINT (2.1953280447652292 41.458805594019005)
B-B15-108026,108026,Pep Ventura - Juli Garreta,B15,Bus,POINT (2.194404978577255 41.46018045493421)
B-B15-108027,108027,Pep Ventura - Escales,B15,Bus,POINT (2.195692325342999 41.459366978374405)
B-B15-108028,108028,Poliesportiu Nou Oliveres,B15,Bus,POINT (2.196873655251279 41.459396978082374)
B-B15-108033,108033,Verdi - Sicília,B15,Bus,POINT (2.217348166152204 41.45314106282275)
B-B15-108036,108036,Verdi - Nàpols,B15,Bus,POINT (2.2162667113442005 41.45387689765682)
B-B81-108037,108037,Residència Ramon Berenguer,B81,Bus,POINT (2.2088702887491016 41.46168699022394)
B-B81-108038,108038,Aragó - Almogàvers,B81,Bus,POINT (2.2090499013844878 41.4600323115816)
B-B20-108039,108039,Mn. Camil Rosell - Nord,B20,Bus,POINT (2.209657282542621 41.45534350786459)
B-B15-108042,108042,Beethoven - Sicília,B15,Bus,POINT (2.2166439410294587 41.45247842840503)
B-B81-108087,108087,Sant Andreu - Mas Marí,B81,Bus,POINT (2.214783853396181 41.44557851928003)
B-B15-108087,108087,Sant Andreu - Mas Marí,B15,Bus,POINT (2.214783853396181 41.44557851928003)
B-B15-108088,108088,Raval - Santa Rosa,B15,Bus,POINT (2.2123839471639983 41.44374838772246)
B-EP1-108115,108115,Av. Isidre Martí - CAP Lluís Millet,EP1,Bus,POINT (2.08346954697182 41.374788145262784)
B-EP2-108116,108116,Àngels - Ramon Llull,EP2,Bus,POINT (2.0868996977267553 41.385099338968416)
B-EP2-108117,108117,Ramon Llull - Àngels,EP2,Bus,POINT (2.0878112656313803 41.38584436265898)
B-EP2-108118,108118,Francesc Ribalta - Jordi de Déu,EP2,Bus,POINT (2.088825535912179 41.387707309832834)
B-EP2-108120,108120,Pau Vergós - Pere Joan,EP2,Bus,POINT (2.0913019258352503 41.387946668170805)
B-EP2-108121,108121,Ferrer i Bassa - Bartomeu Bermejo,EP2,Bus,POINT (2.091711196236882 41.3864635985621)
B-EP2-108122,108122,August Font i Carreras - Germans Serra,EP2,Bus,POINT (2.087506995682095 41.38345699750275)
B-JM-108158,108158,Ametllers,JM,Bus,POINT (2.0722781903251577 41.392793623501454)
B-B14-108472,108472,Metro Singuerlín,B14,Bus,POINT (2.205255830061018 41.46015031433394)
B-B15-108533,108533,Parc Can Zam,B15,Bus,POINT (2.1952150737553247 41.458752193225415)
B-B18-108533,108533,Parc Can Zam,B18,Bus,POINT (2.1952150737553247 41.458752193225415)
B-B14-108545,108545,La Rambleta,B14,Bus,POINT (2.220376889745733 41.427887939894276)
B-B20-108545,108545,La Rambleta,B20,Bus,POINT (2.220376889745733 41.427887939894276)
B-B81-108559,108559,CF La Ginesta - Singuerlín,B81,Bus,POINT (2.2082058294678784 41.46289235075488)
B-B81-108574,108574,CF La Ginesta - Singuerlín,B81,Bus,POINT (2.208115647028403 41.46365614961575)
B-B14-108593,108593,CAP Singuerlín,B14,Bus,POINT (2.2030844578155495 41.460445670723004)
B-B20-108593,108593,CAP Singuerlín,B20,Bus,POINT (2.2030844578155495 41.460445670723004)
B-M27-108593,108593,CAP Singuerlín,M27,Bus,POINT (2.2030844578155495 41.460445670723004)
B-PR3-108620,108620,Platja - Accés 20,PR3,Bus,POINT (2.102181772392902 41.28645980003024)
B-PR3-108621,108621,Platja - CRAM,PR3,Bus,POINT (2.0932674028522564 41.28352699428398)
B-PR3-108622,108622,Platja - Mirador,PR3,Bus,POINT (2.0841991150463843 41.28086343313815)
B-PR3-108623,108623,Platja - CRAM,PR3,Bus,POINT (2.0933177532680824 41.283452013087384)
B-PR3-108624,108624,Platja - Accés 20,PR3,Bus,POINT (2.1023055235254313 41.28639703876755)
B-B25-108631,108631,Museu - El Viver,B25,Bus,POINT (2.2482303542811657 41.452398690976366)
B-M27-108631,108631,Museu - El Viver,M27,Bus,POINT (2.2482303542811657 41.452398690976366)
B-LH2-108653,108653,La Farga,LH2,Bus,POINT (2.105125640062998 41.36164392585511)
B-EP1-108673,108673,Barri Nord,EP1,Bus,POINT (2.082165394016441 41.38297768046199)
B-EP2-108673,108673,Barri Nord,EP2,Bus,POINT (2.082165394016441 41.38297768046199)
B-JM-108673,108673,Barri Nord,JM,Bus,POINT (2.082165394016441 41.38297768046199)
B-JM-108676,108676,Torre dels Lleons,JM,Bus,POINT (2.092527432181925 41.38420082700946)
B-JM-108677,108677,Torre dels Lleons,JM,Bus,POINT (2.0920390444648773 41.38391486588618)
B-EP1-108682,108682,Camí Can Nyac - Camí de Can Boixeres,EP1,Bus,POINT (2.0953373162088518 41.36824249956841)
B-B14-108697,108697,Parc Can Peixauet,B14,Bus,POINT (2.2067384220323203 41.44560856226722)
B-B14-108698,108698,Pg. Salzereda,B14,Bus,POINT (2.204659050358037 41.4478352403154)
B-EP2-108701,108701,Est - Ramon Llull,EP2,Bus,POINT (2.088484472324792 41.386718440093986)
B-LH1-108703,108703,Trav. Industrial - Av. Fabregada,LH1,Bus,POINT (2.109642705872646 41.355064111647344)
B-M14-108703,108703,Trav. Industrial - Av. Fabregada,M14,Bus,POINT (2.109642705872646 41.355064111647344)
B-M14-108705,108705,Av. Fabregada - Av. Carrilet,M14,Bus,POINT (2.1068738387191415 41.36048411233988)
B-B15-108713,108713,Pl. Barri Llatí,B15,Bus,POINT (2.217352734980024 41.454997499944994)
B-B20-108715,108715,Cementiri Vell,B20,Bus,POINT (2.209445942683817 41.45573902778501)
B-M14-108719,108719,Av. Diagonal - Gran Via Carles III,M14,Bus,POINT (2.1266057274384575 41.387841625818275)
B-B15-108722,108722,Liszt - Beethoven,B15,Bus,POINT (2.221273076819215 41.44989294211425)
B-B15-108723,108723,Metro Fondo,B15,Bus,POINT (2.2198438176612636 41.452065913987155)
B-B14-108730,108730,Pg. Salzereda,B14,Bus,POINT (2.204010889833959 41.44831057017539)
B-B14-108731,108731,Parc Can Peixauet,B14,Bus,POINT (2.2067244605717353 41.44542796967993)
B-B14-108741,108741,Hospital Esperit Sant ,B14,Bus,POINT (2.21384417923506 41.43772680206186)
B-B24-108741,108741,Hospital Esperit Sant ,B24,Bus,POINT (2.21384417923506 41.43772680206186)
B-B81-108741,108741,Hospital Esperit Sant ,B81,Bus,POINT (2.21384417923506 41.43772680206186)
B-PR3-108765,108765,Ctra. de la Bunyola - Tanatori,PR3,Bus,POINT (2.108471466623369 41.31110089086425)
B-B15-108772,108772,General Moragues,B15,Bus,POINT (2.2222836575968516 41.447722770265244)
B-B15-108795,108795,Canelones - Rbla. de França,B15,Bus,POINT (2.2192982230203993 41.45671135407485)
B-M19-108797,108797,Independència - Av. Conflent,M19,Bus,POINT (2.239267920953863 41.46417402182339)
B-B81-108817,108817,Escola Tanit,B81,Bus,POINT (2.215918159405078 41.44475175979057)
B-B15-108817,108817,Escola Tanit,B15,Bus,POINT (2.215918159405078 41.44475175979057)
B-B25-108832,108832,Pomar,B25,Bus,POINT (2.248346340416576 41.46805854707336)
B-B23-108939,108939,Estació de Sant Adrià,B23,Bus,POINT (2.229897617682973 41.424068304150666)
B-B14-108940,108940,Estació de Sant Adrià,B14,Bus,POINT (2.2302083438781644 41.424289255293864)
B-87-108984,108984,Pg. Mare de Déu del Coll - Lorda,87,Bus,POINT (2.149231678292731 41.4205081332894)
B-M14-109031,109031,Av. Manuel Azaña - Av. de Xile,M14,Bus,POINT (2.1109024918163235 41.377467123328266)
B-LH1-109040,109040,Florida - Av. Primavera,LH1,Bus,POINT (2.1107715830891913 41.369646799902256)
B-LH1-109045,109045,Pl. Mare de Déu del Pilar,LH1,Bus,POINT (2.10610260684842 41.37213730018269)
B-B18-109048,109048,Jaume I - Pl. Lluís Companys,B18,Bus,POINT (2.1884564361621393 41.48179779655235)
B-B18-109051,109051,Ctra. de la Vallensana - Villa Carriles,B18,Bus,POINT (2.1933461079860845 41.478489099802076)
B-B18-109052,109052,Ctra. de la Vallensana - Ctra. de la Roca,B18,Bus,POINT (2.1927431862907234 41.478968479467305)
B-B80-109054,109054,CAP Llatí,B80,Bus,POINT (2.21709102649479 41.4555488727581)
B-B18-109065,109065,Can Toi,B18,Bus,POINT (2.2154251954341904 41.48350074614401)
B-B18-109066,109066,Can Devesa,B18,Bus,POINT (2.215746987996909 41.48339343358025)
B-B18-109067,109067,Ctra. de Montcada - Masia Can Rata,B18,Bus,POINT (2.2009452409093937 41.479266046762596)
B-B18-109069,109069,Ctra. de Montcada - Masia Conchita,B18,Bus,POINT (2.2083012601303933 41.481926237455596)
B-B18-109070,109070,Ctra. de Montcada - Canilandia,B18,Bus,POINT (2.2104093809209986 41.48260458408737)
B-EP1-109074,109074,Dr. Ferran - Dr. Gimeno,EP1,Bus,POINT (2.0869178367423022 41.388962845690884)
B-EP1-109075,109075,Prof. Barraquer - Hospital Sant Joan de Déu,EP1,Bus,POINT (2.1000154591991413 41.385292905560895)
B-JM-109075,109075,Prof. Barraquer - Hospital Sant Joan de Déu,JM,Bus,POINT (2.1000154591991413 41.385292905560895)
B-EP1-109076,109076,Professor Barraquer - Díaz de la Fuente,EP1,Bus,POINT (2.0978071325118828 41.385176835526785)
B-JM-109076,109076,Professor Barraquer - Díaz de la Fuente,JM,Bus,POINT (2.0978071325118828 41.385176835526785)
B-LH1-109102,109102,Av. Granvia - Gornal,LH1,Bus,POINT (2.1190950985795864 41.35274347057619)
B-LH2-109103,109103,Av. Carmen Amaya - Gornal,LH2,Bus,POINT (2.116935279862123 41.3532966097833)
B-B81-109107,109107,Institut Terra Roja,B81,Bus,POINT (2.2175319419067043 41.44455082904985)
B-B15-109107,109107,Institut Terra Roja,B15,Bus,POINT (2.2175319419067043 41.44455082904985)
B-LH1-109111,109111,Can Tries - Joncs,LH1,Bus,POINT (2.119861681372614 41.358213751892784)
B-LH2-109112,109112,Can Tries - Joncs,LH2,Bus,POINT (2.1196853885949793 41.35816669196886)
B-B80-109116,109116,Anselm de Riu - Font de l'Alzina,B80,Bus,POINT (2.2014789553145766 41.45786068761465)
B-B14-109117,109117,Escola Torre Balldovina,B14,Bus,POINT (2.201993044733822 41.45259322403708)
B-B15-109117,109117,Escola Torre Balldovina,B15,Bus,POINT (2.201993044733822 41.45259322403708)
B-B15-109118,109118,Perú - Verdi,B15,Bus,POINT (2.215724406203436 41.45449007385013)
B-B15-109119,109119,CAP Llatí,B15,Bus,POINT (2.2165735070407178 41.45520942125967)
B-B15-109120,109120,Perú - Milà,B15,Bus,POINT (2.218943195267194 41.45732527379054)
B-PR3-109130,109130,Estació Rodalies - andana 1,PR3,Bus,POINT (2.090411940595862 41.33098068060449)
B-B18-109136,109136,Ctra. de Montcada - Canilandia,B18,Bus,POINT (2.2102231483050163 41.48262217501628)
B-B18-109137,109137,Ctra. de Montcada - Mas Oliver ,B18,Bus,POINT (2.205442755582013 41.48165509974951)
B-B18-109138,109138,Ctra. de Montcada - Casa Ventura,B18,Bus,POINT (2.205856257521215 41.48143498513227)
B-B18-109139,109139,Ctra. de Montcada - Casa Bíblica,B18,Bus,POINT (2.204308845050856 41.48089592701446)
B-B14-109144,109144,Institut Les Vinyes,B14,Bus,POINT (2.2041893748286343 41.457848002688074)
B-B15-109144,109144,Institut Les Vinyes,B15,Bus,POINT (2.2041893748286343 41.457848002688074)
B-B24-109154,109154,Màgic Badalona,B24,Bus,POINT (2.2299865871782303 41.44405822349246)
B-B24-109155,109155,Màgic Badalona,B24,Bus,POINT (2.23052636359242 41.4442814483597)
B-JM-109185,109185,Alzines,JM,Bus,POINT (2.074189617229241 41.39535348304701)
B-B82-109210,109210,Mercat Sagarra,B82,Bus,POINT (2.211363093415024 41.450623675568366)
B-M27-109210,109210,Mercat Sagarra,M27,Bus,POINT (2.211363093415024 41.450623675568366)
B-M19-109210,109210,Mercat Sagarra,M19,Bus,POINT (2.211363093415024 41.450623675568366)
B-LH1-109214,109214,Sant Rafael - Av. Isabel la Catòlica,LH1,Bus,POINT (2.104108061914761 41.36902904995452)
B-M14-109214,109214,Sant Rafael - Av. Isabel la Catòlica,M14,Bus,POINT (2.104108061914761 41.36902904995452)
B-L22-109216,109216,Estació Rodalies (sentit T1/Sant Boi L.),L22,Bus,POINT (2.0902995590592703 41.3309343599788)
B-87-109220,109220,Pg. Mare de Déu del Coll - Ourense,87,Bus,POINT (2.1510677519417745 41.42281070064616)
B-EP1-109249,109249,Josep Anselm Clavé - Oriol,EP1,Bus,POINT (2.0913590109055735 41.37129439845104)
B-L16-109268,109268,Biblioteca La Florida,L16,Bus,POINT (2.1073250651256275 41.36972000024565)
B-B23-109279,109279,Verdi - Mozart,B23,Bus,POINT (2.2207179043170684 41.4522456631068)
B-B80-109279,109279,Verdi - Mozart,B80,Bus,POINT (2.2207179043170684 41.4522456631068)
B-B82-109279,109279,Verdi - Mozart,B82,Bus,POINT (2.2207179043170684 41.4522456631068)
B-M27-109279,109279,Verdi - Mozart,M27,Bus,POINT (2.2207179043170684 41.4522456631068)
B-M19-109279,109279,Verdi - Mozart,M19,Bus,POINT (2.2207179043170684 41.4522456631068)
B-LH2-109281,109281,Campus Universitari Bellvitge,LH2,Bus,POINT (2.1075905989310466 41.346601589514414)
B-LH1-109282,109282,Campus Universitari Bellvitge,LH1,Bus,POINT (2.107369234479318 41.34647698087593)
B-L22-109282,109282,Campus Universitari Bellvitge,L22,Bus,POINT (2.107369234479318 41.34647698087593)
B-LH2-109286,109286,Camí Pau Redó - Av. Granvia,LH2,Bus,POINT (2.109555235925691 41.34404848015212)
B-L22-109286,109286,Camí Pau Redó - Av. Granvia,L22,Bus,POINT (2.109555235925691 41.34404848015212)
B-M14-109309,109309,Av. Albert Bastardas - Av. Manuel Azaña,M14,Bus,POINT (2.1089391401570907 41.37717791982041)
B-M14-109318,109318,General Batet - Av. Manuel Azaña,M14,Bus,POINT (2.108834729803244 41.37895042979516)
B-B81-109342,109342,Mas Marí - Flor i Cel,B81,Bus,POINT (2.2171017231473997 41.446102849935144)
B-B15-109342,109342,Mas Marí - Flor i Cel,B15,Bus,POINT (2.2171017231473997 41.446102849935144)
B-B14-109559,109559,Cúbics,B14,Bus,POINT (2.206435858283082 41.456645135711575)
B-B82-109559,109559,Cúbics,B82,Bus,POINT (2.206435858283082 41.456645135711575)
B-M27-109559,109559,Cúbics,M27,Bus,POINT (2.206435858283082 41.456645135711575)
B-B15-109605,109605,Sant Pasqual,B15,Bus,POINT (2.2192436479066235 41.44730240707227)
B-B81-109625,109625,Font de Sant Roc,B81,Bus,POINT (2.2069293798379093 41.46525586029928)
B-M27-109655,109655,Ventura Gassol - Rbla. Sant Joan,M27,Bus,POINT (2.2389369856121326 41.45033246060951)
B-M27-109656,109656,Coll i Pujol,M27,Bus,POINT (2.240771600460798 41.45187503643236)
B-B20-109700,109700,Eixample Blau,B20,Bus,POINT (2.2209409799513384 41.42436503777019)
B-B20-109706,109706,Eixample Blau,B20,Bus,POINT (2.220933327368295 41.4240073741573)
B-B25-109710,109710,Metro Badalona Pompeu Fabra,B25,Bus,POINT (2.245189241223259 41.44903655113172)
B-EP1-109775,109775,Nord - Andreu Amat,EP1,Bus,POINT (2.082068688764172 41.379522619312354)
B-EP2-109775,109775,Nord - Andreu Amat,EP2,Bus,POINT (2.082068688764172 41.379522619312354)
B-EP1-109776,109776,Nord - Magdalena Amigó,EP1,Bus,POINT (2.081918476549435 41.37952546077045)
B-EP2-109776,109776,Nord - Magdalena Amigó,EP2,Bus,POINT (2.081918476549435 41.37952546077045)
B-B81-109790,109790,Escola Pere de Tera,B81,Bus,POINT (2.2140884184677394 41.44101217555121)
B-B80-109791,109791,CAP Singuerlín,B80,Bus,POINT (2.2024271046315542 41.46075071731684)
B-B14-109800,109800,Mallorca - Còrdova,B14,Bus,POINT (2.199894209686205 41.461164426038124)
B-B80-109800,109800,Mallorca - Còrdova,B80,Bus,POINT (2.199894209686205 41.461164426038124)
B-B15-109810,109810,Accés Cementiri,B15,Bus,POINT (2.1903753489695275 41.46174631677139)
B-B15-109812,109812,Cementiri Nou,B15,Bus,POINT (2.1915402339212537 41.462920963855815)
B-B15-109814,109814,Accés Cementiri,B15,Bus,POINT (2.190182218209584 41.46187105907951)
B-PR3-109820,109820,Can Camins,PR3,Bus,POINT (2.103632764847536 41.28833818238543)
B-PR3-109821,109821,Can Camins,PR3,Bus,POINT (2.1036365701473416 41.28852172470474)
B-B15-109830,109830,Grècia - Luxemburg,B15,Bus,POINT (2.2249600800972367 41.45853581464924)
B-B15-109832,109832,Alemanya - Grècia,B15,Bus,POINT (2.2219743726715673 41.459130063856186)
B-B15-109835,109835,Irlanda - Holanda,B15,Bus,POINT (2.2215668597949936 41.45746280851116)
B-B23-109850,109850,Metro La Salut,B23,Bus,POINT (2.22391396192559 41.44231925645535)
B-B24-109850,109850,Metro La Salut,B24,Bus,POINT (2.22391396192559 41.44231925645535)
B-B15-109890,109890,Ptge. Juli Garreta,B15,Bus,POINT (2.1934809718421473 41.459525852156844)
B-B18-109890,109890,Ptge. Juli Garreta,B18,Bus,POINT (2.1934809718421473 41.459525852156844)
B-B14-109905,109905,Pg. Salzereda - Jutjats,B14,Bus,POINT (2.2022781111857483 41.450604996347195)
B-B15-109905,109905,Pg. Salzereda - Jutjats,B15,Bus,POINT (2.2022781111857483 41.450604996347195)
B-B23-109909,109909,CAP Apenins,B23,Bus,POINT (2.223875735591215 41.45382645404996)
B-B82-109909,109909,CAP Apenins,B82,Bus,POINT (2.223875735591215 41.45382645404996)
B-M12-109921,109921,Ctra. de l'Hospitalet - Ptge. Campsa,M12,Bus,POINT (2.0954977952359677 41.35896709755288)
B-B15-109929,109929,Perú - Florència,B15,Bus,POINT (2.2175241858755426 41.45604495637778)
B-B81-109930,109930,Nord - Cristòfor Colom,B81,Bus,POINT (2.2105549773734685 41.4559195137257)
B-B81-109931,109931,Wilson - Nord,B81,Bus,POINT (2.2118693110762013 41.45681745738961)
B-B81-109932,109932,Wilson - Lincoln,B81,Bus,POINT (2.2138563912144886 41.45662500370576)
B-B81-109933,109933,Sta. Eulàlia - Salut,B81,Bus,POINT (2.215803032800527 41.457632515095746)
B-B81-109934,109934,Institut La Bastida,B81,Bus,POINT (2.217056628757702 41.45807206731251)
B-B81-109935,109935,Institut Torrent de les Bruixes,B81,Bus,POINT (2.217982928873083 41.45981936899664)
B-B20-109936,109936,Santiago Rusiñol - Aragó,B20,Bus,POINT (2.2070078772654482 41.45956443293273)
B-M27-109936,109936,Santiago Rusiñol - Aragó,M27,Bus,POINT (2.2070078772654482 41.45956443293273)
B-B81-109937,109937,Comissaria Mossos d'Esquadra,B81,Bus,POINT (2.2035202296555516 41.46169061028402)
B-B15-109939,109939,Pg. Salzereda - Jutjats,B15,Bus,POINT (2.2024927504941694 41.450186020819025)
B-L16-109950,109950,Biblioteca La Florida,L16,Bus,POINT (2.107526359796312 41.36988824034881)
B-B81-109951,109951,Institut Ramon Berenguer IV,B81,Bus,POINT (2.2079822949153423 41.46447769656834)
B-PR3-109962,109962,Ctra. Aviació - Ronda Sud,PR3,Bus,POINT (2.093145326737122 41.31632660939058)
B-B15-109964,109964,Juli Garreta,B15,Bus,POINT (2.194087975067916 41.460215677272764)
B-M19-109966,109966,Hospital Can Ruti,M19,Bus,POINT (2.237102351479647 41.48263163365609)
B-B24-109967,109967,Hospital Can Ruti,B24,Bus,POINT (2.2382218950824666 41.4828117299455)
B-B81-109968,109968,CAP Santa Rosa,B81,Bus,POINT (2.2134285254402988 41.441373203571)
B-B81-109969,109969,Accés Recinte Torribera,B81,Bus,POINT (2.213832600716554 41.45963295970753)
B-B15-109970,109970,Recinte Cementiri,B15,Bus,POINT (2.190657919375526 41.463425004977466)
B-B15-109971,109971,Recinte Cementiri,B15,Bus,POINT (2.1905244589804824 41.46354138723385)
B-PR3-109972,109972,Parc industrial i de serveis aeroportuaris,PR3,Bus,POINT (2.082952488356534 41.30886240717249)
B-PR3-109973,109973,Terminal Corporativa,PR3,Bus,POINT (2.0864613489894333 41.31007141201916)
B-PR3-109975,109975,Ronda Sud - Av. Remolar,PR3,Bus,POINT (2.092166884515294 41.3162878244159)
B-B24-109979,109979,Parc de la Bòbila,B24,Bus,POINT (2.24459346697393 41.45984345045022)
B-88-110004,110004,Moll Sant Bertran - Moll Barcelona,88,Bus,POINT (2.1765142199285994 41.372595330438166)
B-88-110005,110005,Moll Ponent,88,Bus,POINT (2.1741070900065598 41.36739328964173)
B-88-110006,110006,Moll Contradic,88,Bus,POINT (2.171410549484178 41.36144138995017)
B-88-110007,110007,Moll Sud - Moll Oest,88,Bus,POINT (2.167160067327218 41.35981046487183)
B-88-110008,110008,Moll Sud,88,Bus,POINT (2.166198765331595 41.358552354672085)
B-88-110009,110009,Agrícola - Tram V,88,Bus,POINT (2.157807853386417 41.350785260198776)
B-88-110010,110010,Álvarez de la Campa - Agrícola,88,Bus,POINT (2.155245911574743 41.34727977161615)
B-88-110011,110011,Álvarez de la Campa - Moll Álvarez de la Campa,88,Bus,POINT (2.1580378304352883 41.34824711859874)
B-88-110012,110012,Tram V - Porta 29,88,Bus,POINT (2.1479781383378724 41.3452349985389)
B-88-110013,110013,Tram VI - Edifici TERSACO,88,Bus,POINT (2.14494604459829 41.340267406172494)
B-88-110014,110014,Tram VI - Edifici ASTA,88,Bus,POINT (2.1422558226003137 41.33598018973094)
B-88-110015,110015,Tram VI - Carrer 3,88,Bus,POINT (2.1408930940614797 41.33368210940618)
B-88-110016,110016,Carrer Y - Zona Franca,88,Bus,POINT (2.1432991682009384 41.32826142095066)
B-88-110017,110017,Atlàntic - Mar Groga,88,Bus,POINT (2.141657633199258 41.3256597789458)
B-88-110020,110020,Atlàntic - Mar Groga,88,Bus,POINT (2.141748122332704 41.32543440630622)
B-88-110021,110021,Carrer Y - Zona Franca,88,Bus,POINT (2.1434367094531805 41.32815958965614)
B-88-110022,110022,Tram VI - Carrer 3,88,Bus,POINT (2.1409541310689213 41.33322885387507)
B-88-110023,110023,Tram VI - Edifici ASTA,88,Bus,POINT (2.1417764362327505 41.334852698516386)
B-88-110024,110024,Tram VI - Edifici TERSACO,88,Bus,POINT (2.1462987299609013 41.34219555975262)
B-88-110025,110025,Tram V - Porta 29,88,Bus,POINT (2.148589580378538 41.34571331998109)
B-B25-110027,110027,Hospital Municipal,B25,Bus,POINT (2.2462067368037437 41.4508889644019)
B-M27-110027,110027,Hospital Municipal,M27,Bus,POINT (2.2462067368037437 41.4508889644019)
B-B23-110028,110028,Rbla. Solidaritat ,B23,Bus,POINT (2.2160623039738145 41.43825441198438)
B-88-110029,110029,Moll Sud,88,Bus,POINT (2.1666043825620864 41.358677966731406)
B-88-110030,110030,Moll Sud - Moll Oest,88,Bus,POINT (2.1677801521027624 41.360058064698684)
B-88-110032,110032,Moll Costa,88,Bus,POINT (2.1726418296127363 41.36391024394272)
B-88-110033,110033,Moll Ponent,88,Bus,POINT (2.175158712097816 41.36919376814686)
B-88-110034,110034,Moll Sant Bertran - Moll Barcelona,88,Bus,POINT (2.1769169351626187 41.37272797603128)
B-M27-110041,110041,Pl. Josep Cortinas,M27,Bus,POINT (2.250241488408412 41.45256547166903)
B-B81-110049,110049,Escola Primavera,B81,Bus,POINT (2.206586355845657 41.46326435406772)
B-B81-110050,110050,Sicília - Verdi,B81,Bus,POINT (2.2169800974767195 41.45268472891252)
B-M27-110050,110050,Sicília - Verdi,M27,Bus,POINT (2.2169800974767195 41.45268472891252)
B-B18-110051,110051,Hospital Can Ruti,B18,Bus,POINT (2.238769066774911 41.4827755606916)
B-B80-110072,110072,Comissaria Policia Nacional,B80,Bus,POINT (2.214001033480184 41.44969438049902)
B-B20-110072,110072,Comissaria Policia Nacional,B20,Bus,POINT (2.214001033480184 41.44969438049902)
B-88-110078,110078,Tram VI - Metro Zona Franca,88,Bus,POINT (2.146728431735967 41.3431957045301)
B-88-110079,110079,Tram VI - Metro Zona Franca,88,Bus,POINT (2.1469376399651185 41.34319670959823)
B-LH2-110360,110360,Llobregat - Montseny,LH2,Bus,POINT (2.1208465904111584 41.37114551034984)
B-M12-110360,110360,Llobregat - Montseny,M12,Bus,POINT (2.1208465904111584 41.37114551034984)
B-LH1-110362,110362,Creu Roja - Pujós,LH1,Bus,POINT (2.116442052783301 41.37278469178472)
B-LH1-110375,110375,Mercat de la Florida,LH1,Bus,POINT (2.1085601261812763 41.3705655471294)
B-LH2-110376,110376,Plaça de la Remunta,LH2,Bus,POINT (2.0956062581831616 41.359283690103574)
B-M12-110376,110376,Plaça de la Remunta,M12,Bus,POINT (2.0956062581831616 41.359283690103574)
B-JM-110379,110379,Escola Isabel de Villena,JM,Bus,POINT (2.0975341039633473 41.384841489294544)
B-PR3-110384,110384,La Ricarda,PR3,Bus,POINT (2.100846873916099 41.297940229236836)
B-LH2-110387,110387,Creu Roja - Collblanc,LH2,Bus,POINT (2.1159446699287803 41.37500820481878)
B-LH1-110388,110388,Creu Roja - Collblanc,LH1,Bus,POINT (2.1160407475949325 41.37539025796629)
B-B25-110393,110393,Pep Ventura,B25,Bus,POINT (2.238616197855673 41.4442675391572)
B-B23-110446,110446,Montigalà,B23,Bus,POINT (2.2258107871989887 41.45606261174705)
B-B21-110472,110472,Bernat Metge - Narbona,B21,Bus,POINT (2.2122970024428668 41.42057021608172)
B-B23-110475,110475,Metro Maresme / Fòrum,B23,Bus,POINT (2.216171101455269 41.41148388994609)
B-B21-110476,110476,Estació de Sant Adrià,B21,Bus,POINT (2.2301032615180567 41.42520971992207)
B-L16-110479,110479,Amadeu Torner - Av. Carrilet,L16,Bus,POINT (2.1206440670836537 41.36504124298009)
B-LH2-110479,110479,Amadeu Torner - Av. Carrilet,LH2,Bus,POINT (2.1206440670836537 41.36504124298009)
B-LH2-110480,110480,CAP Amadeu Torner ,LH2,Bus,POINT (2.1236262701859987 41.35992571716146)
B-L16-110482,110482,Química - Gran Via de les C. C.,L16,Bus,POINT (2.138465296223762 41.36565746294908)
B-B82-110488,110488,Campus Alimentació UB,B82,Bus,POINT (2.215713020753449 41.46311043294597)
B-B82-110489,110489,Recinte Torribera Llevant,B82,Bus,POINT (2.2129206611991408 41.461861777001666)
B-B82-110490,110490,Centre Emili Mira,B82,Bus,POINT (2.2118298892840675 41.462316964705494)
B-L16-110492,110492,Aprestadora - Ciutat de la Justícia,L16,Bus,POINT (2.130260306697713 41.364697294206344)
B-B24-110494,110494,Bufalà,B24,Bus,POINT (2.2414622432996687 41.458044743349916)
B-B15-110507,110507,Raval - Centre Cívic,B15,Bus,POINT (2.212399408803907 41.44322074520849)
B-B15-110508,110508,Raval - Pavelló,B15,Bus,POINT (2.213835886323592 41.443866892362266)
B-B81-110509,110509,Centre Cívic Els Pins,B81,Bus,POINT (2.214194117926248 41.444742835982034)
B-B15-110509,110509,Centre Cívic Els Pins,B15,Bus,POINT (2.214194117926248 41.444742835982034)
B-L22-110517,110517,Urgències Hospital de Bellvitge,L22,Bus,POINT (2.1044731639762753 41.34668394248667)
B-LH2-110518,110518,Jaume Ventura i Tort - Rbla. Marina,LH2,Bus,POINT (2.1095565908680993 41.34624030305262)
B-LH1-110524,110524,Rambla Catalana - Santiago Apòstol,LH1,Bus,POINT (2.123496358586165 41.37013136799732)
B-LH2-110525,110525,Rambla Catalana - Rosselló,LH2,Bus,POINT (2.125501940057198 41.37149843100041)
B-LH1-110526,110526,Castell de Bellvís,LH1,Bus,POINT (2.124009027237485 41.36911098128603)
B-LH2-110532,110532,CAP La Torrassa,LH2,Bus,POINT (2.1229627951916155 41.369760300080166)
B-B23-110534,110534,UPC - Campus Diagonal Besòs,B23,Bus,POINT (2.219876720713254 41.41211325292709)
B-B15-110569,110569,Pallaresa - Francesc Macià,B15,Bus,POINT (2.204415357550158 41.455221289051174)
B-B15-110570,110570,Camp Antonio Amorós,B15,Bus,POINT (2.2007450248080644 41.45254094555954)
B-B15-110572,110572,Pg. Salzereda - Barri Riu Nord,B15,Bus,POINT (2.2012020519902302 41.4511785321906)
B-B81-110575,110575,Hospital Esperit Sant,B81,Bus,POINT (2.2137975846076507 41.43754102033726)
B-JM-110576,110576,Miquel Reverter,JM,Bus,POINT (2.073761421794436 41.38457280069479)
B-B80-110582,110582,Can Peixauet,B80,Bus,POINT (2.211169412880795 41.44517350621515)
B-B20-110582,110582,Can Peixauet,B20,Bus,POINT (2.211169412880795 41.44517350621515)
B-B80-110583,110583,Banús - Metro Santa Rosa,B80,Bus,POINT (2.2139893846333347 41.44642543095101)
B-B20-110583,110583,Banús - Metro Santa Rosa,B20,Bus,POINT (2.2139893846333347 41.44642543095101)
B-B23-110593,110593,La Catalana,B23,Bus,POINT (2.2232122431496504 41.422256940393545)
B-B23-110594,110594,La Catalana,B23,Bus,POINT (2.2230519790733383 41.42215576717642)
B-B25-110713,110713,Sant Josep i de Rosés - Quintana Alta,B25,Bus,POINT (2.2436691563763533 41.453770103154135)
B-M27-110713,110713,Sant Josep i de Rosés - Quintana Alta,M27,Bus,POINT (2.2436691563763533 41.453770103154135)
B-B25-110714,110714,Sant Josep i de Rosés - Sant Felip i de Rosés,B25,Bus,POINT (2.24521413109857 41.45448174305032)
B-M27-110714,110714,Sant Josep i de Rosés - Sant Felip i de Rosés,M27,Bus,POINT (2.24521413109857 41.45448174305032)
B-B82-112124,112124,Montigalà,B82,Bus,POINT (2.2260844139091414 41.45622675049103)
B-B82-112125,112125,Av. Comunitat Europea - Dinamarca,B82,Bus,POINT (2.2280371116747193 41.457834918707654)
B-B82-112126,112126,Centre d'Atenció Intermèdia El Carme,B82,Bus,POINT (2.229266637340289 41.457135261343964)
B-B82-112129,112129,Metro Fondo,B82,Bus,POINT (2.2182611143788784 41.45165776162703)
B-M19-112129,112129,Metro Fondo,M19,Bus,POINT (2.2182611143788784 41.45165776162703)
B-M19-112142,112142,Metro Vall d'Hebron | Sant Genís,M19,Bus,POINT (2.143199426366298 41.42466375005807)
B-EP1-112160,112160,Molí - Laureà Miró,EP1,Bus,POINT (2.0961056923042203 41.37636920973708)
B-EP1-112161,112161,Molí - Vidal i Ribas,EP1,Bus,POINT (2.0963954072773796 41.37341882433613)
B-EP1-112162,112162,Molí - Pg. Pau Ruiz Picasso,EP1,Bus,POINT (2.097347041541639 41.37150138814856)
B-EP1-112163,112163,Av. Ciutat de l'Hospitalet - Ave Maria,EP1,Bus,POINT (2.0974563298210365 41.36960796517524)
B-EP1-112164,112164,Av. Ciutat de l'Hospitalet - Jocs Florals,EP1,Bus,POINT (2.0955174743147773 41.372073410852835)
B-EP1-112165,112165,Alegria,EP1,Bus,POINT (2.0880034539761203 41.374430817419295)
B-EP1-112166,112166,Lleialtat - Pas del Sucre,EP1,Bus,POINT (2.092201953670496 41.37069887778432)
B-EP1-112167,112167,Lleialtat - Maria Aurèlia Capmany,EP1,Bus,POINT (2.092992413800065 41.372407530645184)
B-EP1-112168,112168,Maria Aurèlia Capmany - Av. Ciutat de l'Hospitalet,EP1,Bus,POINT (2.0951718312158367 41.37214545582829)
B-EP1-112169,112169,Josep Gras - Av. Ciutat de l'Hospitalet,EP1,Bus,POINT (2.0974306054112617 41.369992384308645)
B-EP2-112170,112170,Rosella - Dr. Gimeno,EP2,Bus,POINT (2.086007374553711 41.385345864701634)
B-JM-112171,112171,Av. Traginers - Josep Anguera i Sala,JM,Bus,POINT (2.0969338163996736 41.38597734413525)
B-JM-112172,112172,Av. Traginers - Diaz de la Fuente,JM,Bus,POINT (2.0970024986646183 41.386068498514554)
B-B14-112310,112310,Rambleta,B14,Bus,POINT (2.2200920973384437 41.42860964022982)
B-B20-112310,112310,Rambleta,B20,Bus,POINT (2.2200920973384437 41.42860964022982)
B-EP1-112328,112328,Hospital Sant Joan de Déu,EP1,Bus,POINT (2.10092327823961 41.38339949340305)
B-EP1-112329,112329,Av. Cornellà - Jacint Verdaguer,EP1,Bus,POINT (2.0859435384890967 41.37494137575536)
B-EP1-112330,112330,Enrique Tierno Galván - Lleialtat,EP1,Bus,POINT (2.0932450382752728 41.3738623427068)
B-86-112354,112354,Ctra. del Carmel - Albert Llanas,86,Bus,POINT (2.1566593385076227 41.416623222159956)
B-L22-112370,112370,Estació Rodalies (sentit T2/El Prat L.),L22,Bus,POINT (2.0903129793324693 41.330889589427514)
B-LH2-112377,112377,Llobregat - Pujós,LH2,Bus,POINT (2.1192884348938463 41.37366066808928)
B-M12-112377,112377,Llobregat - Pujós,M12,Bus,POINT (2.1192884348938463 41.37366066808928)
B-88-112394,112394,Metro ZAL | Riu Vell,88,Bus,POINT (2.134053531731291 41.32474878673294)
B-PR3-112396,112396,Platja - Accés 8,PR3,Bus,POINT (2.0892522866148 41.282375679300905)
B-PR3-112397,112397,Platja - Accés 15,PR3,Bus,POINT (2.0972213473540324 41.284630885858505)
B-88-112403,112403,Service Center,88,Bus,POINT (2.1363455694596065 41.32232134647822)
B-L16-112405,112405,Metro Pubilla Cases,L16,Bus,POINT (2.1072504772553415 41.37393701316987)
B-LH1-112416,112416,Tanatori,LH1,Bus,POINT (2.111708920920616 41.34211962933311)
B-LH2-112416,112416,Tanatori,LH2,Bus,POINT (2.111708920920616 41.34211962933311)
B-B14-112476,112476,Pg. Salzereda - Sant Jordi,B14,Bus,POINT (2.209292939184697 41.44193016911184)
B-B20-112476,112476,Pg. Salzereda - Sant Jordi,B20,Bus,POINT (2.209292939184697 41.44193016911184)
B-B20-112477,112477,Pg. Salzereda - Sant Jordi,B20,Bus,POINT (2.209258086458345 41.442152360105645)
B-B25-112480,112480,Rda. Sant Pere - Pl. Urquinaona,B25,Bus,POINT (2.174744030432922 41.38978761977288)
B-EP1-112525,112525,Finestrelles - Joan Miró,EP1,Bus,POINT (2.1004141143095625 41.384753168424616)
B-LH2-112526,112526,Collblanc - Sant Ramon Nonat,LH2,Bus,POINT (2.117526550409577 41.37581638980031)
B-L22-112527,112527, Urgències Hospital de Bellvitge,L22,Bus,POINT (2.105047892683119 41.34682170711013)
B-LH2-112554,112554,Trav. Industrial - Rambla Marina,LH2,Bus,POINT (2.1079325826620208 41.353507573189994)
B-M14-112554,112554,Trav. Industrial - Rambla Marina,M14,Bus,POINT (2.1079325826620208 41.353507573189994)
B-LH2-112555,112555,Ctra. del Mig - Av. Fabregada,LH2,Bus,POINT (2.1093277994858455 41.356618839847094)
B-87-112571,112571,Madrazo - Lincoln,87,Bus,POINT (2.149142146085151 41.40041980069335)
B-B20-112593,112593,Font de l'Alzina,B20,Bus,POINT (2.198081890109135 41.45849127000909)
B-M27-112593,112593,Font de l'Alzina,M27,Bus,POINT (2.198081890109135 41.45849127000909)
B-87-112642,112642,"Gran de Gràcia, 160",87,Bus,POINT (2.152936029016472 41.402169559453306)
B-B81-112736,112736,Elcano - Roger de Llúria,B81,Bus,POINT (2.2133393963517207 41.44253350522464)
