MUNIDEST;CPDESTI;ORIGEN;RAO;PERSONES
Badalona;08911;08911;Treball;2812
Badalona;08911;08912;Treball;1131
Badalona;08911;08913;Treball;673
Badalona;08911;08914;Treball;443
Badalona;08911;08915;Treball;824
Badalona;08911;08916;Treball;..
Badalona;08911;08917;Treball;1222
Badalona;08911;08918;Treball;324
Badalona;08911;Badalona;Treball;7507
Badalona;08911;Barcelona;Treball;2102
Badalona;08911;Santa Coloma de Gramenet;Treball;428
Badalona;08911;Tiana;Treball;364
Badalona;08911;Masnou, el;Treball;222
Badalona;08911;Mataró;Treball;206
Badalona;08911;Alella;Treball;144
Badalona;08911;Montgat;Treball;200
Badalona;08911;Premià de Dalt;Treball;127
Badalona;08911;Altres municipis;Treball;2095
Badalona;08911;Total;Treball;13395
Badalona;08912;08911;Treball;296
Badalona;08912;08912;Treball;2557
Badalona;08912;08913;Treball;188
Badalona;08912;08914;Treball;820
Badalona;08912;08915;Treball;355
Badalona;08912;08916;Treball;..
Badalona;08912;08917;Treball;729
Badalona;08912;08918;Treball;..
Badalona;08912;Badalona;Treball;5168
Badalona;08912;Barcelona;Treball;666
Badalona;08912;Altres municipis;Treball;1406
Badalona;08912;Total;Treball;7239
Badalona;08913;08911;Treball;..
Badalona;08913;08912;Treball;174
Badalona;08913;08913;Treball;1773
Badalona;08913;08914;Treball;325
Badalona;08913;08915;Treball;..
Badalona;08913;08916;Treball;..
Badalona;08913;08917;Treball;334
Badalona;08913;08918;Treball;534
Badalona;08913;Badalona;Treball;3323
Badalona;08913;Barcelona;Treball;854
Badalona;08913;Altres municipis;Treball;911
Badalona;08913;Total;Treball;5088
Badalona;08914;08911;Treball;..
Badalona;08914;08912;Treball;168
Badalona;08914;08913;Treball;309
Badalona;08914;08914;Treball;1314
Badalona;08914;08915;Treball;144
Badalona;08914;08916;Treball;..
Badalona;08914;08917;Treball;363
Badalona;08914;08918;Treball;398
Badalona;08914;Badalona;Treball;2786
Badalona;08914;Barcelona;Treball;541
Badalona;08914;Santa Coloma de Gramenet;Treball;325
Badalona;08914;Altres municipis;Treball;593
Badalona;08914;Total;Treball;4246
Badalona;08915;08911;Treball;252
Badalona;08915;08912;Treball;528
Badalona;08915;08913;Treball;..
Badalona;08915;08914;Treball;..
Badalona;08915;08915;Treball;2024
Badalona;08915;08916;Treball;134
Badalona;08915;08917;Treball;808
Badalona;08915;08918;Treball;..
Badalona;08915;Badalona;Treball;4200
Badalona;08915;Barcelona;Treball;600
Badalona;08915;Santa Coloma de Gramenet;Treball;242
Badalona;08915;Sant Adrià de Besòs;Treball;198
Badalona;08915;Hospitalet de Llobregat, l';Treball;188
Badalona;08915;Tiana;Treball;144
Badalona;08915;Altres municipis;Treball;1444
Badalona;08915;Total;Treball;7015
Badalona;08916;08911;Treball;..
Badalona;08916;08912;Treball;..
Badalona;08916;08913;Treball;..
Badalona;08916;08914;Treball;..
Badalona;08916;08915;Treball;182
Badalona;08916;08916;Treball;..
Badalona;08916;08917;Treball;198
Badalona;08916;08918;Treball;..
Badalona;08916;Barcelona;Treball;1297
Badalona;08916;Badalona;Treball;1061
Badalona;08916;Santa Coloma de Gramenet;Treball;257
Badalona;08916;Mataró;Treball;215
Badalona;08916;Altres municipis;Treball;971
Badalona;08916;Total;Treball;3801
Badalona;08917;08911;Treball;206
Badalona;08917;08912;Treball;212
Badalona;08917;08913;Treball;272
Badalona;08917;08914;Treball;354
Badalona;08917;08915;Treball;299
Badalona;08917;08916;Treball;..
Badalona;08917;08917;Treball;3513
Badalona;08917;08918;Treball;..
Badalona;08917;Badalona;Treball;5015
Badalona;08917;Barcelona;Treball;1183
Badalona;08917;Santa Coloma de Gramenet;Treball;1176
Badalona;08917;Altres municipis;Treball;1015
Badalona;08917;Total;Treball;8388
Badalona;08918;08911;Treball;162
Badalona;08918;08912;Treball;476
Badalona;08918;08913;Treball;367
Badalona;08918;08914;Treball;665
Badalona;08918;08915;Treball;229
Badalona;08918;08917;Treball;481
Badalona;08918;08918;Treball;1351
Badalona;08918;Badalona;Treball;3731
Badalona;08918;Barcelona;Treball;1529
Badalona;08918;Sant Adrià de Besòs;Treball;458
Badalona;08918;Santa Coloma de Gramenet;Treball;306
Badalona;08918;Hospitalet de Llobregat, l';Treball;147
Badalona;08918;Altres municipis;Treball;1134
Badalona;08918;Total;Treball;7306
Badalona;00Badalona;Total;Treball;56479
Barcelona;08001;08001;Treball;5569
Barcelona;08001;08002;Treball;560
Barcelona;08001;08003;Treball;1000
Barcelona;08001;08004;Treball;823
Barcelona;08001;08005;Treball;369
Barcelona;08001;08006;Treball;261
Barcelona;08001;08007;Treball;..
Barcelona;08001;08008;Treball;..
Barcelona;08001;08009;Treball;..
Barcelona;08001;08010;Treball;..
Barcelona;08001;08011;Treball;440
Barcelona;08001;08012;Treball;476
Barcelona;08001;08013;Treball;802
Barcelona;08001;08014;Treball;568
Barcelona;08001;08015;Treball;1196
Barcelona;08001;08016;Treball;494
Barcelona;08001;08017;Treball;110
Barcelona;08001;08018;Treball;495
Barcelona;08001;08019;Treball;241
Barcelona;08001;08020;Treball;372
Barcelona;08001;08021;Treball;222
Barcelona;08001;08022;Treball;166
Barcelona;08001;08023;Treball;358
Barcelona;08001;08024;Treball;602
Barcelona;08001;08025;Treball;645
Barcelona;08001;08026;Treball;408
Barcelona;08001;08027;Treball;495
Barcelona;08001;08028;Treball;596
Barcelona;08001;08029;Treball;776
Barcelona;08001;08030;Treball;525
Barcelona;08001;08031;Treball;382
Barcelona;08001;08032;Treball;303
Barcelona;08001;08033;Treball;..
Barcelona;08001;08034;Treball;192
Barcelona;08001;08035;Treball;121
Barcelona;08001;08036;Treball;282
Barcelona;08001;08037;Treball;281
Barcelona;08001;08038;Treball;330
Barcelona;08001;08041;Treball;260
Barcelona;08001;08042;Treball;241
Barcelona;08001;Barcelona;Treball;21437
Barcelona;08001;Hospitalet de Llobregat, l';Treball;1337
Barcelona;08001;Cornellà de Llobregat;Treball;883
Barcelona;08001;Badalona;Treball;833
Barcelona;08001;Santa Coloma de Gramenet;Treball;667
Barcelona;08001;Sabadell;Treball;612
Barcelona;08001;Terrassa;Treball;444
Barcelona;08001;Cerdanyola del Vallès;Treball;388
Barcelona;08001;Sant Vicenç dels Horts;Treball;351
Barcelona;08001;Sant Boi de Llobregat;Treball;349
Barcelona;08001;Sant Cugat del Vallès;Treball;298
Barcelona;08001;Castelldefels;Treball;284
Barcelona;08001;Esplugues de Llobregat;Treball;273
Barcelona;08001;Prat de Llobregat, el;Treball;257
Barcelona;08001;Sant Joan Despí;Treball;234
Barcelona;08001;Viladecans;Treball;233
Barcelona;08001;Mollet del Vallès;Treball;233
Barcelona;08001;Mataró;Treball;226
Barcelona;08001;Altres municipis;Treball;6420
Barcelona;08001;Total;Treball;35758
Barcelona;08002;08001;Treball;1231
Barcelona;08002;08002;Treball;2489
Barcelona;08002;08003;Treball;662
Barcelona;08002;08004;Treball;575
Barcelona;08002;08005;Treball;295
Barcelona;08002;08006;Treball;183
Barcelona;08002;08007;Treball;..
Barcelona;08002;08008;Treball;..
Barcelona;08002;08009;Treball;..
Barcelona;08002;08010;Treball;..
Barcelona;08002;08011;Treball;302
Barcelona;08002;08012;Treball;342
Barcelona;08002;08013;Treball;561
Barcelona;08002;08014;Treball;849
Barcelona;08002;08015;Treball;526
Barcelona;08002;08016;Treball;383
Barcelona;08002;08017;Treball;120
Barcelona;08002;08018;Treball;282
Barcelona;08002;08019;Treball;155
Barcelona;08002;08020;Treball;351
Barcelona;08002;08021;Treball;188
Barcelona;08002;08022;Treball;197
Barcelona;08002;08023;Treball;263
Barcelona;08002;08024;Treball;296
Barcelona;08002;08025;Treball;363
Barcelona;08002;08026;Treball;300
Barcelona;08002;08027;Treball;407
Barcelona;08002;08028;Treball;567
Barcelona;08002;08029;Treball;385
Barcelona;08002;08030;Treball;505
Barcelona;08002;08031;Treball;273
Barcelona;08002;08032;Treball;347
Barcelona;08002;08033;Treball;..
Barcelona;08002;08034;Treball;140
Barcelona;08002;08035;Treball;181
Barcelona;08002;08036;Treball;207
Barcelona;08002;08037;Treball;..
Barcelona;08002;08038;Treball;132
Barcelona;08002;08039;Treball;..
Barcelona;08002;08041;Treball;171
Barcelona;08002;08042;Treball;320
Barcelona;08002;Barcelona;Treball;15009
Barcelona;08002;Badalona;Treball;1112
Barcelona;08002;Hospitalet de Llobregat, l';Treball;1089
Barcelona;08002;Santa Coloma de Gramenet;Treball;569
Barcelona;08002;Sabadell;Treball;385
Barcelona;08002;Cornellà de Llobregat;Treball;364
Barcelona;08002;Sant Boi de Llobregat;Treball;313
Barcelona;08002;Sant Cugat del Vallès;Treball;301
Barcelona;08002;Terrassa;Treball;267
Barcelona;08002;Gavà;Treball;245
Barcelona;08002;Castelldefels;Treball;237
Barcelona;08002;Vilanova i la Geltrú;Treball;203
Barcelona;08002;Sant Adrià de Besòs;Treball;201
Barcelona;08002;Altres municipis;Treball;4525
Barcelona;08002;Total;Treball;24819
Barcelona;08003;08001;Treball;1361
Barcelona;08003;08002;Treball;339
Barcelona;08003;08003;Treball;3955
Barcelona;08003;08004;Treball;302
Barcelona;08003;08005;Treball;446
Barcelona;08003;08006;Treball;185
Barcelona;08003;08007;Treball;..
Barcelona;08003;08008;Treball;..
Barcelona;08003;08009;Treball;148
Barcelona;08003;08010;Treball;..
Barcelona;08003;08011;Treball;169
Barcelona;08003;08012;Treball;290
Barcelona;08003;08013;Treball;712
Barcelona;08003;08014;Treball;554
Barcelona;08003;08015;Treball;585
Barcelona;08003;08016;Treball;485
Barcelona;08003;08017;Treball;174
Barcelona;08003;08018;Treball;685
Barcelona;08003;08019;Treball;321
Barcelona;08003;08020;Treball;431
Barcelona;08003;08021;Treball;..
Barcelona;08003;08022;Treball;..
Barcelona;08003;08023;Treball;383
Barcelona;08003;08024;Treball;494
Barcelona;08003;08025;Treball;712
Barcelona;08003;08026;Treball;387
Barcelona;08003;08027;Treball;664
Barcelona;08003;08028;Treball;671
Barcelona;08003;08029;Treball;381
Barcelona;08003;08030;Treball;425
Barcelona;08003;08031;Treball;208
Barcelona;08003;08032;Treball;311
Barcelona;08003;08033;Treball;..
Barcelona;08003;08034;Treball;145
Barcelona;08003;08035;Treball;204
Barcelona;08003;08036;Treball;363
Barcelona;08003;08037;Treball;218
Barcelona;08003;08038;Treball;230
Barcelona;08003;08041;Treball;286
Barcelona;08003;08042;Treball;431
Barcelona;08003;Barcelona;Treball;18328
Barcelona;08003;Badalona;Treball;1219
Barcelona;08003;Hospitalet de Llobregat, l';Treball;975
Barcelona;08003;Sitges;Treball;299
Barcelona;08003;Sabadell;Treball;292
Barcelona;08003;Sant Cugat del Vallès;Treball;290
Barcelona;08003;Santa Coloma de Gramenet;Treball;261
Barcelona;08003;Mataró;Treball;260
Barcelona;08003;Granollers;Treball;222
Barcelona;08003;Rubí;Treball;212
Barcelona;08003;Cerdanyola del Vallès;Treball;201
Barcelona;08003;Sant Boi de Llobregat;Treball;185
Barcelona;08003;Prat de Llobregat, el;Treball;164
Barcelona;08003;Viladecans;Treball;150
Barcelona;08003;Premià de Mar;Treball;133
Barcelona;08003;Castellbisbal;Treball;126
Barcelona;08003;Altres municipis;Treball;4972
Barcelona;08003;Total;Treball;28291
Barcelona;08004;08001;Treball;251
Barcelona;08004;08002;Treball;..
Barcelona;08004;08003;Treball;..
Barcelona;08004;08004;Treball;3486
Barcelona;08004;08005;Treball;..
Barcelona;08004;08006;Treball;..
Barcelona;08004;08007;Treball;..
Barcelona;08004;08009;Treball;..
Barcelona;08004;08010;Treball;..
Barcelona;08004;08011;Treball;..
Barcelona;08004;08012;Treball;..
Barcelona;08004;08013;Treball;193
Barcelona;08004;08014;Treball;683
Barcelona;08004;08015;Treball;380
Barcelona;08004;08016;Treball;..
Barcelona;08004;08017;Treball;..
Barcelona;08004;08018;Treball;..
Barcelona;08004;08019;Treball;..
Barcelona;08004;08020;Treball;..
Barcelona;08004;08021;Treball;..
Barcelona;08004;08022;Treball;..
Barcelona;08004;08023;Treball;..
Barcelona;08004;08024;Treball;148
Barcelona;08004;08025;Treball;145
Barcelona;08004;08026;Treball;..
Barcelona;08004;08027;Treball;124
Barcelona;08004;08028;Treball;685
Barcelona;08004;08029;Treball;244
Barcelona;08004;08030;Treball;113
Barcelona;08004;08031;Treball;125
Barcelona;08004;08032;Treball;130
Barcelona;08004;08033;Treball;..
Barcelona;08004;08034;Treball;..
Barcelona;08004;08035;Treball;..
Barcelona;08004;08036;Treball;..
Barcelona;08004;08037;Treball;..
Barcelona;08004;08038;Treball;430
Barcelona;08004;08041;Treball;..
Barcelona;08004;08042;Treball;106
Barcelona;08004;Barcelona;Treball;9120
Barcelona;08004;Badalona;Treball;442
Barcelona;08004;Hospitalet de Llobregat, l';Treball;441
Barcelona;08004;Viladecans;Treball;210
Barcelona;08004;Castelldefels;Treball;188
Barcelona;08004;Sabadell;Treball;163
Barcelona;08004;Altres municipis;Treball;3269
Barcelona;08004;Total;Treball;13831
Barcelona;08005;08001;Treball;505
Barcelona;08005;08002;Treball;775
Barcelona;08005;08003;Treball;311
Barcelona;08005;08004;Treball;360
Barcelona;08005;08005;Treball;3933
Barcelona;08005;08006;Treball;225
Barcelona;08005;08007;Treball;..
Barcelona;08005;08008;Treball;..
Barcelona;08005;08009;Treball;..
Barcelona;08005;08010;Treball;..
Barcelona;08005;08011;Treball;..
Barcelona;08005;08012;Treball;204
Barcelona;08005;08013;Treball;614
Barcelona;08005;08014;Treball;406
Barcelona;08005;08015;Treball;261
Barcelona;08005;08016;Treball;387
Barcelona;08005;08017;Treball;192
Barcelona;08005;08018;Treball;1020
Barcelona;08005;08019;Treball;779
Barcelona;08005;08020;Treball;1314
Barcelona;08005;08021;Treball;..
Barcelona;08005;08022;Treball;176
Barcelona;08005;08023;Treball;167
Barcelona;08005;08024;Treball;376
Barcelona;08005;08025;Treball;444
Barcelona;08005;08026;Treball;899
Barcelona;08005;08027;Treball;341
Barcelona;08005;08028;Treball;456
Barcelona;08005;08029;Treball;313
Barcelona;08005;08030;Treball;430
Barcelona;08005;08031;Treball;358
Barcelona;08005;08032;Treball;284
Barcelona;08005;08033;Treball;200
Barcelona;08005;08034;Treball;143
Barcelona;08005;08035;Treball;..
Barcelona;08005;08036;Treball;..
Barcelona;08005;08037;Treball;115
Barcelona;08005;08038;Treball;..
Barcelona;08005;08041;Treball;219
Barcelona;08005;08042;Treball;377
Barcelona;08005;Barcelona;Treball;17176
Barcelona;08005;Badalona;Treball;1187
Barcelona;08005;Hospitalet de Llobregat, l';Treball;793
Barcelona;08005;Sant Cugat del Vallès;Treball;593
Barcelona;08005;Santa Coloma de Gramenet;Treball;486
Barcelona;08005;Terrassa;Treball;388
Barcelona;08005;Sant Adrià de Besòs;Treball;259
Barcelona;08005;Cornellà de Llobregat;Treball;256
Barcelona;08005;Sabadell;Treball;256
Barcelona;08005;Mataró;Treball;241
Barcelona;08005;Cerdanyola del Vallès;Treball;218
Barcelona;08005;Viladecans;Treball;147
Barcelona;08005;Mollet del Vallès;Treball;145
Barcelona;08005;Esplugues de Llobregat;Treball;138
Barcelona;08005;Altres municipis;Treball;4067
Barcelona;08005;Total;Treball;26350
Barcelona;08006;08001;Treball;..
Barcelona;08006;08002;Treball;..
Barcelona;08006;08003;Treball;689
Barcelona;08006;08004;Treball;276
Barcelona;08006;08005;Treball;319
Barcelona;08006;08006;Treball;2991
Barcelona;08006;08007;Treball;..
Barcelona;08006;08008;Treball;..
Barcelona;08006;08009;Treball;..
Barcelona;08006;08010;Treball;..
Barcelona;08006;08011;Treball;231
Barcelona;08006;08012;Treball;686
Barcelona;08006;08013;Treball;449
Barcelona;08006;08014;Treball;472
Barcelona;08006;08015;Treball;509
Barcelona;08006;08016;Treball;341
Barcelona;08006;08017;Treball;738
Barcelona;08006;08018;Treball;416
Barcelona;08006;08019;Treball;191
Barcelona;08006;08020;Treball;579
Barcelona;08006;08021;Treball;613
Barcelona;08006;08022;Treball;887
Barcelona;08006;08023;Treball;1345
Barcelona;08006;08024;Treball;615
Barcelona;08006;08025;Treball;921
Barcelona;08006;08026;Treball;344
Barcelona;08006;08027;Treball;552
Barcelona;08006;08028;Treball;765
Barcelona;08006;08029;Treball;572
Barcelona;08006;08030;Treball;762
Barcelona;08006;08031;Treball;398
Barcelona;08006;08032;Treball;365
Barcelona;08006;08033;Treball;..
Barcelona;08006;08034;Treball;759
Barcelona;08006;08035;Treball;252
Barcelona;08006;08036;Treball;176
Barcelona;08006;08037;Treball;202
Barcelona;08006;08038;Treball;247
Barcelona;08006;08041;Treball;286
Barcelona;08006;08042;Treball;255
Barcelona;08006;Barcelona;Treball;19978
Barcelona;08006;Hospitalet de Llobregat, l';Treball;1611
Barcelona;08006;Sant Cugat del Vallès;Treball;613
Barcelona;08006;Santa Coloma de Gramenet;Treball;543
Barcelona;08006;Sant Feliu de Llobregat;Treball;516
Barcelona;08006;Sabadell;Treball;485
Barcelona;08006;Badalona;Treball;427
Barcelona;08006;Terrassa;Treball;334
Barcelona;08006;Cornellà de Llobregat;Treball;285
Barcelona;08006;Castelldefels;Treball;269
Barcelona;08006;Sant Joan Despí;Treball;233
Barcelona;08006;Viladecans;Treball;218
Barcelona;08006;Prat de Llobregat, el;Treball;178
Barcelona;08006;Cerdanyola del Vallès;Treball;166
Barcelona;08006;Ripollet;Treball;166
Barcelona;08006;Esplugues de Llobregat;Treball;158
Barcelona;08006;Barberà del Vallès;Treball;156
Barcelona;08006;Sant Quirze del Vallès;Treball;139
Barcelona;08006;Sant Boi de Llobregat;Treball;139
Barcelona;08006;Mataró;Treball;136
Barcelona;08006;Altres municipis;Treball;3934
Barcelona;08006;Total;Treball;30685
Barcelona;08007;08001;Treball;916
Barcelona;08007;08002;Treball;365
Barcelona;08007;08003;Treball;375
Barcelona;08007;08004;Treball;505
Barcelona;08007;08005;Treball;687
Barcelona;08007;08006;Treball;324
Barcelona;08007;08007;Treball;431
Barcelona;08007;08008;Treball;..
Barcelona;08007;08009;Treball;161
Barcelona;08007;08010;Treball;..
Barcelona;08007;08011;Treball;283
Barcelona;08007;08012;Treball;305
Barcelona;08007;08013;Treball;662
Barcelona;08007;08014;Treball;522
Barcelona;08007;08015;Treball;569
Barcelona;08007;08016;Treball;384
Barcelona;08007;08017;Treball;443
Barcelona;08007;08018;Treball;323
Barcelona;08007;08019;Treball;248
Barcelona;08007;08020;Treball;516
Barcelona;08007;08021;Treball;264
Barcelona;08007;08022;Treball;613
Barcelona;08007;08023;Treball;672
Barcelona;08007;08024;Treball;505
Barcelona;08007;08025;Treball;707
Barcelona;08007;08026;Treball;404
Barcelona;08007;08027;Treball;557
Barcelona;08007;08028;Treball;872
Barcelona;08007;08029;Treball;405
Barcelona;08007;08030;Treball;567
Barcelona;08007;08031;Treball;285
Barcelona;08007;08032;Treball;358
Barcelona;08007;08033;Treball;..
Barcelona;08007;08034;Treball;218
Barcelona;08007;08035;Treball;332
Barcelona;08007;08036;Treball;217
Barcelona;08007;08037;Treball;187
Barcelona;08007;08038;Treball;167
Barcelona;08007;08039;Treball;..
Barcelona;08007;08041;Treball;409
Barcelona;08007;08042;Treball;404
Barcelona;08007;Barcelona;Treball;16470
Barcelona;08007;Hospitalet de Llobregat, l';Treball;1173
Barcelona;08007;Badalona;Treball;944
Barcelona;08007;Sant Cugat del Vallès;Treball;589
Barcelona;08007;Mataró;Treball;462
Barcelona;08007;Sabadell;Treball;435
Barcelona;08007;Prat de Llobregat, el;Treball;427
Barcelona;08007;Gavà;Treball;412
Barcelona;08007;Sant Adrià de Besòs;Treball;376
Barcelona;08007;Esplugues de Llobregat;Treball;363
Barcelona;08007;Santa Coloma de Gramenet;Treball;330
Barcelona;08007;Sant Quirze del Vallès;Treball;327
Barcelona;08007;Cornellà de Llobregat;Treball;318
Barcelona;08007;Terrassa;Treball;308
Barcelona;08007;Ripollet;Treball;290
Barcelona;08007;Castelldefels;Treball;273
Barcelona;08007;Montcada i Reixac;Treball;248
Barcelona;08007;Viladecans;Treball;237
Barcelona;08007;Rubí;Treball;229
Barcelona;08007;Vilanova i la Geltrú;Treball;170
Barcelona;08007;Cerdanyola del Vallès;Treball;164
Barcelona;08007;Sant Feliu de Llobregat;Treball;158
Barcelona;08007;Granollers;Treball;157
Barcelona;08007;Sant Boi de Llobregat;Treball;156
Barcelona;08007;Masnou, el;Treball;152
Barcelona;08007;Mollet del Vallès;Treball;149
Barcelona;08007;Premià de Mar;Treball;145
Barcelona;08007;Santa Perpètua de Mogoda;Treball;141
Barcelona;08007;Altres municipis;Treball;3824
Barcelona;08007;Total;Treball;29429
Barcelona;08008;08001;Treball;444
Barcelona;08008;08002;Treball;..
Barcelona;08008;08003;Treball;264
Barcelona;08008;08004;Treball;300
Barcelona;08008;08005;Treball;254
Barcelona;08008;08006;Treball;368
Barcelona;08008;08007;Treball;..
Barcelona;08008;08008;Treball;481
Barcelona;08008;08009;Treball;..
Barcelona;08008;08010;Treball;..
Barcelona;08008;08011;Treball;..
Barcelona;08008;08012;Treball;228
Barcelona;08008;08013;Treball;635
Barcelona;08008;08014;Treball;334
Barcelona;08008;08015;Treball;525
Barcelona;08008;08016;Treball;303
Barcelona;08008;08017;Treball;352
Barcelona;08008;08018;Treball;276
Barcelona;08008;08019;Treball;..
Barcelona;08008;08020;Treball;251
Barcelona;08008;08021;Treball;372
Barcelona;08008;08022;Treball;278
Barcelona;08008;08023;Treball;372
Barcelona;08008;08024;Treball;602
Barcelona;08008;08025;Treball;518
Barcelona;08008;08026;Treball;209
Barcelona;08008;08027;Treball;324
Barcelona;08008;08028;Treball;384
Barcelona;08008;08029;Treball;451
Barcelona;08008;08030;Treball;395
Barcelona;08008;08031;Treball;158
Barcelona;08008;08032;Treball;300
Barcelona;08008;08033;Treball;..
Barcelona;08008;08034;Treball;261
Barcelona;08008;08035;Treball;..
Barcelona;08008;08036;Treball;225
Barcelona;08008;08037;Treball;..
Barcelona;08008;08038;Treball;..
Barcelona;08008;08041;Treball;376
Barcelona;08008;08042;Treball;236
Barcelona;08008;Barcelona;Treball;11816
Barcelona;08008;Hospitalet de Llobregat, l';Treball;688
Barcelona;08008;Badalona;Treball;570
Barcelona;08008;Sant Cugat del Vallès;Treball;540
Barcelona;08008;Cornellà de Llobregat;Treball;480
Barcelona;08008;Sabadell;Treball;326
Barcelona;08008;Terrassa;Treball;271
Barcelona;08008;Prat de Llobregat, el;Treball;252
Barcelona;08008;Esplugues de Llobregat;Treball;218
Barcelona;08008;Castelldefels;Treball;206
Barcelona;08008;Vilafranca del Penedès;Treball;190
Barcelona;08008;Santa Coloma de Gramenet;Treball;178
Barcelona;08008;Rubí;Treball;176
Barcelona;08008;Mataró;Treball;174
Barcelona;08008;Cerdanyola del Vallès;Treball;148
Barcelona;08008;Sant Feliu de Llobregat;Treball;141
Barcelona;08008;Pacs del Penedès;Treball;38
Barcelona;08008;Altres municipis;Treball;3674
Barcelona;08008;Total;Treball;20086
Barcelona;08009;08001;Treball;..
Barcelona;08009;08002;Treball;..
Barcelona;08009;08003;Treball;..
Barcelona;08009;08004;Treball;144
Barcelona;08009;08005;Treball;170
Barcelona;08009;08006;Treball;..
Barcelona;08009;08007;Treball;..
Barcelona;08009;08008;Treball;..
Barcelona;08009;08009;Treball;929
Barcelona;08009;08010;Treball;..
Barcelona;08009;08011;Treball;170
Barcelona;08009;08012;Treball;270
Barcelona;08009;08013;Treball;816
Barcelona;08009;08014;Treball;166
Barcelona;08009;08015;Treball;702
Barcelona;08009;08016;Treball;215
Barcelona;08009;08017;Treball;158
Barcelona;08009;08018;Treball;323
Barcelona;08009;08019;Treball;182
Barcelona;08009;08020;Treball;269
Barcelona;08009;08021;Treball;189
Barcelona;08009;08022;Treball;234
Barcelona;08009;08023;Treball;205
Barcelona;08009;08024;Treball;301
Barcelona;08009;08025;Treball;531
Barcelona;08009;08026;Treball;171
Barcelona;08009;08027;Treball;412
Barcelona;08009;08028;Treball;322
Barcelona;08009;08029;Treball;626
Barcelona;08009;08030;Treball;372
Barcelona;08009;08031;Treball;327
Barcelona;08009;08032;Treball;405
Barcelona;08009;08033;Treball;..
Barcelona;08009;08034;Treball;241
Barcelona;08009;08035;Treball;..
Barcelona;08009;08036;Treball;245
Barcelona;08009;08037;Treball;226
Barcelona;08009;08038;Treball;..
Barcelona;08009;08041;Treball;163
Barcelona;08009;08042;Treball;234
Barcelona;08009;Barcelona;Treball;10737
Barcelona;08009;Badalona;Treball;658
Barcelona;08009;Hospitalet de Llobregat, l';Treball;421
Barcelona;08009;Santa Coloma de Gramenet;Treball;396
Barcelona;08009;Castelldefels;Treball;273
Barcelona;08009;Premià de Mar;Treball;240
Barcelona;08009;Prat de Llobregat, el;Treball;226
Barcelona;08009;Vilanova i la Geltrú;Treball;179
Barcelona;08009;Sabadell;Treball;178
Barcelona;08009;Terrassa;Treball;168
Barcelona;08009;Altres municipis;Treball;4072
Barcelona;08009;Total;Treball;17547
Barcelona;08010;08001;Treball;281
Barcelona;08010;08002;Treball;..
Barcelona;08010;08003;Treball;696
Barcelona;08010;08004;Treball;244
Barcelona;08010;08005;Treball;540
Barcelona;08010;08006;Treball;138
Barcelona;08010;08007;Treball;..
Barcelona;08010;08008;Treball;..
Barcelona;08010;08009;Treball;..
Barcelona;08010;08010;Treball;1061
Barcelona;08010;08011;Treball;148
Barcelona;08010;08012;Treball;141
Barcelona;08010;08013;Treball;770
Barcelona;08010;08014;Treball;454
Barcelona;08010;08015;Treball;907
Barcelona;08010;08016;Treball;..
Barcelona;08010;08017;Treball;134
Barcelona;08010;08018;Treball;364
Barcelona;08010;08019;Treball;331
Barcelona;08010;08020;Treball;502
Barcelona;08010;08021;Treball;..
Barcelona;08010;08022;Treball;139
Barcelona;08010;08023;Treball;245
Barcelona;08010;08024;Treball;386
Barcelona;08010;08025;Treball;513
Barcelona;08010;08026;Treball;345
Barcelona;08010;08027;Treball;500
Barcelona;08010;08028;Treball;384
Barcelona;08010;08029;Treball;403
Barcelona;08010;08030;Treball;542
Barcelona;08010;08031;Treball;307
Barcelona;08010;08032;Treball;312
Barcelona;08010;08033;Treball;..
Barcelona;08010;08034;Treball;..
Barcelona;08010;08035;Treball;..
Barcelona;08010;08036;Treball;168
Barcelona;08010;08037;Treball;122
Barcelona;08010;08038;Treball;..
Barcelona;08010;08039;Treball;..
Barcelona;08010;08041;Treball;381
Barcelona;08010;08042;Treball;179
Barcelona;08010;Barcelona;Treball;12687
Barcelona;08010;Hospitalet de Llobregat, l';Treball;1143
Barcelona;08010;Badalona;Treball;930
Barcelona;08010;Santa Coloma de Gramenet;Treball;525
Barcelona;08010;Terrassa;Treball;402
Barcelona;08010;Sabadell;Treball;343
Barcelona;08010;Gavà;Treball;334
Barcelona;08010;Cornellà de Llobregat;Treball;327
Barcelona;08010;Mataró;Treball;322
Barcelona;08010;Sant Joan Despí;Treball;242
Barcelona;08010;Sant Cugat del Vallès;Treball;222
Barcelona;08010;Sant Pere de Ribes;Treball;219
Barcelona;08010;Sant Boi de Llobregat;Treball;195
Barcelona;08010;Rubí;Treball;176
Barcelona;08010;Viladecans;Treball;136
Barcelona;08010;Tiana;Treball;97
Barcelona;08010;Altres municipis;Treball;3720
Barcelona;08010;Total;Treball;22020
Barcelona;08011;08001;Treball;..
Barcelona;08011;08003;Treball;..
Barcelona;08011;08004;Treball;269
Barcelona;08011;08005;Treball;136
Barcelona;08011;08006;Treball;204
Barcelona;08011;08007;Treball;..
Barcelona;08011;08008;Treball;..
Barcelona;08011;08009;Treball;..
Barcelona;08011;08010;Treball;..
Barcelona;08011;08011;Treball;1560
Barcelona;08011;08012;Treball;..
Barcelona;08011;08013;Treball;250
Barcelona;08011;08014;Treball;237
Barcelona;08011;08015;Treball;637
Barcelona;08011;08016;Treball;121
Barcelona;08011;08017;Treball;..
Barcelona;08011;08018;Treball;159
Barcelona;08011;08019;Treball;..
Barcelona;08011;08020;Treball;182
Barcelona;08011;08021;Treball;..
Barcelona;08011;08022;Treball;..
Barcelona;08011;08023;Treball;161
Barcelona;08011;08024;Treball;278
Barcelona;08011;08025;Treball;201
Barcelona;08011;08026;Treball;100
Barcelona;08011;08027;Treball;327
Barcelona;08011;08028;Treball;377
Barcelona;08011;08029;Treball;282
Barcelona;08011;08030;Treball;237
Barcelona;08011;08031;Treball;..
Barcelona;08011;08032;Treball;169
Barcelona;08011;08033;Treball;..
Barcelona;08011;08034;Treball;118
Barcelona;08011;08035;Treball;..
Barcelona;08011;08036;Treball;230
Barcelona;08011;08037;Treball;..
Barcelona;08011;08038;Treball;..
Barcelona;08011;08041;Treball;..
Barcelona;08011;08042;Treball;..
Barcelona;08011;Barcelona;Treball;7622
Barcelona;08011;Hospitalet de Llobregat, l';Treball;532
Barcelona;08011;Sant Cugat del Vallès;Treball;236
Barcelona;08011;Badalona;Treball;235
Barcelona;08011;Terrassa;Treball;204
Barcelona;08011;Sant Boi de Llobregat;Treball;166
Barcelona;08011;Santa Coloma de Gramenet;Treball;157
Barcelona;08011;Prat de Llobregat, el;Treball;149
Barcelona;08011;Altres municipis;Treball;1974
Barcelona;08011;Total;Treball;11275
Barcelona;08012;08001;Treball;..
Barcelona;08012;08002;Treball;..
Barcelona;08012;08003;Treball;..
Barcelona;08012;08004;Treball;115
Barcelona;08012;08005;Treball;..
Barcelona;08012;08006;Treball;239
Barcelona;08012;08007;Treball;..
Barcelona;08012;08008;Treball;..
Barcelona;08012;08009;Treball;..
Barcelona;08012;08010;Treball;..
Barcelona;08012;08011;Treball;..
Barcelona;08012;08012;Treball;2777
Barcelona;08012;08013;Treball;333
Barcelona;08012;08014;Treball;..
Barcelona;08012;08015;Treball;189
Barcelona;08012;08016;Treball;250
Barcelona;08012;08017;Treball;..
Barcelona;08012;08018;Treball;197
Barcelona;08012;08019;Treball;..
Barcelona;08012;08020;Treball;..
Barcelona;08012;08021;Treball;..
Barcelona;08012;08022;Treball;180
Barcelona;08012;08023;Treball;190
Barcelona;08012;08024;Treball;671
Barcelona;08012;08025;Treball;457
Barcelona;08012;08026;Treball;..
Barcelona;08012;08027;Treball;170
Barcelona;08012;08028;Treball;261
Barcelona;08012;08029;Treball;138
Barcelona;08012;08030;Treball;101
Barcelona;08012;08031;Treball;165
Barcelona;08012;08032;Treball;166
Barcelona;08012;08033;Treball;..
Barcelona;08012;08034;Treball;211
Barcelona;08012;08035;Treball;..
Barcelona;08012;08036;Treball;..
Barcelona;08012;08037;Treball;..
Barcelona;08012;08038;Treball;..
Barcelona;08012;08041;Treball;241
Barcelona;08012;08042;Treball;240
Barcelona;08012;Barcelona;Treball;8628
Barcelona;08012;Hospitalet de Llobregat, l';Treball;615
Barcelona;08012;Badalona;Treball;404
Barcelona;08012;Terrassa;Treball;208
Barcelona;08012;Santa Coloma de Gramenet;Treball;186
Barcelona;08012;Altres municipis;Treball;2298
Barcelona;08012;Total;Treball;12339
Barcelona;08013;08001;Treball;..
Barcelona;08013;08003;Treball;..
Barcelona;08013;08004;Treball;235
Barcelona;08013;08005;Treball;320
Barcelona;08013;08006;Treball;..
Barcelona;08013;08007;Treball;..
Barcelona;08013;08008;Treball;..
Barcelona;08013;08009;Treball;124
Barcelona;08013;08010;Treball;..
Barcelona;08013;08011;Treball;261
Barcelona;08013;08012;Treball;..
Barcelona;08013;08013;Treball;4304
Barcelona;08013;08014;Treball;168
Barcelona;08013;08015;Treball;792
Barcelona;08013;08016;Treball;313
Barcelona;08013;08017;Treball;..
Barcelona;08013;08018;Treball;615
Barcelona;08013;08019;Treball;232
Barcelona;08013;08020;Treball;506
Barcelona;08013;08021;Treball;..
Barcelona;08013;08022;Treball;..
Barcelona;08013;08023;Treball;124
Barcelona;08013;08024;Treball;368
Barcelona;08013;08025;Treball;657
Barcelona;08013;08026;Treball;412
Barcelona;08013;08027;Treball;430
Barcelona;08013;08028;Treball;395
Barcelona;08013;08029;Treball;587
Barcelona;08013;08030;Treball;402
Barcelona;08013;08031;Treball;297
Barcelona;08013;08032;Treball;379
Barcelona;08013;08033;Treball;..
Barcelona;08013;08034;Treball;..
Barcelona;08013;08035;Treball;..
Barcelona;08013;08036;Treball;220
Barcelona;08013;08037;Treball;..
Barcelona;08013;08038;Treball;193
Barcelona;08013;08041;Treball;179
Barcelona;08013;08042;Treball;227
Barcelona;08013;Barcelona;Treball;14415
Barcelona;08013;Badalona;Treball;946
Barcelona;08013;Santa Coloma de Gramenet;Treball;559
Barcelona;08013;Hospitalet de Llobregat, l';Treball;410
Barcelona;08013;Terrassa;Treball;331
Barcelona;08013;Cornellà de Llobregat;Treball;251
Barcelona;08013;Sant Cugat del Vallès;Treball;198
Barcelona;08013;Sabadell;Treball;196
Barcelona;08013;Viladecans;Treball;144
Barcelona;08013;Altres municipis;Treball;3037
Barcelona;08013;Total;Treball;20485
Barcelona;08014;08001;Treball;208
Barcelona;08014;08002;Treball;..
Barcelona;08014;08003;Treball;269
Barcelona;08014;08004;Treball;1034
Barcelona;08014;08005;Treball;182
Barcelona;08014;08006;Treball;..
Barcelona;08014;08007;Treball;..
Barcelona;08014;08009;Treball;..
Barcelona;08014;08010;Treball;..
Barcelona;08014;08011;Treball;..
Barcelona;08014;08012;Treball;143
Barcelona;08014;08013;Treball;419
Barcelona;08014;08014;Treball;5188
Barcelona;08014;08015;Treball;328
Barcelona;08014;08016;Treball;262
Barcelona;08014;08017;Treball;161
Barcelona;08014;08018;Treball;132
Barcelona;08014;08019;Treball;..
Barcelona;08014;08020;Treball;352
Barcelona;08014;08021;Treball;..
Barcelona;08014;08022;Treball;227
Barcelona;08014;08023;Treball;..
Barcelona;08014;08024;Treball;519
Barcelona;08014;08025;Treball;372
Barcelona;08014;08026;Treball;..
Barcelona;08014;08027;Treball;363
Barcelona;08014;08028;Treball;1618
Barcelona;08014;08029;Treball;524
Barcelona;08014;08030;Treball;339
Barcelona;08014;08031;Treball;220
Barcelona;08014;08032;Treball;232
Barcelona;08014;08033;Treball;..
Barcelona;08014;08034;Treball;142
Barcelona;08014;08035;Treball;..
Barcelona;08014;08036;Treball;..
Barcelona;08014;08037;Treball;..
Barcelona;08014;08038;Treball;868
Barcelona;08014;08041;Treball;181
Barcelona;08014;08042;Treball;169
Barcelona;08014;Barcelona;Treball;15661
Barcelona;08014;Hospitalet de Llobregat, l';Treball;3059
Barcelona;08014;Santa Coloma de Gramenet;Treball;616
Barcelona;08014;Badalona;Treball;574
Barcelona;08014;Cornellà de Llobregat;Treball;560
Barcelona;08014;Esplugues de Llobregat;Treball;374
Barcelona;08014;Castelldefels;Treball;347
Barcelona;08014;Terrassa;Treball;317
Barcelona;08014;Sant Boi de Llobregat;Treball;285
Barcelona;08014;Sant Cugat del Vallès;Treball;226
Barcelona;08014;Sabadell;Treball;215
Barcelona;08014;Prat de Llobregat, el;Treball;211
Barcelona;08014;Viladecans;Treball;203
Barcelona;08014;Masnou, el;Treball;185
Barcelona;08014;Sant Feliu de Llobregat;Treball;168
Barcelona;08014;Cerdanyola del Vallès;Treball;142
Barcelona;08014;Martorell;Treball;136
Barcelona;08014;Montgat;Treball;108
Barcelona;08014;Altres municipis;Treball;3479
Barcelona;08014;Total;Treball;26866
Barcelona;08015;08001;Treball;470
Barcelona;08015;08002;Treball;..
Barcelona;08015;08003;Treball;..
Barcelona;08015;08004;Treball;647
Barcelona;08015;08005;Treball;153
Barcelona;08015;08006;Treball;161
Barcelona;08015;08007;Treball;..
Barcelona;08015;08008;Treball;..
Barcelona;08015;08009;Treball;..
Barcelona;08015;08010;Treball;148
Barcelona;08015;08011;Treball;262
Barcelona;08015;08012;Treball;244
Barcelona;08015;08013;Treball;671
Barcelona;08015;08014;Treball;884
Barcelona;08015;08015;Treball;4872
Barcelona;08015;08016;Treball;261
Barcelona;08015;08017;Treball;174
Barcelona;08015;08018;Treball;210
Barcelona;08015;08019;Treball;136
Barcelona;08015;08020;Treball;316
Barcelona;08015;08021;Treball;178
Barcelona;08015;08022;Treball;..
Barcelona;08015;08023;Treball;310
Barcelona;08015;08024;Treball;258
Barcelona;08015;08025;Treball;528
Barcelona;08015;08026;Treball;372
Barcelona;08015;08027;Treball;424
Barcelona;08015;08028;Treball;551
Barcelona;08015;08029;Treball;740
Barcelona;08015;08030;Treball;266
Barcelona;08015;08031;Treball;230
Barcelona;08015;08032;Treball;309
Barcelona;08015;08033;Treball;..
Barcelona;08015;08034;Treball;..
Barcelona;08015;08035;Treball;169
Barcelona;08015;08036;Treball;218
Barcelona;08015;08037;Treball;..
Barcelona;08015;08038;Treball;317
Barcelona;08015;08041;Treball;211
Barcelona;08015;08042;Treball;..
Barcelona;08015;Barcelona;Treball;16113
Barcelona;08015;Hospitalet de Llobregat, l';Treball;960
Barcelona;08015;Badalona;Treball;711
Barcelona;08015;Prat de Llobregat, el;Treball;438
Barcelona;08015;Sant Boi de Llobregat;Treball;350
Barcelona;08015;Castelldefels;Treball;281
Barcelona;08015;Viladecans;Treball;274
Barcelona;08015;Santa Coloma de Gramenet;Treball;223
Barcelona;08015;Sabadell;Treball;199
Barcelona;08015;Sant Cugat del Vallès;Treball;192
Barcelona;08015;Cornellà de Llobregat;Treball;166
Barcelona;08015;Gavà;Treball;152
Barcelona;08015;Altres municipis;Treball;3363
Barcelona;08015;Total;Treball;23423
Barcelona;08016;08001;Treball;..
Barcelona;08016;08002;Treball;..
Barcelona;08016;08003;Treball;..
Barcelona;08016;08004;Treball;..
Barcelona;08016;08005;Treball;..
Barcelona;08016;08006;Treball;..
Barcelona;08016;08009;Treball;..
Barcelona;08016;08010;Treball;..
Barcelona;08016;08011;Treball;..
Barcelona;08016;08012;Treball;..
Barcelona;08016;08013;Treball;192
Barcelona;08016;08014;Treball;..
Barcelona;08016;08015;Treball;171
Barcelona;08016;08016;Treball;4062
Barcelona;08016;08017;Treball;..
Barcelona;08016;08018;Treball;..
Barcelona;08016;08019;Treball;..
Barcelona;08016;08020;Treball;94
Barcelona;08016;08022;Treball;..
Barcelona;08016;08023;Treball;..
Barcelona;08016;08024;Treball;..
Barcelona;08016;08025;Treball;102
Barcelona;08016;08026;Treball;..
Barcelona;08016;08027;Treball;193
Barcelona;08016;08028;Treball;..
Barcelona;08016;08029;Treball;..
Barcelona;08016;08030;Treball;346
Barcelona;08016;08031;Treball;808
Barcelona;08016;08032;Treball;197
Barcelona;08016;08033;Treball;292
Barcelona;08016;08034;Treball;..
Barcelona;08016;08035;Treball;..
Barcelona;08016;08036;Treball;..
Barcelona;08016;08037;Treball;..
Barcelona;08016;08038;Treball;..
Barcelona;08016;08041;Treball;..
Barcelona;08016;08042;Treball;1166
Barcelona;08016;Barcelona;Treball;9243
Barcelona;08016;Cerdanyola del Vallès;Treball;336
Barcelona;08016;Hospitalet de Llobregat, l';Treball;239
Barcelona;08016;Santa Coloma de Gramenet;Treball;155
Barcelona;08016;Altres municipis;Treball;1960
Barcelona;08016;Total;Treball;11933
Barcelona;08017;08001;Treball;..
Barcelona;08017;08002;Treball;..
Barcelona;08017;08003;Treball;199
Barcelona;08017;08004;Treball;238
Barcelona;08017;08005;Treball;272
Barcelona;08017;08006;Treball;507
Barcelona;08017;08007;Treball;..
Barcelona;08017;08008;Treball;..
Barcelona;08017;08009;Treball;..
Barcelona;08017;08010;Treball;..
Barcelona;08017;08011;Treball;199
Barcelona;08017;08012;Treball;326
Barcelona;08017;08013;Treball;530
Barcelona;08017;08014;Treball;510
Barcelona;08017;08015;Treball;640
Barcelona;08017;08016;Treball;280
Barcelona;08017;08017;Treball;2863
Barcelona;08017;08018;Treball;581
Barcelona;08017;08019;Treball;247
Barcelona;08017;08020;Treball;277
Barcelona;08017;08021;Treball;560
Barcelona;08017;08022;Treball;550
Barcelona;08017;08023;Treball;439
Barcelona;08017;08024;Treball;372
Barcelona;08017;08025;Treball;524
Barcelona;08017;08026;Treball;182
Barcelona;08017;08027;Treball;389
Barcelona;08017;08028;Treball;611
Barcelona;08017;08029;Treball;531
Barcelona;08017;08030;Treball;305
Barcelona;08017;08031;Treball;203
Barcelona;08017;08032;Treball;300
Barcelona;08017;08033;Treball;..
Barcelona;08017;08034;Treball;425
Barcelona;08017;08035;Treball;209
Barcelona;08017;08036;Treball;171
Barcelona;08017;08037;Treball;..
Barcelona;08017;08038;Treball;..
Barcelona;08017;08041;Treball;193
Barcelona;08017;08042;Treball;164
Barcelona;08017;Barcelona;Treball;14631
Barcelona;08017;Hospitalet de Llobregat, l';Treball;1001
Barcelona;08017;Badalona;Treball;851
Barcelona;08017;Sant Cugat del Vallès;Treball;551
Barcelona;08017;Esplugues de Llobregat;Treball;495
Barcelona;08017;Santa Coloma de Gramenet;Treball;480
Barcelona;08017;Mataró;Treball;344
Barcelona;08017;Sabadell;Treball;326
Barcelona;08017;Cornellà de Llobregat;Treball;292
Barcelona;08017;Terrassa;Treball;264
Barcelona;08017;Rubí;Treball;260
Barcelona;08017;Sant Joan Despí;Treball;252
Barcelona;08017;Sant Feliu de Llobregat;Treball;209
Barcelona;08017;Molins de Rei;Treball;151
Barcelona;08017;Castelldefels;Treball;150
Barcelona;08017;Altres municipis;Treball;3631
Barcelona;08017;Total;Treball;23888
Barcelona;08018;08001;Treball;..
Barcelona;08018;08002;Treball;..
Barcelona;08018;08003;Treball;271
Barcelona;08018;08004;Treball;353
Barcelona;08018;08005;Treball;518
Barcelona;08018;08006;Treball;..
Barcelona;08018;08007;Treball;..
Barcelona;08018;08008;Treball;..
Barcelona;08018;08009;Treball;..
Barcelona;08018;08010;Treball;..
Barcelona;08018;08011;Treball;305
Barcelona;08018;08012;Treball;331
Barcelona;08018;08013;Treball;650
Barcelona;08018;08014;Treball;395
Barcelona;08018;08015;Treball;319
Barcelona;08018;08016;Treball;527
Barcelona;08018;08017;Treball;242
Barcelona;08018;08018;Treball;3207
Barcelona;08018;08019;Treball;481
Barcelona;08018;08020;Treball;967
Barcelona;08018;08021;Treball;186
Barcelona;08018;08022;Treball;189
Barcelona;08018;08023;Treball;282
Barcelona;08018;08024;Treball;502
Barcelona;08018;08025;Treball;583
Barcelona;08018;08026;Treball;763
Barcelona;08018;08027;Treball;823
Barcelona;08018;08028;Treball;406
Barcelona;08018;08029;Treball;387
Barcelona;08018;08030;Treball;706
Barcelona;08018;08031;Treball;306
Barcelona;08018;08032;Treball;389
Barcelona;08018;08033;Treball;..
Barcelona;08018;08034;Treball;..
Barcelona;08018;08035;Treball;322
Barcelona;08018;08036;Treball;246
Barcelona;08018;08037;Treball;..
Barcelona;08018;08038;Treball;228
Barcelona;08018;08039;Treball;..
Barcelona;08018;08041;Treball;459
Barcelona;08018;08042;Treball;360
Barcelona;08018;Barcelona;Treball;16946
Barcelona;08018;Hospitalet de Llobregat, l';Treball;1658
Barcelona;08018;Santa Coloma de Gramenet;Treball;1658
Barcelona;08018;Badalona;Treball;1369
Barcelona;08018;Mataró;Treball;453
Barcelona;08018;Viladecans;Treball;442
Barcelona;08018;Sant Boi de Llobregat;Treball;422
Barcelona;08018;Terrassa;Treball;393
Barcelona;08018;Cornellà de Llobregat;Treball;387
Barcelona;08018;Sant Cugat del Vallès;Treball;340
Barcelona;08018;Sabadell;Treball;294
Barcelona;08018;Cerdanyola del Vallès;Treball;239
Barcelona;08018;Sant Adrià de Besòs;Treball;206
Barcelona;08018;Esplugues de Llobregat;Treball;189
Barcelona;08018;Rubí;Treball;183
Barcelona;08018;Mollet del Vallès;Treball;182
Barcelona;08018;Prat de Llobregat, el;Treball;176
Barcelona;08018;Sant Vicenç dels Horts;Treball;164
Barcelona;08018;Altres municipis;Treball;4846
Barcelona;08018;Total;Treball;30551
Barcelona;08019;08001;Treball;..
Barcelona;08019;08002;Treball;..
Barcelona;08019;08003;Treball;..
Barcelona;08019;08004;Treball;..
Barcelona;08019;08005;Treball;407
Barcelona;08019;08006;Treball;..
Barcelona;08019;08007;Treball;..
Barcelona;08019;08008;Treball;..
Barcelona;08019;08009;Treball;..
Barcelona;08019;08011;Treball;..
Barcelona;08019;08012;Treball;266
Barcelona;08019;08013;Treball;271
Barcelona;08019;08014;Treball;392
Barcelona;08019;08015;Treball;240
Barcelona;08019;08016;Treball;171
Barcelona;08019;08017;Treball;..
Barcelona;08019;08018;Treball;525
Barcelona;08019;08019;Treball;2335
Barcelona;08019;08020;Treball;850
Barcelona;08019;08021;Treball;..
Barcelona;08019;08022;Treball;..
Barcelona;08019;08023;Treball;192
Barcelona;08019;08024;Treball;172
Barcelona;08019;08025;Treball;383
Barcelona;08019;08026;Treball;516
Barcelona;08019;08027;Treball;346
Barcelona;08019;08028;Treball;381
Barcelona;08019;08029;Treball;254
Barcelona;08019;08030;Treball;284
Barcelona;08019;08031;Treball;183
Barcelona;08019;08032;Treball;181
Barcelona;08019;08033;Treball;..
Barcelona;08019;08034;Treball;..
Barcelona;08019;08035;Treball;140
Barcelona;08019;08036;Treball;..
Barcelona;08019;08037;Treball;..
Barcelona;08019;08038;Treball;176
Barcelona;08019;08041;Treball;174
Barcelona;08019;08042;Treball;..
Barcelona;08019;Barcelona;Treball;10216
Barcelona;08019;Badalona;Treball;973
Barcelona;08019;Hospitalet de Llobregat, l';Treball;567
Barcelona;08019;Sant Adrià de Besòs;Treball;355
Barcelona;08019;Castelldefels;Treball;310
Barcelona;08019;Sant Cugat del Vallès;Treball;222
Barcelona;08019;Cornellà de Llobregat;Treball;222
Barcelona;08019;Sabadell;Treball;215
Barcelona;08019;Terrassa;Treball;214
Barcelona;08019;Santa Coloma de Gramenet;Treball;188
Barcelona;08019;Granollers;Treball;155
Barcelona;08019;Alella;Treball;137
Barcelona;08019;Tiana;Treball;127
Barcelona;08019;Altres municipis;Treball;3630
Barcelona;08019;Total;Treball;17531
Barcelona;08020;08001;Treball;..
Barcelona;08020;08002;Treball;..
Barcelona;08020;08003;Treball;..
Barcelona;08020;08004;Treball;..
Barcelona;08020;08005;Treball;504
Barcelona;08020;08006;Treball;..
Barcelona;08020;08007;Treball;..
Barcelona;08020;08009;Treball;..
Barcelona;08020;08010;Treball;..
Barcelona;08020;08011;Treball;..
Barcelona;08020;08012;Treball;..
Barcelona;08020;08013;Treball;..
Barcelona;08020;08014;Treball;140
Barcelona;08020;08015;Treball;222
Barcelona;08020;08016;Treball;..
Barcelona;08020;08017;Treball;..
Barcelona;08020;08018;Treball;705
Barcelona;08020;08019;Treball;519
Barcelona;08020;08020;Treball;4305
Barcelona;08020;08021;Treball;..
Barcelona;08020;08022;Treball;..
Barcelona;08020;08023;Treball;..
Barcelona;08020;08024;Treball;..
Barcelona;08020;08025;Treball;352
Barcelona;08020;08026;Treball;638
Barcelona;08020;08027;Treball;344
Barcelona;08020;08028;Treball;..
Barcelona;08020;08029;Treball;..
Barcelona;08020;08030;Treball;457
Barcelona;08020;08031;Treball;..
Barcelona;08020;08032;Treball;284
Barcelona;08020;08033;Treball;..
Barcelona;08020;08034;Treball;..
Barcelona;08020;08035;Treball;..
Barcelona;08020;08036;Treball;..
Barcelona;08020;08037;Treball;..
Barcelona;08020;08038;Treball;..
Barcelona;08020;08041;Treball;152
Barcelona;08020;08042;Treball;167
Barcelona;08020;Barcelona;Treball;10396
Barcelona;08020;Badalona;Treball;1012
Barcelona;08020;Santa Coloma de Gramenet;Treball;839
Barcelona;08020;Hospitalet de Llobregat, l';Treball;315
Barcelona;08020;Ripollet;Treball;272
Barcelona;08020;Sant Adrià de Besòs;Treball;261
Barcelona;08020;Esplugues de Llobregat;Treball;233
Barcelona;08020;Terrassa;Treball;192
Barcelona;08021;Berga;Treball;167
Barcelona;08020;Mataró;Treball;163
Barcelona;08020;Calella;Treball;157
Barcelona;08020;Altres municipis;Treball;2566
Barcelona;08020;Total;Treball;16574
Barcelona;08021;08001;Treball;266
Barcelona;08021;08002;Treball;..
Barcelona;08021;08003;Treball;198
Barcelona;08021;08004;Treball;254
Barcelona;08021;08005;Treball;213
Barcelona;08021;08006;Treball;761
Barcelona;08021;08007;Treball;..
Barcelona;08021;08008;Treball;..
Barcelona;08021;08009;Treball;..
Barcelona;08021;08010;Treball;..
Barcelona;08021;08011;Treball;194
Barcelona;08021;08012;Treball;300
Barcelona;08021;08013;Treball;470
Barcelona;08021;08014;Treball;219
Barcelona;08021;08015;Treball;490
Barcelona;08021;08016;Treball;240
Barcelona;08021;08017;Treball;504
Barcelona;08021;08018;Treball;276
Barcelona;08021;08019;Treball;..
Barcelona;08021;08020;Treball;298
Barcelona;08021;08021;Treball;2381
Barcelona;08021;08022;Treball;381
Barcelona;08021;08023;Treball;381
Barcelona;08021;08024;Treball;260
Barcelona;08021;08025;Treball;489
Barcelona;08021;08026;Treball;192
Barcelona;08021;08027;Treball;391
Barcelona;08021;08028;Treball;580
Barcelona;08021;08029;Treball;387
Barcelona;08021;08030;Treball;344
Barcelona;08021;08031;Treball;238
Barcelona;08021;08032;Treball;268
Barcelona;08021;08033;Treball;..
Barcelona;08021;08034;Treball;266
Barcelona;08021;08035;Treball;162
Barcelona;08021;08036;Treball;159
Barcelona;08021;08037;Treball;..
Barcelona;08021;08038;Treball;223
Barcelona;08021;08041;Treball;318
Barcelona;08021;08042;Treball;363
Barcelona;08021;Barcelona;Treball;13385
Barcelona;08021;Hospitalet de Llobregat, l';Treball;1113
Barcelona;08021;Sant Cugat del Vallès;Treball;676
Barcelona;08021;Badalona;Treball;565
Barcelona;08021;Santa Coloma de Gramenet;Treball;345
Barcelona;08021;Terrassa;Treball;276
Barcelona;08021;Castelldefels;Treball;275
Barcelona;08021;Sant Boi de Llobregat;Treball;227
Barcelona;08021;Vilafranca del Penedès;Treball;202
Barcelona;08021;Esplugues de Llobregat;Treball;186
Barcelona;08021;Mollet del Vallès;Treball;181
Barcelona;08021;Mataró;Treball;180
Barcelona;08021;Rubí;Treball;177
Barcelona;08021;Sant Just Desvern;Treball;163
Barcelona;08021;Sant Feliu de Llobregat;Treball;145
Barcelona;08021;Altres municipis;Treball;3900
Barcelona;08021;Total;Treball;21998
Barcelona;08022;08001;Treball;..
Barcelona;08022;08002;Treball;..
Barcelona;08022;08003;Treball;..
Barcelona;08022;08004;Treball;..
Barcelona;08022;08005;Treball;..
Barcelona;08022;08006;Treball;446
Barcelona;08022;08007;Treball;..
Barcelona;08022;08008;Treball;..
Barcelona;08022;08009;Treball;..
Barcelona;08022;08010;Treball;..
Barcelona;08022;08011;Treball;..
Barcelona;08022;08012;Treball;232
Barcelona;08022;08013;Treball;254
Barcelona;08022;08014;Treball;272
Barcelona;08022;08015;Treball;238
Barcelona;08022;08016;Treball;216
Barcelona;08022;08017;Treball;671
Barcelona;08022;08018;Treball;..
Barcelona;08022;08019;Treball;..
Barcelona;08022;08020;Treball;281
Barcelona;08022;08021;Treball;212
Barcelona;08022;08022;Treball;2492
Barcelona;08022;08023;Treball;431
Barcelona;08022;08024;Treball;283
Barcelona;08022;08025;Treball;305
Barcelona;08022;08026;Treball;..
Barcelona;08022;08027;Treball;170
Barcelona;08022;08028;Treball;525
Barcelona;08022;08029;Treball;231
Barcelona;08022;08030;Treball;198
Barcelona;08022;08031;Treball;125
Barcelona;08022;08032;Treball;222
Barcelona;08022;08033;Treball;..
Barcelona;08022;08034;Treball;274
Barcelona;08022;08035;Treball;324
Barcelona;08022;08036;Treball;..
Barcelona;08022;08037;Treball;..
Barcelona;08022;08038;Treball;..
Barcelona;08022;08041;Treball;..
Barcelona;08022;08042;Treball;187
Barcelona;08022;Barcelona;Treball;10186
Barcelona;08022;Hospitalet de Llobregat, l';Treball;800
Barcelona;08022;Sant Cugat del Vallès;Treball;552
Barcelona;08022;Badalona;Treball;371
Barcelona;08022;Sabadell;Treball;316
Barcelona;08022;Premià de Mar;Treball;299
Barcelona;08022;Castelldefels;Treball;269
Barcelona;08022;Esplugues de Llobregat;Treball;260
Barcelona;08022;Cornellà de Llobregat;Treball;232
Barcelona;08022;Santa Coloma de Gramenet;Treball;198
Barcelona;08022;Altres municipis;Treball;3162
Barcelona;08022;Total;Treball;16647
Barcelona;08023;08001;Treball;..
Barcelona;08023;08002;Treball;..
Barcelona;08023;08003;Treball;..
Barcelona;08023;08004;Treball;156
Barcelona;08023;08005;Treball;..
Barcelona;08023;08006;Treball;..
Barcelona;08023;08007;Treball;..
Barcelona;08023;08008;Treball;..
Barcelona;08023;08009;Treball;..
Barcelona;08023;08011;Treball;..
Barcelona;08023;08012;Treball;191
Barcelona;08023;08013;Treball;..
Barcelona;08023;08014;Treball;218
Barcelona;08023;08015;Treball;..
Barcelona;08023;08016;Treball;..
Barcelona;08023;08017;Treball;..
Barcelona;08023;08018;Treball;..
Barcelona;08023;08019;Treball;..
Barcelona;08023;08020;Treball;191
Barcelona;08023;08021;Treball;..
Barcelona;08023;08022;Treball;..
Barcelona;08023;08023;Treball;2531
Barcelona;08023;08024;Treball;456
Barcelona;08023;08025;Treball;276
Barcelona;08023;08026;Treball;..
Barcelona;08023;08027;Treball;195
Barcelona;08023;08028;Treball;230
Barcelona;08023;08029;Treball;..
Barcelona;08023;08030;Treball;128
Barcelona;08023;08031;Treball;..
Barcelona;08023;08032;Treball;320
Barcelona;08023;08033;Treball;..
Barcelona;08023;08034;Treball;..
Barcelona;08023;08035;Treball;102
Barcelona;08023;08036;Treball;..
Barcelona;08023;08037;Treball;..
Barcelona;08023;08038;Treball;..
Barcelona;08023;08041;Treball;153
Barcelona;08023;08042;Treball;..
Barcelona;08023;Barcelona;Treball;7134
Barcelona;08023;Hospitalet de Llobregat, l';Treball;438
Barcelona;08023;Badalona;Treball;346
Barcelona;08023;Cerdanyola del Vallès;Treball;158
Barcelona;08023;Sant Cugat del Vallès;Treball;140
Barcelona;08023;Altres municipis;Treball;2263
Barcelona;08023;Total;Treball;10478
Barcelona;08024;08001;Treball;610
Barcelona;08024;08002;Treball;..
Barcelona;08024;08003;Treball;..
Barcelona;08024;08004;Treball;..
Barcelona;08024;08005;Treball;..
Barcelona;08024;08006;Treball;..
Barcelona;08024;08007;Treball;..
Barcelona;08024;08008;Treball;..
Barcelona;08024;08010;Treball;..
Barcelona;08024;08011;Treball;..
Barcelona;08024;08012;Treball;613
Barcelona;08024;08013;Treball;..
Barcelona;08024;08014;Treball;239
Barcelona;08024;08015;Treball;246
Barcelona;08024;08016;Treball;175
Barcelona;08024;08017;Treball;..
Barcelona;08024;08018;Treball;..
Barcelona;08024;08019;Treball;..
Barcelona;08024;08020;Treball;195
Barcelona;08024;08021;Treball;..
Barcelona;08024;08022;Treball;..
Barcelona;08024;08023;Treball;377
Barcelona;08024;08024;Treball;4356
Barcelona;08024;08025;Treball;522
Barcelona;08024;08026;Treball;116
Barcelona;08024;08027;Treball;237
Barcelona;08024;08028;Treball;171
Barcelona;08024;08029;Treball;..
Barcelona;08024;08030;Treball;173
Barcelona;08024;08031;Treball;481
Barcelona;08024;08032;Treball;432
Barcelona;08024;08033;Treball;..
Barcelona;08024;08034;Treball;..
Barcelona;08024;08035;Treball;179
Barcelona;08024;08036;Treball;..
Barcelona;08024;08037;Treball;..
Barcelona;08024;08038;Treball;..
Barcelona;08024;08041;Treball;218
Barcelona;08024;08042;Treball;..
Barcelona;08024;Barcelona;Treball;10830
Barcelona;08024;Hospitalet de Llobregat, l';Treball;361
Barcelona;08024;Badalona;Treball;209
Barcelona;08024;Ripollet;Treball;205
Barcelona;08024;Sant Cugat del Vallès;Treball;145
Barcelona;08024;Altres municipis;Treball;2139
Barcelona;08024;Total;Treball;13890
Barcelona;08025;08001;Treball;..
Barcelona;08025;08002;Treball;..
Barcelona;08025;08003;Treball;..
Barcelona;08025;08004;Treball;233
Barcelona;08025;08005;Treball;293
Barcelona;08025;08006;Treball;166
Barcelona;08025;08007;Treball;..
Barcelona;08025;08008;Treball;..
Barcelona;08025;08009;Treball;..
Barcelona;08025;08010;Treball;..
Barcelona;08025;08011;Treball;197
Barcelona;08025;08012;Treball;486
Barcelona;08025;08013;Treball;752
Barcelona;08025;08014;Treball;160
Barcelona;08025;08015;Treball;426
Barcelona;08025;08016;Treball;463
Barcelona;08025;08017;Treball;..
Barcelona;08025;08018;Treball;532
Barcelona;08025;08019;Treball;291
Barcelona;08025;08020;Treball;446
Barcelona;08025;08021;Treball;..
Barcelona;08025;08022;Treball;247
Barcelona;08025;08023;Treball;450
Barcelona;08025;08024;Treball;918
Barcelona;08025;08025;Treball;5004
Barcelona;08025;08026;Treball;496
Barcelona;08025;08027;Treball;564
Barcelona;08025;08028;Treball;281
Barcelona;08025;08029;Treball;418
Barcelona;08025;08030;Treball;429
Barcelona;08025;08031;Treball;397
Barcelona;08025;08032;Treball;709
Barcelona;08025;08033;Treball;127
Barcelona;08025;08034;Treball;..
Barcelona;08025;08035;Treball;444
Barcelona;08025;08036;Treball;281
Barcelona;08025;08037;Treball;..
Barcelona;08025;08038;Treball;..
Barcelona;08025;08041;Treball;402
Barcelona;08025;08042;Treball;360
Barcelona;08025;Barcelona;Treball;17101
Barcelona;08025;Badalona;Treball;1232
Barcelona;08025;Hospitalet de Llobregat, l';Treball;779
Barcelona;08025;Santa Coloma de Gramenet;Treball;625
Barcelona;08025;Cornellà de Llobregat;Treball;330
Barcelona;08025;Sant Cugat del Vallès;Treball;306
Barcelona;08025;Castelldefels;Treball;291
Barcelona;08025;Terrassa;Treball;255
Barcelona;08025;Sant Feliu de Llobregat;Treball;248
Barcelona;08025;Masnou, el;Treball;242
Barcelona;08025;Sant Adrià de Besòs;Treball;232
Barcelona;08025;Esplugues de Llobregat;Treball;130
Barcelona;08025;Cerdanyola del Vallès;Treball;167
Barcelona;08025;Altres municipis;Treball;3680
Barcelona;08025;Total;Treball;25618
Barcelona;08026;08001;Treball;..
Barcelona;08026;08003;Treball;..
Barcelona;08026;08004;Treball;..
Barcelona;08026;08005;Treball;143
Barcelona;08026;08006;Treball;..
Barcelona;08026;08007;Treball;..
Barcelona;08026;08009;Treball;..
Barcelona;08026;08010;Treball;..
Barcelona;08026;08011;Treball;..
Barcelona;08026;08012;Treball;..
Barcelona;08026;08013;Treball;246
Barcelona;08026;08014;Treball;..
Barcelona;08026;08015;Treball;..
Barcelona;08026;08016;Treball;..
Barcelona;08026;08017;Treball;..
Barcelona;08026;08018;Treball;380
Barcelona;08026;08019;Treball;189
Barcelona;08026;08020;Treball;289
Barcelona;08026;08021;Treball;..
Barcelona;08026;08022;Treball;..
Barcelona;08026;08023;Treball;..
Barcelona;08026;08024;Treball;..
Barcelona;08026;08025;Treball;239
Barcelona;08026;08026;Treball;2177
Barcelona;08026;08027;Treball;259
Barcelona;08026;08028;Treball;..
Barcelona;08026;08029;Treball;..
Barcelona;08026;08030;Treball;147
Barcelona;08026;08031;Treball;..
Barcelona;08026;08032;Treball;..
Barcelona;08026;08033;Treball;..
Barcelona;08026;08034;Treball;..
Barcelona;08026;08035;Treball;..
Barcelona;08026;08036;Treball;..
Barcelona;08026;08037;Treball;..
Barcelona;08026;08041;Treball;119
Barcelona;08026;08042;Treball;..
Barcelona;08026;Barcelona;Treball;5336
Barcelona;08026;Badalona;Treball;300
Barcelona;08026;Altres municipis;Treball;1687
Barcelona;08026;Total;Treball;7323
Barcelona;08027;08001;Treball;..
Barcelona;08027;08003;Treball;..
Barcelona;08027;08004;Treball;..
Barcelona;08027;08005;Treball;185
Barcelona;08027;08006;Treball;..
Barcelona;08027;08009;Treball;..
Barcelona;08027;08011;Treball;..
Barcelona;08027;08012;Treball;..
Barcelona;08027;08013;Treball;191
Barcelona;08027;08014;Treball;132
Barcelona;08027;08015;Treball;..
Barcelona;08027;08016;Treball;472
Barcelona;08027;08017;Treball;..
Barcelona;08027;08018;Treball;126
Barcelona;08027;08019;Treball;..
Barcelona;08027;08020;Treball;324
Barcelona;08027;08021;Treball;..
Barcelona;08027;08022;Treball;..
Barcelona;08027;08023;Treball;..
Barcelona;08027;08024;Treball;131
Barcelona;08027;08025;Treball;262
Barcelona;08027;08026;Treball;206
Barcelona;08027;08027;Treball;4392
Barcelona;08027;08028;Treball;175
Barcelona;08027;08029;Treball;..
Barcelona;08027;08030;Treball;1185
Barcelona;08027;08031;Treball;446
Barcelona;08027;08032;Treball;441
Barcelona;08027;08033;Treball;265
Barcelona;08027;08034;Treball;..
Barcelona;08027;08035;Treball;..
Barcelona;08027;08036;Treball;..
Barcelona;08027;08037;Treball;..
Barcelona;08027;08038;Treball;..
Barcelona;08027;08041;Treball;248
Barcelona;08027;08042;Treball;491
Barcelona;08027;Barcelona;Treball;10558
Barcelona;08027;Hospitalet de Llobregat, l';Treball;492
Barcelona;08027;Santa Coloma de Gramenet;Treball;390
Barcelona;08027;Badalona;Treball;276
Barcelona;08027;Sabadell;Treball;272
Barcelona;08027;Cornellà de Llobregat;Treball;209
Barcelona;08027;Altres municipis;Treball;2426
Barcelona;08027;Total;Treball;14623
Barcelona;08028;08001;Treball;..
Barcelona;08028;08002;Treball;..
Barcelona;08028;08003;Treball;430
Barcelona;08028;08004;Treball;823
Barcelona;08028;08005;Treball;296
Barcelona;08028;08006;Treball;379
Barcelona;08028;08007;Treball;..
Barcelona;08028;08008;Treball;..
Barcelona;08028;08009;Treball;144
Barcelona;08028;08010;Treball;..
Barcelona;08028;08011;Treball;186
Barcelona;08028;08012;Treball;284
Barcelona;08028;08013;Treball;612
Barcelona;08028;08014;Treball;1833
Barcelona;08028;08015;Treball;899
Barcelona;08028;08016;Treball;358
Barcelona;08028;08017;Treball;406
Barcelona;08028;08018;Treball;346
Barcelona;08028;08019;Treball;209
Barcelona;08028;08020;Treball;400
Barcelona;08028;08021;Treball;316
Barcelona;08028;08022;Treball;431
Barcelona;08028;08023;Treball;533
Barcelona;08028;08024;Treball;450
Barcelona;08028;08025;Treball;781
Barcelona;08028;08026;Treball;467
Barcelona;08028;08027;Treball;592
Barcelona;08028;08028;Treball;7194
Barcelona;08028;08029;Treball;1316
Barcelona;08028;08030;Treball;528
Barcelona;08028;08031;Treball;429
Barcelona;08028;08032;Treball;795
Barcelona;08028;08033;Treball;..
Barcelona;08028;08034;Treball;663
Barcelona;08028;08035;Treball;272
Barcelona;08028;08036;Treball;338
Barcelona;08028;08037;Treball;202
Barcelona;08028;08038;Treball;549
Barcelona;08028;08041;Treball;192
Barcelona;08028;08042;Treball;455
Barcelona;08028;Barcelona;Treball;24805
Barcelona;08028;Hospitalet de Llobregat, l';Treball;2922
Barcelona;08028;Badalona;Treball;1028
Barcelona;08028;Viladecans;Treball;652
Barcelona;08028;Cornellà de Llobregat;Treball;640
Barcelona;08028;Terrassa;Treball;606
Barcelona;08028;Esplugues de Llobregat;Treball;589
Barcelona;08028;Sant Cugat del Vallès;Treball;583
Barcelona;08028;Sabadell;Treball;475
Barcelona;08028;Vilanova i la Geltrú;Treball;443
Barcelona;08028;Mataró;Treball;442
Barcelona;08028;Sitges;Treball;417
Barcelona;08028;Gavà;Treball;376
Barcelona;08028;Sant Boi de Llobregat;Treball;374
Barcelona;08028;Vallirana;Treball;373
Barcelona;08028;Rubí;Treball;344
Barcelona;08028;Sant Feliu de Llobregat;Treball;331
Barcelona;08028;Santa Coloma de Gramenet;Treball;298
Barcelona;08028;Castelldefels;Treball;284
Barcelona;08028;Sant Just Desvern;Treball;267
Barcelona;08028;Cerdanyola del Vallès;Treball;218
Barcelona;08028;Sant Quirze del Vallès;Treball;203
Barcelona;08028;Ripollet;Treball;203
Barcelona;08028;Tarragona;Treball;198
Barcelona;08028;Granollers;Treball;198
Barcelona;08028;Sant Joan Despí;Treball;197
Barcelona;08028;Igualada;Treball;193
Barcelona;08028;Cervelló;Treball;187
Barcelona;08028;Altres municipis;Treball;5655
Barcelona;08028;Total;Treball;43500
Barcelona;08029;08001;Treball;..
Barcelona;08029;08002;Treball;..
Barcelona;08029;08003;Treball;..
Barcelona;08029;08004;Treball;607
Barcelona;08029;08005;Treball;262
Barcelona;08029;08006;Treball;199
Barcelona;08029;08007;Treball;..
Barcelona;08029;08008;Treball;..
Barcelona;08029;08009;Treball;..
Barcelona;08029;08010;Treball;..
Barcelona;08029;08011;Treball;314
Barcelona;08029;08012;Treball;..
Barcelona;08029;08013;Treball;571
Barcelona;08029;08014;Treball;1106
Barcelona;08029;08015;Treball;910
Barcelona;08029;08016;Treball;434
Barcelona;08029;08017;Treball;319
Barcelona;08029;08018;Treball;285
Barcelona;08029;08019;Treball;201
Barcelona;08029;08020;Treball;366
Barcelona;08029;08021;Treball;310
Barcelona;08029;08022;Treball;286
Barcelona;08029;08023;Treball;246
Barcelona;08029;08024;Treball;393
Barcelona;08029;08025;Treball;472
Barcelona;08029;08026;Treball;328
Barcelona;08029;08027;Treball;444
Barcelona;08029;08028;Treball;1233
Barcelona;08029;08029;Treball;4418
Barcelona;08029;08030;Treball;439
Barcelona;08029;08031;Treball;371
Barcelona;08029;08032;Treball;404
Barcelona;08029;08033;Treball;..
Barcelona;08029;08034;Treball;213
Barcelona;08029;08035;Treball;199
Barcelona;08029;08036;Treball;402
Barcelona;08029;08037;Treball;159
Barcelona;08029;08038;Treball;294
Barcelona;08029;08039;Treball;..
Barcelona;08029;08041;Treball;292
Barcelona;08029;08042;Treball;516
Barcelona;08029;Barcelona;Treball;17999
Barcelona;08029;Hospitalet de Llobregat, l';Treball;1803
Barcelona;08029;Badalona;Treball;532
Barcelona;08029;Sant Cugat del Vallès;Treball;522
Barcelona;08029;Esplugues de Llobregat;Treball;514
Barcelona;08029;Viladecans;Treball;489
Barcelona;08030;Castelldefels;Treball;451
Barcelona;08029;Terrassa;Treball;430
Barcelona;08029;Vilanova i la Geltrú;Treball;349
Barcelona;08029;Gavà;Treball;288
Barcelona;08029;Cornellà de Llobregat;Treball;280
Barcelona;08029;Prat de Llobregat, el;Treball;277
Barcelona;08029;Molins de Rei;Treball;276
Barcelona;08029;Sant Boi de Llobregat;Treball;270
Barcelona;08029;Martorell;Treball;244
Barcelona;08029;Sant Feliu de Llobregat;Treball;242
Barcelona;08029;Cerdanyola del Vallès;Treball;210
Barcelona;08029;Rubí;Treball;199
Barcelona;08029;Sant Joan Despí;Treball;199
Barcelona;08029;Sabadell;Treball;160
Barcelona;08029;Vilassar de Mar;Treball;154
Barcelona;08029;Sant Quirze del Vallès;Treball;152
Barcelona;08029;Pallejà;Treball;107
Barcelona;08029;Altres municipis;Treball;4336
Barcelona;08029;Total;Treball;30484
Barcelona;08030;08001;Treball;..
Barcelona;08030;08004;Treball;..
Barcelona;08030;08005;Treball;117
Barcelona;08030;08006;Treball;..
Barcelona;08030;08008;Treball;..
Barcelona;08030;08009;Treball;..
Barcelona;08030;08011;Treball;..
Barcelona;08030;08012;Treball;..
Barcelona;08030;08013;Treball;221
Barcelona;08030;08014;Treball;124
Barcelona;08030;08015;Treball;207
Barcelona;08030;08016;Treball;676
Barcelona;08030;08017;Treball;..
Barcelona;08030;08018;Treball;259
Barcelona;08030;08019;Treball;200
Barcelona;08030;08020;Treball;427
Barcelona;08030;08021;Treball;..
Barcelona;08030;08022;Treball;..
Barcelona;08030;08023;Treball;..
Barcelona;08030;08024;Treball;..
Barcelona;08030;08025;Treball;275
Barcelona;08030;08026;Treball;203
Barcelona;08030;08027;Treball;2087
Barcelona;08030;08028;Treball;158
Barcelona;08030;08029;Treball;115
Barcelona;08030;08030;Treball;6714
Barcelona;08030;08031;Treball;342
Barcelona;08030;08032;Treball;246
Barcelona;08030;08033;Treball;272
Barcelona;08030;08034;Treball;..
Barcelona;08030;08035;Treball;..
Barcelona;08030;08036;Treball;..
Barcelona;08030;08037;Treball;..
Barcelona;08030;08038;Treball;..
Barcelona;08030;08041;Treball;349
Barcelona;08030;08042;Treball;428
Barcelona;08030;Barcelona;Treball;14570
Barcelona;08030;Santa Coloma de Gramenet;Treball;1351
Barcelona;08030;Badalona;Treball;1232
Barcelona;08030;Hospitalet de Llobregat, l';Treball;456
Barcelona;08030;Sant Adrià de Besòs;Treball;384
Barcelona;08030;Terrassa;Treball;309
Barcelona;08030;Barberà del Vallès;Treball;230
Barcelona;08030;Montcada i Reixac;Treball;229
Barcelona;08030;Sabadell;Treball;209
Barcelona;08030;Ripollet;Treball;152
Barcelona;08030;Premià de Dalt;Treball;150
Barcelona;08030;Navarcles;Treball;103
Barcelona;08030;Altres municipis;Treball;2705
Barcelona;08030;Total;Treball;22080
Barcelona;08031;08001;Treball;..
Barcelona;08031;08002;Treball;..
Barcelona;08031;08003;Treball;..
Barcelona;08031;08004;Treball;..
Barcelona;08031;08005;Treball;..
Barcelona;08031;08007;Treball;..
Barcelona;08031;08012;Treball;..
Barcelona;08031;08013;Treball;111
Barcelona;08031;08014;Treball;..
Barcelona;08031;08015;Treball;..
Barcelona;08031;08016;Treball;598
Barcelona;08031;08018;Treball;..
Barcelona;08031;08019;Treball;..
Barcelona;08031;08020;Treball;..
Barcelona;08031;08022;Treball;..
Barcelona;08031;08023;Treball;..
Barcelona;08031;08024;Treball;..
Barcelona;08031;08025;Treball;263
Barcelona;08031;08026;Treball;..
Barcelona;08031;08027;Treball;159
Barcelona;08031;08028;Treball;..
Barcelona;08031;08029;Treball;..
Barcelona;08031;08030;Treball;267
Barcelona;08031;08031;Treball;2838
Barcelona;08031;08032;Treball;524
Barcelona;08031;08033;Treball;406
Barcelona;08031;08034;Treball;..
Barcelona;08031;08035;Treball;180
Barcelona;08031;08036;Treball;..
Barcelona;08031;08037;Treball;..
Barcelona;08031;08038;Treball;..
Barcelona;08031;08041;Treball;..
Barcelona;08031;08042;Treball;393
Barcelona;08031;Barcelona;Treball;7322
Barcelona;08031;Hospitalet de Llobregat, l';Treball;383
Barcelona;08031;Cerdanyola del Vallès;Treball;221
Barcelona;08031;Altres municipis;Treball;1326
Barcelona;08031;Total;Treball;9253
Barcelona;08032;08001;Treball;..
Barcelona;08032;08002;Treball;..
Barcelona;08032;08003;Treball;..
Barcelona;08032;08004;Treball;..
Barcelona;08032;08005;Treball;..
Barcelona;08032;08006;Treball;..
Barcelona;08032;08007;Treball;..
Barcelona;08032;08011;Treball;..
Barcelona;08032;08012;Treball;..
Barcelona;08032;08013;Treball;..
Barcelona;08032;08014;Treball;..
Barcelona;08032;08015;Treball;..
Barcelona;08032;08016;Treball;198
Barcelona;08032;08017;Treball;..
Barcelona;08032;08018;Treball;..
Barcelona;08032;08019;Treball;..
Barcelona;08032;08020;Treball;..
Barcelona;08032;08021;Treball;..
Barcelona;08032;08022;Treball;..
Barcelona;08032;08023;Treball;108
Barcelona;08032;08024;Treball;336
Barcelona;08032;08025;Treball;297
Barcelona;08032;08026;Treball;..
Barcelona;08032;08027;Treball;111
Barcelona;08032;08028;Treball;..
Barcelona;08032;08029;Treball;..
Barcelona;08032;08030;Treball;114
Barcelona;08032;08031;Treball;643
Barcelona;08032;08032;Treball;4382
Barcelona;08032;08033;Treball;..
Barcelona;08032;08035;Treball;460
Barcelona;08032;08036;Treball;..
Barcelona;08032;08037;Treball;..
Barcelona;08032;08038;Treball;..
Barcelona;08032;08041;Treball;466
Barcelona;08032;08042;Treball;178
Barcelona;08032;Barcelona;Treball;8526
Barcelona;08032;Hospitalet de Llobregat, l';Treball;160
Barcelona;08032;Altres municipis;Treball;1546
Barcelona;08032;Total;Treball;10232
Barcelona;08033;08004;Treball;..
Barcelona;08033;08005;Treball;..
Barcelona;08033;08006;Treball;..
Barcelona;08033;08010;Treball;..
Barcelona;08033;08012;Treball;..
Barcelona;08033;08013;Treball;..
Barcelona;08033;08014;Treball;..
Barcelona;08033;08015;Treball;..
Barcelona;08033;08016;Treball;227
Barcelona;08033;08019;Treball;..
Barcelona;08033;08020;Treball;..
Barcelona;08033;08021;Treball;..
Barcelona;08033;08022;Treball;..
Barcelona;08033;08024;Treball;..
Barcelona;08033;08025;Treball;..
Barcelona;08033;08027;Treball;229
Barcelona;08033;08028;Treball;..
Barcelona;08033;08029;Treball;..
Barcelona;08033;08030;Treball;284
Barcelona;08033;08031;Treball;134
Barcelona;08033;08032;Treball;..
Barcelona;08033;08033;Treball;1377
Barcelona;08033;08034;Treball;..
Barcelona;08033;08035;Treball;..
Barcelona;08033;08036;Treball;..
Barcelona;08033;08041;Treball;..
Barcelona;08033;08042;Treball;265
Barcelona;08033;Barcelona;Treball;3168
Barcelona;08033;Cerdanyola del Vallès;Treball;128
Barcelona;08033;Altres municipis;Treball;712
Barcelona;08033;Total;Treball;4008
Barcelona;08034;08001;Treball;..
Barcelona;08034;08002;Treball;..
Barcelona;08034;08003;Treball;..
Barcelona;08034;08004;Treball;396
Barcelona;08034;08005;Treball;252
Barcelona;08034;08006;Treball;339
Barcelona;08034;08007;Treball;..
Barcelona;08034;08008;Treball;..
Barcelona;08034;08009;Treball;..
Barcelona;08034;08010;Treball;..
Barcelona;08034;08011;Treball;154
Barcelona;08034;08012;Treball;287
Barcelona;08034;08013;Treball;317
Barcelona;08034;08014;Treball;547
Barcelona;08034;08015;Treball;639
Barcelona;08034;08016;Treball;159
Barcelona;08034;08017;Treball;498
Barcelona;08034;08018;Treball;206
Barcelona;08034;08019;Treball;..
Barcelona;08034;08020;Treball;315
Barcelona;08034;08021;Treball;398
Barcelona;08034;08022;Treball;476
Barcelona;08034;08023;Treball;284
Barcelona;08034;08024;Treball;475
Barcelona;08034;08025;Treball;485
Barcelona;08034;08026;Treball;200
Barcelona;08034;08027;Treball;310
Barcelona;08034;08028;Treball;1028
Barcelona;08034;08029;Treball;728
Barcelona;08034;08030;Treball;489
Barcelona;08034;08031;Treball;194
Barcelona;08034;08032;Treball;291
Barcelona;08034;08033;Treball;..
Barcelona;08034;08034;Treball;2751
Barcelona;08034;08035;Treball;209
Barcelona;08034;08036;Treball;249
Barcelona;08034;08037;Treball;..
Barcelona;08034;08038;Treball;169
Barcelona;08034;08041;Treball;259
Barcelona;08034;08042;Treball;225
Barcelona;08034;Barcelona;Treball;14211
Barcelona;08034;Hospitalet de Llobregat, l';Treball;1950
Barcelona;08034;Badalona;Treball;795
Barcelona;08034;Sant Cugat del Vallès;Treball;722
Barcelona;08034;Cornellà de Llobregat;Treball;527
Barcelona;08034;Sabadell;Treball;322
Barcelona;08034;Sant Joan Despí;Treball;322
Barcelona;08034;Terrassa;Treball;319
Barcelona;08034;Esplugues de Llobregat;Treball;301
Barcelona;08034;Sant Feliu de Llobregat;Treball;268
Barcelona;08034;Santa Coloma de Gramenet;Treball;256
Barcelona;08034;Sant Just Desvern;Treball;236
Barcelona;08034;Castelldefels;Treball;228
Barcelona;08034;Gavà;Treball;223
Barcelona;08034;Rubí;Treball;198
Barcelona;08034;Mataró;Treball;166
Barcelona;08034;Cervelló;Treball;161
Barcelona;08034;Altres municipis;Treball;4445
Barcelona;08034;Total;Treball;25651
Barcelona;08035;08001;Treball;..
Barcelona;08035;08002;Treball;..
Barcelona;08035;08003;Treball;..
Barcelona;08035;08004;Treball;..
Barcelona;08035;08005;Treball;..
Barcelona;08035;08006;Treball;163
Barcelona;08035;08007;Treball;..
Barcelona;08035;08008;Treball;..
Barcelona;08035;08009;Treball;..
Barcelona;08035;08010;Treball;..
Barcelona;08035;08011;Treball;..
Barcelona;08035;08012;Treball;332
Barcelona;08035;08013;Treball;309
Barcelona;08035;08014;Treball;127
Barcelona;08035;08015;Treball;314
Barcelona;08035;08016;Treball;509
Barcelona;08035;08017;Treball;..
Barcelona;08035;08018;Treball;211
Barcelona;08035;08019;Treball;..
Barcelona;08035;08020;Treball;153
Barcelona;08035;08021;Treball;167
Barcelona;08035;08022;Treball;242
Barcelona;08035;08023;Treball;446
Barcelona;08035;08024;Treball;505
Barcelona;08035;08025;Treball;517
Barcelona;08035;08026;Treball;171
Barcelona;08035;08027;Treball;299
Barcelona;08035;08028;Treball;361
Barcelona;08035;08029;Treball;220
Barcelona;08035;08030;Treball;500
Barcelona;08035;08031;Treball;539
Barcelona;08035;08032;Treball;956
Barcelona;08035;08033;Treball;..
Barcelona;08035;08034;Treball;..
Barcelona;08035;08035;Treball;2529
Barcelona;08035;08036;Treball;..
Barcelona;08035;08037;Treball;..
Barcelona;08035;08038;Treball;..
Barcelona;08035;08041;Treball;541
Barcelona;08035;08042;Treball;349
Barcelona;08035;Barcelona;Treball;11542
Barcelona;08035;Badalona;Treball;648
Barcelona;08035;Hospitalet de Llobregat, l';Treball;452
Barcelona;08035;Cerdanyola del Vallès;Treball;274
Barcelona;08035;Santa Coloma de Gramenet;Treball;256
Barcelona;08035;Sant Cugat del Vallès;Treball;248
Barcelona;08035;Premià de Mar;Treball;237
Barcelona;08035;Sant Adrià de Besòs;Treball;215
Barcelona;08035;Prat de Llobregat, el;Treball;207
Barcelona;08035;Cornellà de Llobregat;Treball;197
Barcelona;08035;Altres municipis;Treball;3526
Barcelona;08035;Total;Treball;17804
Barcelona;08036;08001;Treball;190
Barcelona;08036;08002;Treball;..
Barcelona;08036;08003;Treball;251
Barcelona;08036;08004;Treball;439
Barcelona;08036;08005;Treball;212
Barcelona;08036;08006;Treball;406
Barcelona;08036;08007;Treball;..
Barcelona;08036;08008;Treball;275
Barcelona;08036;08009;Treball;153
Barcelona;08036;08010;Treball;..
Barcelona;08036;08011;Treball;286
Barcelona;08036;08012;Treball;367
Barcelona;08036;08013;Treball;462
Barcelona;08036;08014;Treball;512
Barcelona;08036;08015;Treball;767
Barcelona;08036;08016;Treball;220
Barcelona;08036;08017;Treball;393
Barcelona;08036;08018;Treball;332
Barcelona;08036;08019;Treball;195
Barcelona;08036;08020;Treball;334
Barcelona;08036;08021;Treball;398
Barcelona;08036;08022;Treball;361
Barcelona;08036;08023;Treball;242
Barcelona;08036;08024;Treball;466
Barcelona;08036;08025;Treball;597
Barcelona;08036;08026;Treball;291
Barcelona;08036;08027;Treball;503
Barcelona;08036;08028;Treball;733
Barcelona;08036;08029;Treball;575
Barcelona;08036;08030;Treball;409
Barcelona;08036;08031;Treball;294
Barcelona;08036;08032;Treball;249
Barcelona;08036;08033;Treball;..
Barcelona;08036;08034;Treball;229
Barcelona;08036;08035;Treball;268
Barcelona;08036;08036;Treball;1867
Barcelona;08036;08037;Treball;166
Barcelona;08036;08038;Treball;143
Barcelona;08036;08041;Treball;272
Barcelona;08036;08042;Treball;375
Barcelona;08036;Barcelona;Treball;14483
Barcelona;08036;Hospitalet de Llobregat, l';Treball;1536
Barcelona;08036;Sant Cugat del Vallès;Treball;581
Barcelona;08036;Terrassa;Treball;493
Barcelona;08036;Santa Coloma de Gramenet;Treball;425
Barcelona;08036;Badalona;Treball;361
Barcelona;08036;Sabadell;Treball;315
Barcelona;08036;Castelldefels;Treball;312
Barcelona;08036;Cerdanyola del Vallès;Treball;304
Barcelona;08036;Montcada i Reixac;Treball;296
Barcelona;08036;Esplugues de Llobregat;Treball;243
Barcelona;08036;Gavà;Treball;220
Barcelona;08036;Viladecans;Treball;219
Barcelona;08036;Cornellà de Llobregat;Treball;210
Barcelona;08036;Sant Joan Despí;Treball;178
Barcelona;08036;Sant Pere de Ribes;Treball;150
Barcelona;08036;Sant Just Desvern;Treball;133
Barcelona;08036;Altres municipis;Treball;3748
Barcelona;08036;Total;Treball;24208
Barcelona;08037;08001;Treball;..
Barcelona;08037;08002;Treball;..
Barcelona;08037;08003;Treball;..
Barcelona;08037;08004;Treball;216
Barcelona;08037;08005;Treball;200
Barcelona;08037;08006;Treball;251
Barcelona;08037;08007;Treball;..
Barcelona;08037;08008;Treball;..
Barcelona;08037;08009;Treball;167
Barcelona;08037;08010;Treball;..
Barcelona;08037;08011;Treball;..
Barcelona;08037;08012;Treball;310
Barcelona;08037;08013;Treball;476
Barcelona;08037;08014;Treball;245
Barcelona;08037;08015;Treball;460
Barcelona;08037;08016;Treball;233
Barcelona;08037;08017;Treball;154
Barcelona;08037;08018;Treball;136
Barcelona;08037;08019;Treball;..
Barcelona;08037;08020;Treball;284
Barcelona;08037;08021;Treball;173
Barcelona;08037;08022;Treball;..
Barcelona;08037;08023;Treball;214
Barcelona;08037;08024;Treball;362
Barcelona;08037;08025;Treball;458
Barcelona;08037;08026;Treball;210
Barcelona;08037;08027;Treball;293
Barcelona;08037;08028;Treball;289
Barcelona;08037;08029;Treball;189
Barcelona;08037;08030;Treball;156
Barcelona;08037;08031;Treball;..
Barcelona;08037;08032;Treball;188
Barcelona;08037;08033;Treball;..
Barcelona;08037;08034;Treball;..
Barcelona;08037;08035;Treball;..
Barcelona;08037;08036;Treball;..
Barcelona;08037;08037;Treball;1220
Barcelona;08037;08038;Treball;..
Barcelona;08037;08041;Treball;317
Barcelona;08037;08042;Treball;181
Barcelona;08037;Barcelona;Treball;8855
Barcelona;08037;Hospitalet de Llobregat, l';Treball;477
Barcelona;08037;Badalona;Treball;323
Barcelona;08037;Terrassa;Treball;234
Barcelona;08037;Sant Feliu de Llobregat;Treball;182
Barcelona;08037;Prat de Llobregat, el;Treball;135
Barcelona;08037;Sant Cugat del Vallès;Treball;120
Barcelona;08037;Altres municipis;Treball;2393
Barcelona;08037;Total;Treball;12718
Barcelona;08038;08001;Treball;..
Barcelona;08038;08003;Treball;..
Barcelona;08038;08004;Treball;539
Barcelona;08038;08005;Treball;156
Barcelona;08038;08006;Treball;..
Barcelona;08038;08008;Treball;..
Barcelona;08038;08009;Treball;..
Barcelona;08038;08010;Treball;..
Barcelona;08038;08011;Treball;..
Barcelona;08038;08012;Treball;..
Barcelona;08038;08013;Treball;321
Barcelona;08038;08014;Treball;651
Barcelona;08038;08015;Treball;300
Barcelona;08038;08016;Treball;178
Barcelona;08038;08017;Treball;..
Barcelona;08038;08018;Treball;117
Barcelona;08038;08019;Treball;..
Barcelona;08038;08020;Treball;217
Barcelona;08038;08021;Treball;..
Barcelona;08038;08022;Treball;..
Barcelona;08038;08023;Treball;..
Barcelona;08038;08024;Treball;120
Barcelona;08038;08025;Treball;193
Barcelona;08038;08026;Treball;..
Barcelona;08038;08027;Treball;191
Barcelona;08038;08028;Treball;577
Barcelona;08038;08029;Treball;223
Barcelona;08038;08030;Treball;283
Barcelona;08038;08031;Treball;..
Barcelona;08038;08032;Treball;..
Barcelona;08038;08033;Treball;..
Barcelona;08038;08034;Treball;..
Barcelona;08038;08035;Treball;..
Barcelona;08038;08036;Treball;..
Barcelona;08038;08037;Treball;..
Barcelona;08038;08038;Treball;2235
Barcelona;08038;08041;Treball;..
Barcelona;08038;08042;Treball;105
Barcelona;08038;Barcelona;Treball;7866
Barcelona;08038;Hospitalet de Llobregat, l';Treball;1023
Barcelona;08038;Santa Coloma de Gramenet;Treball;361
Barcelona;08038;Prat de Llobregat, el;Treball;341
Barcelona;08038;Viladecans;Treball;277
Barcelona;08038;Gavà;Treball;166
Barcelona;08038;Cornellà de Llobregat;Treball;164
Barcelona;08038;Sant Cugat del Vallès;Treball;162
Barcelona;08038;Badalona;Treball;161
Barcelona;08038;Sant Boi de Llobregat;Treball;158
Barcelona;08038;Esplugues de Llobregat;Treball;157
Barcelona;08038;Castelldefels;Treball;153
Barcelona;08038;Sant Feliu de Llobregat;Treball;127
Barcelona;08038;Altres municipis;Treball;2366
Barcelona;08038;Total;Treball;13482
Barcelona;08039;08001;Treball;..
Barcelona;08039;08002;Treball;..
Barcelona;08039;08003;Treball;212
Barcelona;08039;08004;Treball;196
Barcelona;08039;08005;Treball;..
Barcelona;08039;08006;Treball;..
Barcelona;08039;08007;Treball;..
Barcelona;08039;08008;Treball;..
Barcelona;08039;08009;Treball;..
Barcelona;08039;08010;Treball;..
Barcelona;08039;08011;Treball;..
Barcelona;08039;08012;Treball;..
Barcelona;08039;08013;Treball;..
Barcelona;08039;08014;Treball;263
Barcelona;08039;08015;Treball;..
Barcelona;08039;08016;Treball;..
Barcelona;08039;08017;Treball;..
Barcelona;08039;08018;Treball;..
Barcelona;08039;08019;Treball;..
Barcelona;08039;08020;Treball;100
Barcelona;08039;08021;Treball;..
Barcelona;08039;08022;Treball;..
Barcelona;08039;08023;Treball;..
Barcelona;08039;08024;Treball;..
Barcelona;08039;08025;Treball;..
Barcelona;08039;08026;Treball;..
Barcelona;08039;08027;Treball;..
Barcelona;08039;08028;Treball;..
Barcelona;08039;08029;Treball;..
Barcelona;08039;08030;Treball;167
Barcelona;08039;08031;Treball;..
Barcelona;08039;08032;Treball;..
Barcelona;08039;08033;Treball;..
Barcelona;08039;08034;Treball;..
Barcelona;08039;08035;Treball;..
Barcelona;08039;08037;Treball;..
Barcelona;08039;08038;Treball;206
Barcelona;08039;08040;Treball;..
Barcelona;08039;08041;Treball;..
Barcelona;08039;08042;Treball;..
Barcelona;08039;Barcelona;Treball;3323
Barcelona;08039;Badalona;Treball;193
Barcelona;08039;Hospitalet de Llobregat, l';Treball;161
Barcelona;08039;Sant Boi de Llobregat;Treball;145
Barcelona;08039;Altres municipis;Treball;2527
Barcelona;08039;Total;Treball;6350
Barcelona;08040;08001;Treball;..
Barcelona;08040;08002;Treball;..
Barcelona;08040;08003;Treball;..
Barcelona;08040;08004;Treball;236
Barcelona;08040;08005;Treball;215
Barcelona;08040;08006;Treball;..
Barcelona;08040;08008;Treball;..
Barcelona;08040;08009;Treball;..
Barcelona;08040;08011;Treball;..
Barcelona;08040;08012;Treball;..
Barcelona;08040;08013;Treball;304
Barcelona;08040;08014;Treball;510
Barcelona;08040;08015;Treball;210
Barcelona;08040;08016;Treball;439
Barcelona;08040;08017;Treball;..
Barcelona;08040;08018;Treball;366
Barcelona;08040;08019;Treball;345
Barcelona;08040;08020;Treball;367
Barcelona;08040;08021;Treball;165
Barcelona;08040;08022;Treball;..
Barcelona;08040;08023;Treball;258
Barcelona;08040;08024;Treball;221
Barcelona;08040;08025;Treball;288
Barcelona;08040;08026;Treball;196
Barcelona;08040;08027;Treball;412
Barcelona;08040;08028;Treball;466
Barcelona;08040;08029;Treball;131
Barcelona;08040;08030;Treball;220
Barcelona;08040;08031;Treball;229
Barcelona;08040;08032;Treball;136
Barcelona;08040;08033;Treball;..
Barcelona;08040;08034;Treball;..
Barcelona;08040;08035;Treball;..
Barcelona;08040;08036;Treball;..
Barcelona;08040;08037;Treball;..
Barcelona;08040;08038;Treball;277
Barcelona;08040;08039;Treball;..
Barcelona;08040;08041;Treball;166
Barcelona;08040;08042;Treball;377
Barcelona;08040;Barcelona;Treball;7816
Barcelona;08040;Hospitalet de Llobregat, l';Treball;1544
Barcelona;08040;Prat de Llobregat, el;Treball;1055
Barcelona;08040;Badalona;Treball;888
Barcelona;08040;Santa Coloma de Gramenet;Treball;686
Barcelona;08040;Castelldefels;Treball;551
Barcelona;08040;Cornellà de Llobregat;Treball;550
Barcelona;08040;Sant Boi de Llobregat;Treball;454
Barcelona;08040;Sant Cugat del Vallès;Treball;339
Barcelona;08040;Sant Feliu de Llobregat;Treball;325
Barcelona;08040;Viladecans;Treball;315
Barcelona;08040;Esplugues de Llobregat;Treball;300
Barcelona;08040;Sabadell;Treball;259
Barcelona;08040;Sant Adrià de Besòs;Treball;255
Barcelona;08040;Sant Andreu de la Barca;Treball;252
Barcelona;08040;Sant Joan Despí;Treball;235
Barcelona;08040;Gavà;Treball;226
Barcelona;08040;Mollet del Vallès;Treball;198
Barcelona;08040;Vallirana;Treball;188
Barcelona;08040;Sant Vicenç dels Horts;Treball;176
Barcelona;08040;Barberà del Vallès;Treball;168
Barcelona;08040;Cerdanyola del Vallès;Treball;130
Barcelona;08040;Molins de Rei;Treball;123
Barcelona;08040;Cervelló;Treball;121
Barcelona;08040;Palma de Cervelló, la;Treball;55
Barcelona;08040;Altres municipis;Treball;3870
Barcelona;08040;Total;Treball;21079
Barcelona;08041;08004;Treball;..
Barcelona;08041;08005;Treball;144
Barcelona;08041;08006;Treball;..
Barcelona;08041;08009;Treball;..
Barcelona;08041;08010;Treball;..
Barcelona;08041;08011;Treball;..
Barcelona;08041;08012;Treball;..
Barcelona;08041;08013;Treball;..
Barcelona;08041;08014;Treball;..
Barcelona;08041;08015;Treball;..
Barcelona;08041;08016;Treball;313
Barcelona;08041;08018;Treball;..
Barcelona;08041;08019;Treball;..
Barcelona;08041;08020;Treball;126
Barcelona;08041;08021;Treball;..
Barcelona;08041;08022;Treball;..
Barcelona;08041;08023;Treball;..
Barcelona;08041;08024;Treball;301
Barcelona;08041;08025;Treball;399
Barcelona;08041;08026;Treball;204
Barcelona;08041;08027;Treball;126
Barcelona;08041;08028;Treball;..
Barcelona;08041;08029;Treball;..
Barcelona;08041;08030;Treball;186
Barcelona;08041;08031;Treball;447
Barcelona;08041;08032;Treball;400
Barcelona;08041;08033;Treball;..
Barcelona;08041;08034;Treball;..
Barcelona;08041;08035;Treball;252
Barcelona;08041;08036;Treball;..
Barcelona;08041;08037;Treball;..
Barcelona;08041;08038;Treball;..
Barcelona;08041;08041;Treball;2223
Barcelona;08041;08042;Treball;..
Barcelona;08041;Barcelona;Treball;6311
Barcelona;08041;Hospitalet de Llobregat, l';Treball;301
Barcelona;08041;Santa Coloma de Gramenet;Treball;226
Barcelona;08041;Badalona;Treball;173
Barcelona;08041;Altres municipis;Treball;1648
Barcelona;08041;Total;Treball;8659
Barcelona;08042;08001;Treball;..
Barcelona;08042;08002;Treball;..
Barcelona;08042;08004;Treball;..
Barcelona;08042;08005;Treball;..
Barcelona;08042;08006;Treball;..
Barcelona;08042;08012;Treball;..
Barcelona;08042;08013;Treball;139
Barcelona;08042;08014;Treball;..
Barcelona;08042;08015;Treball;..
Barcelona;08042;08016;Treball;808
Barcelona;08042;08017;Treball;..
Barcelona;08042;08018;Treball;..
Barcelona;08042;08019;Treball;..
Barcelona;08042;08020;Treball;..
Barcelona;08042;08022;Treball;..
Barcelona;08042;08023;Treball;..
Barcelona;08042;08024;Treball;..
Barcelona;08042;08025;Treball;..
Barcelona;08042;08026;Treball;..
Barcelona;08042;08027;Treball;233
Barcelona;08042;08028;Treball;..
Barcelona;08042;08029;Treball;..
Barcelona;08042;08030;Treball;154
Barcelona;08042;08031;Treball;422
Barcelona;08042;08032;Treball;186
Barcelona;08042;08033;Treball;..
Barcelona;08042;08034;Treball;..
Barcelona;08042;08035;Treball;..
Barcelona;08042;08036;Treball;..
Barcelona;08042;08037;Treball;..
Barcelona;08042;08038;Treball;..
Barcelona;08042;08041;Treball;..
Barcelona;08042;08042;Treball;2930
Barcelona;08042;Barcelona;Treball;6022
Barcelona;08042;Badalona;Treball;258
Barcelona;08042;Altres municipis;Treball;1533
Barcelona;08042;Total;Treball;7813
Barcelona;00Barcelona;Total;Treball;811578
Hospitalet de Llobregat, l';08901;08901;Treball;5280
Hospitalet de Llobregat, l';08901;08902;Treball;714
Hospitalet de Llobregat, l';08901;08903;Treball;..
Hospitalet de Llobregat, l';08901;08904;Treball;180
Hospitalet de Llobregat, l';08901;08905;Treball;272
Hospitalet de Llobregat, l';08901;08906;Treball;808
Hospitalet de Llobregat, l';08901;08907;Treball;465
Hospitalet de Llobregat, l';08901;08908;Treball;..
Hospitalet de Llobregat, l';08901;Hospitalet de Llobregat, l';Treball;7888
Hospitalet de Llobregat, l';08901;Barcelona;Treball;2502
Hospitalet de Llobregat, l';08901;Cornellà de Llobregat;Treball;723
Hospitalet de Llobregat, l';08901;Sant Boi de Llobregat;Treball;405
Hospitalet de Llobregat, l';08901;Esplugues de Llobregat;Treball;278
Hospitalet de Llobregat, l';08901;Castelldefels;Treball;225
Hospitalet de Llobregat, l';08901;Viladecans;Treball;197
Hospitalet de Llobregat, l';08901;Prat de Llobregat, el;Treball;185
Hospitalet de Llobregat, l';08901;Badalona;Treball;158
Hospitalet de Llobregat, l';08901;Sant Vicenç dels Horts;Treball;137
Hospitalet de Llobregat, l';08901;Santa Coloma de Cervelló;Treball;87
Hospitalet de Llobregat, l';08901;Altres municipis;Treball;2395
Hospitalet de Llobregat, l';08901;Total;Treball;15179
Hospitalet de Llobregat, l';08902;08901;Treball;440
Hospitalet de Llobregat, l';08902;08902;Treball;4166
Hospitalet de Llobregat, l';08902;08903;Treball;..
Hospitalet de Llobregat, l';08902;08904;Treball;..
Hospitalet de Llobregat, l';08902;08905;Treball;267
Hospitalet de Llobregat, l';08902;08906;Treball;314
Hospitalet de Llobregat, l';08902;08907;Treball;412
Hospitalet de Llobregat, l';08902;08908;Treball;..
Hospitalet de Llobregat, l';08902;Hospitalet de Llobregat, l';Treball;5973
Hospitalet de Llobregat, l';08902;Barcelona;Treball;2774
Hospitalet de Llobregat, l';08902;Sant Boi de Llobregat;Treball;267
Hospitalet de Llobregat, l';08902;Castelldefels;Treball;249
Hospitalet de Llobregat, l';08902;Viladecans;Treball;221
Hospitalet de Llobregat, l';08902;Gavà;Treball;143
Hospitalet de Llobregat, l';08902;Altres municipis;Treball;1885
Hospitalet de Llobregat, l';08902;Total;Treball;11512
Hospitalet de Llobregat, l';08903;08901;Treball;166
Hospitalet de Llobregat, l';08903;08902;Treball;..
Hospitalet de Llobregat, l';08903;08903;Treball;1145
Hospitalet de Llobregat, l';08903;08904;Treball;782
Hospitalet de Llobregat, l';08903;08905;Treball;229
Hospitalet de Llobregat, l';08903;Hospitalet de Llobregat, l';Treball;2366
Hospitalet de Llobregat, l';08903;Barcelona;Treball;808
Hospitalet de Llobregat, l';08903;Esplugues de Llobregat;Treball;194
Hospitalet de Llobregat, l';08903;Altres municipis;Treball;1054
Hospitalet de Llobregat, l';08903;Total;Treball;4423
Hospitalet de Llobregat, l';08904;08901;Treball;149
Hospitalet de Llobregat, l';08904;08902;Treball;..
Hospitalet de Llobregat, l';08904;08903;Treball;314
Hospitalet de Llobregat, l';08904;08904;Treball;1864
Hospitalet de Llobregat, l';08904;08905;Treball;..
Hospitalet de Llobregat, l';08904;08906;Treball;..
Hospitalet de Llobregat, l';08904;08907;Treball;..
Hospitalet de Llobregat, l';08904;Hospitalet de Llobregat, l';Treball;2726
Hospitalet de Llobregat, l';08904;Barcelona;Treball;491
Hospitalet de Llobregat, l';08904;Cornellà de Llobregat;Treball;253
Hospitalet de Llobregat, l';08904;Altres municipis;Treball;967
Hospitalet de Llobregat, l';08904;Total;Treball;4436
Hospitalet de Llobregat, l';08905;08901;Treball;390
Hospitalet de Llobregat, l';08905;08902;Treball;..
Hospitalet de Llobregat, l';08905;08903;Treball;135
Hospitalet de Llobregat, l';08905;08904;Treball;261
Hospitalet de Llobregat, l';08905;08905;Treball;2368
Hospitalet de Llobregat, l';08905;08906;Treball;190
Hospitalet de Llobregat, l';08905;08907;Treball;..
Hospitalet de Llobregat, l';08905;Hospitalet de Llobregat, l';Treball;3472
Hospitalet de Llobregat, l';08905;Barcelona;Treball;1096
Hospitalet de Llobregat, l';08905;Cornellà de Llobregat;Treball;186
Hospitalet de Llobregat, l';08905;Viladecans;Treball;127
Hospitalet de Llobregat, l';08905;Altres municipis;Treball;1029
Hospitalet de Llobregat, l';08905;Total;Treball;5910
Hospitalet de Llobregat, l';08906;08901;Treball;651
Hospitalet de Llobregat, l';08906;08902;Treball;..
Hospitalet de Llobregat, l';08906;08903;Treball;..
Hospitalet de Llobregat, l';08906;08904;Treball;257
Hospitalet de Llobregat, l';08906;08905;Treball;257
Hospitalet de Llobregat, l';08906;08906;Treball;2952
Hospitalet de Llobregat, l';08906;08907;Treball;..
Hospitalet de Llobregat, l';08906;Hospitalet de Llobregat, l';Treball;4367
Hospitalet de Llobregat, l';08906;Barcelona;Treball;787
Hospitalet de Llobregat, l';08906;Esplugues de Llobregat;Treball;276
Hospitalet de Llobregat, l';08906;Cornellà de Llobregat;Treball;211
Hospitalet de Llobregat, l';08906;Viladecans;Treball;121
Hospitalet de Llobregat, l';08906;Altres municipis;Treball;1090
Hospitalet de Llobregat, l';08906;Total;Treball;6852
Hospitalet de Llobregat, l';08907;08901;Treball;830
Hospitalet de Llobregat, l';08907;08902;Treball;965
Hospitalet de Llobregat, l';08907;08903;Treball;239
Hospitalet de Llobregat, l';08907;08904;Treball;325
Hospitalet de Llobregat, l';08907;08905;Treball;600
Hospitalet de Llobregat, l';08907;08906;Treball;342
Hospitalet de Llobregat, l';08907;08907;Treball;2589
Hospitalet de Llobregat, l';08907;08908;Treball;..
Hospitalet de Llobregat, l';08907;Hospitalet de Llobregat, l';Treball;5922
Hospitalet de Llobregat, l';08907;Barcelona;Treball;4072
Hospitalet de Llobregat, l';08907;Sant Boi de Llobregat;Treball;762
Hospitalet de Llobregat, l';08907;Badalona;Treball;517
Hospitalet de Llobregat, l';08907;Prat de Llobregat, el;Treball;436
Hospitalet de Llobregat, l';08907;Viladecans;Treball;429
Hospitalet de Llobregat, l';08907;Cornellà de Llobregat;Treball;358
Hospitalet de Llobregat, l';08907;Esplugues de Llobregat;Treball;319
Hospitalet de Llobregat, l';08907;Santa Coloma de Gramenet;Treball;301
Hospitalet de Llobregat, l';08907;Gavà;Treball;289
Hospitalet de Llobregat, l';08907;Sant Joan Despí;Treball;201
Hospitalet de Llobregat, l';08907;Molins de Rei;Treball;191
Hospitalet de Llobregat, l';08907;Castelldefels;Treball;180
Hospitalet de Llobregat, l';08907;Vilanova i la Geltrú;Treball;163
Hospitalet de Llobregat, l';08907;Sant Feliu de Llobregat;Treball;122
Hospitalet de Llobregat, l';08907;Altres municipis;Treball;2055
Hospitalet de Llobregat, l';08907;Total;Treball;16317
Hospitalet de Llobregat, l';08908;08901;Treball;548
Hospitalet de Llobregat, l';08908;08902;Treball;524
Hospitalet de Llobregat, l';08908;08903;Treball;..
Hospitalet de Llobregat, l';08908;08904;Treball;192
Hospitalet de Llobregat, l';08908;08905;Treball;..
Hospitalet de Llobregat, l';08908;08906;Treball;..
Hospitalet de Llobregat, l';08908;08907;Treball;205
Hospitalet de Llobregat, l';08908;08908;Treball;299
Hospitalet de Llobregat, l';08908;Barcelona;Treball;3995
Hospitalet de Llobregat, l';08908;Hospitalet de Llobregat, l';Treball;2015
Hospitalet de Llobregat, l';08908;Badalona;Treball;362
Hospitalet de Llobregat, l';08908;Sant Boi de Llobregat;Treball;308
Hospitalet de Llobregat, l';08908;Santa Coloma de Gramenet;Treball;276
Hospitalet de Llobregat, l';08908;Terrassa;Treball;254
Hospitalet de Llobregat, l';08908;Prat de Llobregat, el;Treball;209
Hospitalet de Llobregat, l';08908;Gavà;Treball;188
Hospitalet de Llobregat, l';08908;Castelldefels;Treball;162
Hospitalet de Llobregat, l';08908;Viladecans;Treball;149
Hospitalet de Llobregat, l';08908;Cornellà de Llobregat;Treball;132
Hospitalet de Llobregat, l';08908;Altres municipis;Treball;2576
Hospitalet de Llobregat, l';08908;Total;Treball;10627
Hospitalet de Llobregat, l';00Hospitalet de Llobregat, l';Total;Treball;75257
Sabadell;08201;08201;Treball;1660
Sabadell;08201;08202;Treball;860
Sabadell;08201;08203;Treball;837
Sabadell;08201;08204;Treball;322
Sabadell;08201;08205;Treball;584
Sabadell;08201;08206;Treball;1207
Sabadell;08201;08207;Treball;817
Sabadell;08201;08208;Treball;769
Sabadell;08201;Sabadell;Treball;7055
Sabadell;08201;Terrassa;Treball;760
Sabadell;08201;Barcelona;Treball;488
Sabadell;08201;Barberà del Vallès;Treball;339
Sabadell;08201;Cerdanyola del Vallès;Treball;301
Sabadell;08201;Sant Quirze del Vallès;Treball;275
Sabadell;08201;Castellar del Vallès;Treball;275
Sabadell;08201;Ripollet;Treball;218
Sabadell;08201;Sant Cugat del Vallès;Treball;161
Sabadell;08201;Altres municipis;Treball;1704
Sabadell;08201;Total;Treball;11576
Sabadell;08202;08201;Treball;661
Sabadell;08202;08202;Treball;1798
Sabadell;08202;08203;Treball;544
Sabadell;08202;08204;Treball;275
Sabadell;08202;08205;Treball;..
Sabadell;08202;08206;Treball;699
Sabadell;08202;08207;Treball;275
Sabadell;08202;08208;Treball;238
Sabadell;08202;Sabadell;Treball;4593
Sabadell;08202;Terrassa;Treball;646
Sabadell;08202;Barcelona;Treball;389
Sabadell;08202;Castellar del Vallès;Treball;253
Sabadell;08202;Barberà del Vallès;Treball;219
Sabadell;08202;Granollers;Treball;163
Sabadell;08202;Sant Cugat del Vallès;Treball;156
Sabadell;08202;Altres municipis;Treball;1638
Sabadell;08202;Total;Treball;8057
Sabadell;08203;08201;Treball;231
Sabadell;08203;08202;Treball;453
Sabadell;08203;08203;Treball;1595
Sabadell;08203;08204;Treball;438
Sabadell;08203;08205;Treball;225
Sabadell;08203;08206;Treball;480
Sabadell;08203;08207;Treball;231
Sabadell;08203;08208;Treball;370
Sabadell;08203;Sabadell;Treball;4024
Sabadell;08203;Barcelona;Treball;377
Sabadell;08203;Terrassa;Treball;230
Sabadell;08203;Barberà del Vallès;Treball;229
Sabadell;08203;Castellar del Vallès;Treball;178
Sabadell;08203;Altres municipis;Treball;1218
Sabadell;08203;Total;Treball;6257
Sabadell;08204;08201;Treball;..
Sabadell;08204;08202;Treball;297
Sabadell;08204;08203;Treball;245
Sabadell;08204;08204;Treball;2453
Sabadell;08204;08205;Treball;..
Sabadell;08204;08206;Treball;313
Sabadell;08204;08207;Treball;226
Sabadell;08204;08208;Treball;..
Sabadell;08204;Sabadell;Treball;3752
Sabadell;08204;Barberà del Vallès;Treball;233
Sabadell;08204;Barcelona;Treball;194
Sabadell;08204;Terrassa;Treball;175
Sabadell;08204;Altres municipis;Treball;1053
Sabadell;08204;Total;Treball;5408
Sabadell;08205;08201;Treball;354
Sabadell;08205;08202;Treball;347
Sabadell;08205;08203;Treball;548
Sabadell;08205;08204;Treball;430
Sabadell;08205;08205;Treball;935
Sabadell;08205;08206;Treball;916
Sabadell;08205;08207;Treball;414
Sabadell;08205;08208;Treball;392
Sabadell;08205;Sabadell;Treball;4336
Sabadell;08205;Terrassa;Treball;634
Sabadell;08205;Barcelona;Treball;434
Sabadell;08205;Rubí;Treball;202
Sabadell;08205;Castellar del Vallès;Treball;189
Sabadell;08205;Barberà del Vallès;Treball;175
Sabadell;08205;Sant Quirze del Vallès;Treball;168
Sabadell;08205;Altres municipis;Treball;1321
Sabadell;08205;Total;Treball;7458
Sabadell;08206;08201;Treball;..
Sabadell;08206;08202;Treball;196
Sabadell;08206;08203;Treball;357
Sabadell;08206;08204;Treball;..
Sabadell;08206;08205;Treball;316
Sabadell;08206;08206;Treball;3673
Sabadell;08206;08207;Treball;478
Sabadell;08206;08208;Treball;304
Sabadell;08206;Sabadell;Treball;5614
Sabadell;08206;Terrassa;Treball;598
Sabadell;08206;Barcelona;Treball;465
Sabadell;08206;Castellar del Vallès;Treball;274
Sabadell;08206;Sant Quirze del Vallès;Treball;182
Sabadell;08206;Cerdanyola del Vallès;Treball;169
Sabadell;08206;Altres municipis;Treball;1398
Sabadell;08206;Total;Treball;8701
Sabadell;08207;08201;Treball;..
Sabadell;08207;08202;Treball;..
Sabadell;08207;08203;Treball;..
Sabadell;08207;08204;Treball;192
Sabadell;08207;08205;Treball;..
Sabadell;08207;08206;Treball;544
Sabadell;08207;08207;Treball;3016
Sabadell;08207;08208;Treball;238
Sabadell;08207;Sabadell;Treball;4288
Sabadell;08207;Terrassa;Treball;450
Sabadell;08207;Castellar del Vallès;Treball;232
Sabadell;08207;Barcelona;Treball;192
Sabadell;08207;Sant Quirze del Vallès;Treball;162
Sabadell;08207;Altres municipis;Treball;569
Sabadell;08207;Total;Treball;5894
Sabadell;08208;08201;Treball;445
Sabadell;08208;08202;Treball;291
Sabadell;08208;08203;Treball;380
Sabadell;08208;08204;Treball;453
Sabadell;08208;08205;Treball;247
Sabadell;08208;08206;Treball;527
Sabadell;08208;08207;Treball;413
Sabadell;08208;08208;Treball;1816
Sabadell;08208;Sabadell;Treball;4571
Sabadell;08208;Barcelona;Treball;689
Sabadell;08208;Terrassa;Treball;333
Sabadell;08208;Barberà del Vallès;Treball;199
Sabadell;08208;Castellar del Vallès;Treball;187
Sabadell;08208;Sant Quirze del Vallès;Treball;176
Sabadell;08208;Altres municipis;Treball;1274
Sabadell;08208;Total;Treball;7429
Sabadell;00Sabadell;Total;Treball;60779
Terrassa;08221;08221;Treball;2448
Terrassa;08221;08222;Treball;1156
Terrassa;08221;08223;Treball;801
Terrassa;08221;08224;Treball;1358
Terrassa;08221;08225;Treball;1447
Terrassa;08221;08226;Treball;784
Terrassa;08221;08227;Treball;526
Terrassa;08221;08228;Treball;184
Terrassa;08221;Terrassa;Treball;8704
Terrassa;08221;Sabadell;Treball;1222
Terrassa;08221;Barcelona;Treball;814
Terrassa;08221;Rubí;Treball;577
Terrassa;08221;Matadepera;Treball;242
Terrassa;08221;Viladecavalls;Treball;217
Terrassa;08221;Ullastrell;Treball;127
Terrassa;08221;Sant Cugat del Vallès;Treball;125
Terrassa;08221;Vacarisses;Treball;110
Terrassa;08221;Altres municipis;Treball;1845
Terrassa;08221;Total;Treball;13983
Terrassa;08222;08221;Treball;250
Terrassa;08222;08222;Treball;2330
Terrassa;08222;08223;Treball;280
Terrassa;08222;08224;Treball;340
Terrassa;08222;08225;Treball;403
Terrassa;08222;08226;Treball;321
Terrassa;08222;08227;Treball;249
Terrassa;08222;08228;Treball;..
Terrassa;08222;Terrassa;Treball;4196
Terrassa;08222;Barcelona;Treball;312
Terrassa;08222;Rubí;Treball;194
Terrassa;08222;Viladecavalls;Treball;179
Terrassa;08222;Sabadell;Treball;145
Terrassa;08222;Matadepera;Treball;133
Terrassa;08222;Altres municipis;Treball;1047
Terrassa;08222;Total;Treball;6207
Terrassa;08223;08221;Treball;405
Terrassa;08223;08222;Treball;401
Terrassa;08223;08223;Treball;2076
Terrassa;08223;08224;Treball;859
Terrassa;08223;08225;Treball;695
Terrassa;08223;08226;Treball;594
Terrassa;08223;08227;Treball;401
Terrassa;08223;08228;Treball;258
Terrassa;08223;Terrassa;Treball;5654
Terrassa;08223;Sabadell;Treball;609
Terrassa;08223;Barcelona;Treball;302
Terrassa;08223;Rubí;Treball;170
Terrassa;08223;Vacarisses;Treball;123
Terrassa;08223;Matadepera;Treball;123
Terrassa;08223;Viladecavalls;Treball;106
Terrassa;08223;Altres municipis;Treball;1060
Terrassa;08223;Total;Treball;8146
Terrassa;08224;08221;Treball;496
Terrassa;08224;08222;Treball;470
Terrassa;08224;08223;Treball;439
Terrassa;08224;08224;Treball;3596
Terrassa;08224;08225;Treball;887
Terrassa;08224;08226;Treball;464
Terrassa;08224;08227;Treball;292
Terrassa;08224;08228;Treball;..
Terrassa;08224;Terrassa;Treball;6733
Terrassa;08224;Sabadell;Treball;262
Terrassa;08224;Viladecavalls;Treball;231
Terrassa;08224;Matadepera;Treball;213
Terrassa;08224;Barcelona;Treball;191
Terrassa;08224;Rubí;Treball;127
Terrassa;08224;Ullastrell;Treball;72
Terrassa;08224;Altres municipis;Treball;943
Terrassa;08224;Total;Treball;8774
Terrassa;08225;08221;Treball;278
Terrassa;08225;08222;Treball;302
Terrassa;08225;08223;Treball;186
Terrassa;08225;08224;Treball;838
Terrassa;08225;08225;Treball;3940
Terrassa;08225;08226;Treball;482
Terrassa;08225;08227;Treball;293
Terrassa;08225;08228;Treball;..
Terrassa;08225;Terrassa;Treball;6356
Terrassa;08225;Barcelona;Treball;348
Terrassa;08225;Viladecavalls;Treball;129
Terrassa;08225;Matadepera;Treball;102
Terrassa;08225;Altres municipis;Treball;464
Terrassa;08225;Total;Treball;7398
Terrassa;08226;08221;Treball;..
Terrassa;08226;08222;Treball;461
Terrassa;08226;08223;Treball;209
Terrassa;08226;08224;Treball;365
Terrassa;08226;08225;Treball;617
Terrassa;08226;08226;Treball;1784
Terrassa;08226;08227;Treball;720
Terrassa;08226;08228;Treball;..
Terrassa;08226;Terrassa;Treball;4289
Terrassa;08226;Sabadell;Treball;271
Terrassa;08226;Matadepera;Treball;129
Terrassa;08226;Altres municipis;Treball;705
Terrassa;08226;Total;Treball;5395
Terrassa;08227;08221;Treball;185
Terrassa;08227;08222;Treball;251
Terrassa;08227;08223;Treball;438
Terrassa;08227;08224;Treball;495
Terrassa;08227;08225;Treball;823
Terrassa;08227;08226;Treball;704
Terrassa;08227;08227;Treball;1859
Terrassa;08227;08228;Treball;..
Terrassa;08227;Terrassa;Treball;4869
Terrassa;08227;Barcelona;Treball;473
Terrassa;08227;Sabadell;Treball;425
Terrassa;08227;Sant Cugat del Vallès;Treball;221
Terrassa;08227;Rubí;Treball;197
Terrassa;08227;Matadepera;Treball;190
Terrassa;08227;Viladecavalls;Treball;144
Terrassa;08227;Altres municipis;Treball;827
Terrassa;08227;Total;Treball;7345
Terrassa;08228;08221;Treball;..
Terrassa;08228;08222;Treball;226
Terrassa;08228;08223;Treball;334
Terrassa;08228;08224;Treball;321
Terrassa;08228;08225;Treball;303
Terrassa;08228;08226;Treball;274
Terrassa;08228;08227;Treball;413
Terrassa;08228;08228;Treball;435
Terrassa;08228;Barcelona;Treball;184
Terrassa;08228;Sabadell;Treball;189
Terrassa;08228;Terrassa;Treball;2333
Terrassa;08228;Altres municipis;Treball;1077
Terrassa;08228;Total;Treball;3783
Terrassa;00Terrassa;Total;Treball;61033
Badalona;08911;08911;Estudi;2548
Badalona;08911;08912;Estudi;625
Badalona;08911;08913;Estudi;290
Badalona;08911;08914;Estudi;255
Badalona;08911;08915;Estudi;764
Badalona;08911;08916;Estudi;..
Badalona;08911;08917;Estudi;1221
Badalona;08911;08918;Estudi;140
Badalona;08911;Badalona;Estudi;5865
Badalona;08911;Barcelona;Estudi;319
Badalona;08911;Santa Coloma de Gramenet;Estudi;232
Badalona;08911;Tiana;Estudi;187
Badalona;08911;Altres municipis;Estudi;435
Badalona;08911;Total;Estudi;7037
Badalona;08912;08911;Estudi;561
Badalona;08912;08912;Estudi;3547
Badalona;08912;08913;Estudi;..
Badalona;08912;08914;Estudi;444
Badalona;08912;08915;Estudi;346
Badalona;08912;08916;Estudi;..
Badalona;08912;08917;Estudi;1242
Badalona;08912;08918;Estudi;317
Badalona;08912;Badalona;Estudi;6590
Badalona;08912;Barcelona;Estudi;114
Badalona;08912;Altres municipis;Estudi;332
Badalona;08912;Total;Estudi;7036
Badalona;08913;08911;Estudi;..
Badalona;08913;08912;Estudi;..
Badalona;08913;08913;Estudi;3623
Badalona;08913;08914;Estudi;332
Badalona;08913;08915;Estudi;..
Badalona;08913;08917;Estudi;..
Badalona;08913;08918;Estudi;624
Badalona;08913;Badalona;Estudi;4898
Badalona;08913;Altres municipis;Estudi;284
Badalona;08913;Total;Estudi;5182
Badalona;08914;08911;Estudi;..
Badalona;08914;08912;Estudi;180
Badalona;08914;08913;Estudi;875
Badalona;08914;08914;Estudi;2308
Badalona;08914;08915;Estudi;134
Badalona;08914;08916;Estudi;..
Badalona;08914;08917;Estudi;1024
Badalona;08914;08918;Estudi;235
Badalona;08914;Badalona;Estudi;4784
Badalona;08914;Altres municipis;Estudi;281
Badalona;08914;Total;Estudi;5065
Badalona;08915;08911;Estudi;137
Badalona;08915;08912;Estudi;167
Badalona;08915;08913;Estudi;207
Badalona;08915;08914;Estudi;..
Badalona;08915;08915;Estudi;3207
Badalona;08915;08916;Estudi;192
Badalona;08915;08917;Estudi;840
Badalona;08915;08918;Estudi;..
Badalona;08915;Badalona;Estudi;4868
Badalona;08915;Altres municipis;Estudi;463
Badalona;08915;Total;Estudi;5330
Badalona;08916;08911;Estudi;..
Badalona;08916;08912;Estudi;..
Badalona;08916;08915;Estudi;..
Badalona;08916;08916;Estudi;..
Badalona;08916;08917;Estudi;..
Badalona;08916;08918;Estudi;..
Badalona;08916;Badalona;Estudi;384
Badalona;08916;Altres municipis;Estudi;724
Badalona;08916;Total;Estudi;1108
Badalona;08917;08911;Estudi;..
Badalona;08917;08912;Estudi;268
Badalona;08917;08913;Estudi;..
Badalona;08917;08914;Estudi;178
Badalona;08917;08915;Estudi;253
Badalona;08917;08916;Estudi;..
Badalona;08917;08917;Estudi;5729
Badalona;08917;08918;Estudi;..
Badalona;08917;Badalona;Estudi;6671
Badalona;08917;Santa Coloma de Gramenet;Estudi;665
Badalona;08917;Altres municipis;Estudi;244
Badalona;08917;Total;Estudi;7580
Badalona;08918;08912;Estudi;233
Badalona;08918;08913;Estudi;464
Badalona;08918;08914;Estudi;300
Badalona;08918;08915;Estudi;..
Badalona;08918;08917;Estudi;..
Badalona;08918;08918;Estudi;2183
Badalona;08918;Badalona;Estudi;3256
Badalona;08918;Altres municipis;Estudi;274
Badalona;08918;Total;Estudi;3529
Badalona;00Badalona;Total;Estudi;41868
Barcelona;08001;08001;Estudi;3654
Barcelona;08001;08002;Estudi;337
Barcelona;08001;08003;Estudi;1070
Barcelona;08001;08004;Estudi;613
Barcelona;08001;08005;Estudi;183
Barcelona;08001;08006;Estudi;..
Barcelona;08001;08007;Estudi;..
Barcelona;08001;08008;Estudi;..
Barcelona;08001;08009;Estudi;..
Barcelona;08001;08010;Estudi;..
Barcelona;08001;08011;Estudi;160
Barcelona;08001;08012;Estudi;..
Barcelona;08001;08013;Estudi;458
Barcelona;08001;08014;Estudi;..
Barcelona;08001;08015;Estudi;427
Barcelona;08001;08016;Estudi;107
Barcelona;08001;08017;Estudi;104
Barcelona;08001;08018;Estudi;155
Barcelona;08001;08019;Estudi;..
Barcelona;08001;08020;Estudi;98
Barcelona;08001;08021;Estudi;..
Barcelona;08001;08022;Estudi;..
Barcelona;08001;08023;Estudi;..
Barcelona;08001;08024;Estudi;147
Barcelona;08001;08025;Estudi;247
Barcelona;08001;08026;Estudi;..
Barcelona;08001;08027;Estudi;..
Barcelona;08001;08028;Estudi;408
Barcelona;08001;08029;Estudi;247
Barcelona;08001;08030;Estudi;112
Barcelona;08001;08031;Estudi;165
Barcelona;08001;08032;Estudi;..
Barcelona;08001;08033;Estudi;..
Barcelona;08001;08034;Estudi;..
Barcelona;08001;08035;Estudi;..
Barcelona;08001;08036;Estudi;..
Barcelona;08001;08037;Estudi;..
Barcelona;08001;08038;Estudi;92
Barcelona;08001;08041;Estudi;..
Barcelona;08001;08042;Estudi;136
Barcelona;08001;Badalona;Estudi;223
Barcelona;08001;Barcelona;Estudi;10326
Barcelona;08001;Hospitalet de Llobregat, l';Estudi;623
Barcelona;08001;Sabadell;Estudi;270
Barcelona;08001;Sant Cugat del Vallès;Estudi;255
Barcelona;08001;Castelldefels;Estudi;196
Barcelona;08001;Vic;Estudi;156
Barcelona;08001;Sant Boi de Llobregat;Estudi;136
Barcelona;08001;Altres municipis;Estudi;4166
Barcelona;08001;Total;Estudi;16352
Barcelona;08002;08001;Estudi;525
Barcelona;08002;08002;Estudi;1165
Barcelona;08002;08003;Estudi;391
Barcelona;08002;08004;Estudi;..
Barcelona;08002;08005;Estudi;..
Barcelona;08002;08006;Estudi;..
Barcelona;08002;08008;Estudi;..
Barcelona;08002;08009;Estudi;..
Barcelona;08002;08010;Estudi;..
Barcelona;08002;08011;Estudi;..
Barcelona;08002;08012;Estudi;..
Barcelona;08002;08013;Estudi;..
Barcelona;08002;08014;Estudi;..
Barcelona;08002;08015;Estudi;122
Barcelona;08002;08016;Estudi;..
Barcelona;08002;08017;Estudi;..
Barcelona;08002;08018;Estudi;..
Barcelona;08002;08020;Estudi;..
Barcelona;08002;08021;Estudi;..
Barcelona;08002;08022;Estudi;..
Barcelona;08002;08023;Estudi;..
Barcelona;08002;08024;Estudi;..
Barcelona;08002;08025;Estudi;..
Barcelona;08002;08026;Estudi;..
Barcelona;08002;08027;Estudi;..
Barcelona;08002;08028;Estudi;..
Barcelona;08002;08029;Estudi;..
Barcelona;08002;08030;Estudi;..
Barcelona;08002;08031;Estudi;..
Barcelona;08002;08032;Estudi;..
Barcelona;08002;08033;Estudi;..
Barcelona;08002;08036;Estudi;..
Barcelona;08002;08037;Estudi;..
Barcelona;08002;08038;Estudi;..
Barcelona;08002;08041;Estudi;..
Barcelona;08002;08042;Estudi;..
Barcelona;08002;Barcelona;Estudi;3592
Barcelona;08002;Hospitalet de Llobregat, l';Estudi;184
Barcelona;08002;Altres municipis;Estudi;2396
Barcelona;08002;Total;Estudi;6172
Barcelona;08003;08001;Estudi;583
Barcelona;08003;08002;Estudi;233
Barcelona;08003;08003;Estudi;3326
Barcelona;08003;08004;Estudi;..
Barcelona;08003;08005;Estudi;..
Barcelona;08003;08006;Estudi;..
Barcelona;08003;08007;Estudi;..
Barcelona;08003;08008;Estudi;..
Barcelona;08003;08009;Estudi;..
Barcelona;08003;08010;Estudi;..
Barcelona;08003;08011;Estudi;..
Barcelona;08003;08012;Estudi;..
Barcelona;08003;08013;Estudi;..
Barcelona;08003;08014;Estudi;..
Barcelona;08003;08015;Estudi;..
Barcelona;08003;08016;Estudi;..
Barcelona;08003;08017;Estudi;..
Barcelona;08003;08018;Estudi;..
Barcelona;08003;08019;Estudi;..
Barcelona;08003;08020;Estudi;..
Barcelona;08003;08021;Estudi;..
Barcelona;08003;08023;Estudi;..
Barcelona;08003;08024;Estudi;..
Barcelona;08003;08025;Estudi;116
Barcelona;08003;08026;Estudi;..
Barcelona;08003;08027;Estudi;..
Barcelona;08003;08028;Estudi;150
Barcelona;08003;08029;Estudi;..
Barcelona;08003;08030;Estudi;..
Barcelona;08003;08031;Estudi;..
Barcelona;08003;08032;Estudi;..
Barcelona;08003;08033;Estudi;..
Barcelona;08003;08035;Estudi;..
Barcelona;08003;08036;Estudi;..
Barcelona;08003;08037;Estudi;..
Barcelona;08003;08041;Estudi;..
Barcelona;08003;08042;Estudi;..
Barcelona;08003;Barcelona;Estudi;6484
Barcelona;08003;Badalona;Estudi;222
Barcelona;08003;Hospitalet de Llobregat, l';Estudi;180
Barcelona;08003;Mataró;Estudi;164
Barcelona;08003;Altres municipis;Estudi;2077
Barcelona;08003;Total;Estudi;9128
Barcelona;08004;08001;Estudi;..
Barcelona;08004;08002;Estudi;..
Barcelona;08004;08003;Estudi;..
Barcelona;08004;08004;Estudi;3988
Barcelona;08004;08005;Estudi;..
Barcelona;08004;08011;Estudi;..
Barcelona;08004;08012;Estudi;..
Barcelona;08004;08013;Estudi;..
Barcelona;08004;08014;Estudi;445
Barcelona;08004;08015;Estudi;149
Barcelona;08004;08016;Estudi;..
Barcelona;08004;08018;Estudi;..
Barcelona;08004;08020;Estudi;..
Barcelona;08004;08022;Estudi;..
Barcelona;08004;08023;Estudi;..
Barcelona;08004;08024;Estudi;..
Barcelona;08004;08025;Estudi;..
Barcelona;08004;08026;Estudi;..
Barcelona;08004;08027;Estudi;..
Barcelona;08004;08028;Estudi;441
Barcelona;08004;08029;Estudi;..
Barcelona;08004;08030;Estudi;..
Barcelona;08004;08031;Estudi;..
Barcelona;08004;08032;Estudi;..
Barcelona;08004;08036;Estudi;..
Barcelona;08004;08037;Estudi;..
Barcelona;08004;08038;Estudi;350
Barcelona;08004;08041;Estudi;..
Barcelona;08004;08042;Estudi;..
Barcelona;08004;Barcelona;Estudi;6102
Barcelona;08004;Altres municipis;Estudi;935
Barcelona;08004;Total;Estudi;7038
Barcelona;08005;08001;Estudi;..
Barcelona;08005;08002;Estudi;..
Barcelona;08005;08003;Estudi;..
Barcelona;08005;08004;Estudi;..
Barcelona;08005;08005;Estudi;5339
Barcelona;08005;08006;Estudi;..
Barcelona;08005;08007;Estudi;..
Barcelona;08005;08009;Estudi;..
Barcelona;08005;08011;Estudi;..
Barcelona;08005;08012;Estudi;..
Barcelona;08005;08013;Estudi;188
Barcelona;08005;08014;Estudi;..
Barcelona;08005;08015;Estudi;..
Barcelona;08005;08016;Estudi;..
Barcelona;08005;08017;Estudi;..
Barcelona;08005;08018;Estudi;1107
Barcelona;08005;08019;Estudi;578
Barcelona;08005;08020;Estudi;641
Barcelona;08005;08021;Estudi;..
Barcelona;08005;08022;Estudi;..
Barcelona;08005;08023;Estudi;..
Barcelona;08005;08024;Estudi;..
Barcelona;08005;08025;Estudi;182
Barcelona;08005;08026;Estudi;396
Barcelona;08005;08027;Estudi;..
Barcelona;08005;08028;Estudi;..
Barcelona;08005;08029;Estudi;..
Barcelona;08005;08030;Estudi;..
Barcelona;08005;08031;Estudi;..
Barcelona;08005;08032;Estudi;..
Barcelona;08005;08033;Estudi;..
Barcelona;08005;08034;Estudi;..
Barcelona;08005;08035;Estudi;..
Barcelona;08005;08036;Estudi;..
Barcelona;08005;08037;Estudi;..
Barcelona;08005;08038;Estudi;..
Barcelona;08005;08041;Estudi;..
Barcelona;08005;08042;Estudi;..
Barcelona;08005;Barcelona;Estudi;10146
Barcelona;08005;Badalona;Estudi;289
Barcelona;08005;Hospitalet de Llobregat, l';Estudi;238
Barcelona;08005;Sant Cugat del Vallès;Estudi;232
Barcelona;08005;Altres municipis;Estudi;2076
Barcelona;08005;Total;Estudi;12980
Barcelona;08006;08001;Estudi;..
Barcelona;08006;08002;Estudi;..
Barcelona;08006;08003;Estudi;..
Barcelona;08006;08004;Estudi;..
Barcelona;08006;08005;Estudi;..
Barcelona;08006;08006;Estudi;2611
Barcelona;08006;08007;Estudi;..
Barcelona;08006;08008;Estudi;..
Barcelona;08006;08009;Estudi;..
Barcelona;08006;08010;Estudi;..
Barcelona;08006;08011;Estudi;..
Barcelona;08006;08012;Estudi;471
Barcelona;08006;08013;Estudi;..
Barcelona;08006;08014;Estudi;..
Barcelona;08006;08015;Estudi;..
Barcelona;08006;08016;Estudi;..
Barcelona;08006;08017;Estudi;397
Barcelona;08006;08018;Estudi;..
Barcelona;08006;08019;Estudi;..
Barcelona;08006;08020;Estudi;..
Barcelona;08006;08021;Estudi;670
Barcelona;08006;08022;Estudi;341
Barcelona;08006;08023;Estudi;486
Barcelona;08006;08024;Estudi;352
Barcelona;08006;08025;Estudi;283
Barcelona;08006;08026;Estudi;..
Barcelona;08006;08027;Estudi;..
Barcelona;08006;08028;Estudi;..
Barcelona;08006;08029;Estudi;152
Barcelona;08006;08030;Estudi;..
Barcelona;08006;08031;Estudi;..
Barcelona;08006;08032;Estudi;146
Barcelona;08006;08033;Estudi;..
Barcelona;08006;08034;Estudi;194
Barcelona;08006;08035;Estudi;159
Barcelona;08006;08036;Estudi;153
Barcelona;08006;08037;Estudi;..
Barcelona;08006;08038;Estudi;..
Barcelona;08006;08041;Estudi;..
Barcelona;08006;08042;Estudi;..
Barcelona;08006;Barcelona;Estudi;7813
Barcelona;08006;Hospitalet de Llobregat, l';Estudi;177
Barcelona;08006;Altres municipis;Estudi;1284
Barcelona;08006;Total;Estudi;9274
Barcelona;08007;08001;Estudi;..
Barcelona;08007;08002;Estudi;..
Barcelona;08007;08003;Estudi;..
Barcelona;08007;08004;Estudi;..
Barcelona;08007;08005;Estudi;..
Barcelona;08007;08006;Estudi;..
Barcelona;08007;08007;Estudi;326
Barcelona;08007;08008;Estudi;..
Barcelona;08007;08009;Estudi;..
Barcelona;08007;08010;Estudi;..
Barcelona;08007;08011;Estudi;..
Barcelona;08007;08012;Estudi;..
Barcelona;08007;08013;Estudi;129
Barcelona;08007;08014;Estudi;..
Barcelona;08007;08015;Estudi;187
Barcelona;08007;08016;Estudi;..
Barcelona;08007;08017;Estudi;..
Barcelona;08007;08018;Estudi;177
Barcelona;08007;08020;Estudi;..
Barcelona;08007;08021;Estudi;..
Barcelona;08007;08022;Estudi;..
Barcelona;08007;08023;Estudi;..
Barcelona;08007;08024;Estudi;..
Barcelona;08007;08025;Estudi;..
Barcelona;08007;08026;Estudi;..
Barcelona;08007;08027;Estudi;..
Barcelona;08007;08028;Estudi;..
Barcelona;08007;08029;Estudi;99
Barcelona;08007;08030;Estudi;..
Barcelona;08007;08031;Estudi;..
Barcelona;08007;08032;Estudi;..
Barcelona;08007;08033;Estudi;..
Barcelona;08007;08034;Estudi;..
Barcelona;08007;08035;Estudi;..
Barcelona;08007;08036;Estudi;..
Barcelona;08007;08037;Estudi;..
Barcelona;08007;08038;Estudi;..
Barcelona;08007;08041;Estudi;..
Barcelona;08007;08042;Estudi;..
Barcelona;08007;Barcelona;Estudi;3152
Barcelona;08007;Badalona;Estudi;211
Barcelona;08007;Sant Cugat del Vallès;Estudi;196
Barcelona;08007;Altres municipis;Estudi;2449
Barcelona;08007;Total;Estudi;6007
Barcelona;08008;08001;Estudi;..
Barcelona;08008;08003;Estudi;..
Barcelona;08008;08004;Estudi;..
Barcelona;08008;08006;Estudi;..
Barcelona;08008;08007;Estudi;..
Barcelona;08008;08008;Estudi;312
Barcelona;08008;08011;Estudi;..
Barcelona;08008;08012;Estudi;..
Barcelona;08008;08013;Estudi;..
Barcelona;08008;08014;Estudi;..
Barcelona;08008;08015;Estudi;..
Barcelona;08008;08016;Estudi;..
Barcelona;08008;08017;Estudi;..
Barcelona;08008;08018;Estudi;..
Barcelona;08008;08020;Estudi;..
Barcelona;08008;08021;Estudi;..
Barcelona;08008;08022;Estudi;..
Barcelona;08008;08023;Estudi;..
Barcelona;08008;08024;Estudi;..
Barcelona;08008;08025;Estudi;..
Barcelona;08008;08026;Estudi;..
Barcelona;08008;08027;Estudi;..
Barcelona;08008;08028;Estudi;..
Barcelona;08008;08029;Estudi;..
Barcelona;08008;08030;Estudi;..
Barcelona;08008;08033;Estudi;..
Barcelona;08008;08034;Estudi;..
Barcelona;08008;08036;Estudi;..
Barcelona;08008;08037;Estudi;..
Barcelona;08008;08038;Estudi;..
Barcelona;08008;08041;Estudi;..
Barcelona;08008;08042;Estudi;..
Barcelona;08008;Barcelona;Estudi;1857
Barcelona;08008;Altres municipis;Estudi;1360
Barcelona;08008;Total;Estudi;3217
Barcelona;08009;08001;Estudi;..
Barcelona;08009;08003;Estudi;..
Barcelona;08009;08004;Estudi;..
Barcelona;08009;08005;Estudi;136
Barcelona;08009;08006;Estudi;..
Barcelona;08009;08007;Estudi;..
Barcelona;08009;08008;Estudi;..
Barcelona;08009;08009;Estudi;832
Barcelona;08009;08010;Estudi;131
Barcelona;08009;08011;Estudi;153
Barcelona;08009;08012;Estudi;..
Barcelona;08009;08013;Estudi;730
Barcelona;08009;08014;Estudi;117
Barcelona;08009;08015;Estudi;327
Barcelona;08009;08016;Estudi;..
Barcelona;08009;08017;Estudi;..
Barcelona;08009;08018;Estudi;214
Barcelona;08009;08019;Estudi;..
Barcelona;08009;08020;Estudi;..
Barcelona;08009;08021;Estudi;..
Barcelona;08009;08022;Estudi;..
Barcelona;08009;08023;Estudi;181
Barcelona;08009;08024;Estudi;..
Barcelona;08009;08025;Estudi;342
Barcelona;08009;08026;Estudi;124
Barcelona;08009;08027;Estudi;..
Barcelona;08009;08028;Estudi;..
Barcelona;08009;08029;Estudi;..
Barcelona;08009;08030;Estudi;..
Barcelona;08009;08031;Estudi;..
Barcelona;08009;08032;Estudi;..
Barcelona;08009;08033;Estudi;..
Barcelona;08009;08034;Estudi;..
Barcelona;08009;08035;Estudi;..
Barcelona;08009;08036;Estudi;149
Barcelona;08009;08037;Estudi;156
Barcelona;08009;08038;Estudi;..
Barcelona;08009;08041;Estudi;..
Barcelona;08009;08042;Estudi;..
Barcelona;08009;Barcelona;Estudi;5115
Barcelona;08009;Hospitalet de Llobregat, l';Estudi;191
Barcelona;08009;Altres municipis;Estudi;1271
Barcelona;08009;Total;Estudi;6578
Barcelona;08010;08001;Estudi;..
Barcelona;08010;08002;Estudi;..
Barcelona;08010;08003;Estudi;158
Barcelona;08010;08004;Estudi;..
Barcelona;08010;08005;Estudi;154
Barcelona;08010;08006;Estudi;..
Barcelona;08010;08008;Estudi;..
Barcelona;08010;08009;Estudi;..
Barcelona;08010;08010;Estudi;694
Barcelona;08010;08011;Estudi;..
Barcelona;08010;08012;Estudi;..
Barcelona;08010;08013;Estudi;508
Barcelona;08010;08014;Estudi;..
Barcelona;08010;08015;Estudi;343
Barcelona;08010;08016;Estudi;..
Barcelona;08010;08017;Estudi;..
Barcelona;08010;08018;Estudi;131
Barcelona;08010;08019;Estudi;..
Barcelona;08010;08020;Estudi;..
Barcelona;08010;08021;Estudi;..
Barcelona;08010;08022;Estudi;..
Barcelona;08010;08023;Estudi;..
Barcelona;08010;08024;Estudi;..
Barcelona;08010;08025;Estudi;213
Barcelona;08010;08026;Estudi;..
Barcelona;08010;08027;Estudi;..
Barcelona;08010;08028;Estudi;..
Barcelona;08010;08029;Estudi;..
Barcelona;08010;08030;Estudi;..
Barcelona;08010;08031;Estudi;..
Barcelona;08010;08032;Estudi;..
Barcelona;08010;08033;Estudi;..
Barcelona;08010;08034;Estudi;..
Barcelona;08010;08035;Estudi;..
Barcelona;08010;08036;Estudi;..
Barcelona;08010;08037;Estudi;..
Barcelona;08010;08038;Estudi;..
Barcelona;08010;08041;Estudi;..
Barcelona;08010;08042;Estudi;..
Barcelona;08010;Barcelona;Estudi;3909
Barcelona;08010;Hospitalet de Llobregat, l';Estudi;181
Barcelona;08010;Altres municipis;Estudi;2003
Barcelona;08010;Total;Estudi;6093
Barcelona;08011;08001;Estudi;..
Barcelona;08011;08002;Estudi;..
Barcelona;08011;08004;Estudi;..
Barcelona;08011;08005;Estudi;..
Barcelona;08011;08006;Estudi;..
Barcelona;08011;08008;Estudi;..
Barcelona;08011;08009;Estudi;..
Barcelona;08011;08010;Estudi;..
Barcelona;08011;08011;Estudi;1023
Barcelona;08011;08013;Estudi;160
Barcelona;08011;08014;Estudi;..
Barcelona;08011;08015;Estudi;425
Barcelona;08011;08016;Estudi;..
Barcelona;08011;08017;Estudi;..
Barcelona;08011;08018;Estudi;..
Barcelona;08011;08019;Estudi;..
Barcelona;08011;08020;Estudi;..
Barcelona;08011;08021;Estudi;..
Barcelona;08011;08022;Estudi;..
Barcelona;08011;08025;Estudi;..
Barcelona;08011;08026;Estudi;..
Barcelona;08011;08027;Estudi;..
Barcelona;08011;08028;Estudi;..
Barcelona;08011;08029;Estudi;..
Barcelona;08011;08030;Estudi;..
Barcelona;08011;08031;Estudi;..
Barcelona;08011;08032;Estudi;..
Barcelona;08011;08034;Estudi;..
Barcelona;08011;08036;Estudi;..
Barcelona;08011;08038;Estudi;..
Barcelona;08011;08041;Estudi;..
Barcelona;08011;Barcelona;Estudi;3060
Barcelona;08011;Altres municipis;Estudi;1096
Barcelona;08011;Total;Estudi;4156
Barcelona;08012;08003;Estudi;..
Barcelona;08012;08004;Estudi;..
Barcelona;08012;08005;Estudi;..
Barcelona;08012;08006;Estudi;..
Barcelona;08012;08009;Estudi;..
Barcelona;08012;08012;Estudi;1955
Barcelona;08012;08015;Estudi;..
Barcelona;08012;08016;Estudi;..
Barcelona;08012;08017;Estudi;..
Barcelona;08012;08018;Estudi;..
Barcelona;08012;08019;Estudi;..
Barcelona;08012;08020;Estudi;..
Barcelona;08012;08021;Estudi;..
Barcelona;08012;08022;Estudi;..
Barcelona;08012;08023;Estudi;311
Barcelona;08012;08024;Estudi;652
Barcelona;08012;08025;Estudi;211
Barcelona;08012;08026;Estudi;..
Barcelona;08012;08027;Estudi;..
Barcelona;08012;08028;Estudi;..
Barcelona;08012;08029;Estudi;..
Barcelona;08012;08030;Estudi;..
Barcelona;08012;08031;Estudi;..
Barcelona;08012;08032;Estudi;..
Barcelona;08012;08033;Estudi;..
Barcelona;08012;08034;Estudi;..
Barcelona;08012;08035;Estudi;..
Barcelona;08012;08036;Estudi;..
Barcelona;08012;08037;Estudi;181
Barcelona;08012;08038;Estudi;..
Barcelona;08012;08041;Estudi;..
Barcelona;08012;08042;Estudi;..
Barcelona;08012;Barcelona;Estudi;4099
Barcelona;08012;Altres municipis;Estudi;495
Barcelona;08012;Total;Estudi;4593
Barcelona;08013;08003;Estudi;..
Barcelona;08013;08004;Estudi;..
Barcelona;08013;08005;Estudi;..
Barcelona;08013;08007;Estudi;..
Barcelona;08013;08008;Estudi;..
Barcelona;08013;08009;Estudi;163
Barcelona;08013;08010;Estudi;124
Barcelona;08013;08011;Estudi;194
Barcelona;08013;08013;Estudi;4152
Barcelona;08013;08014;Estudi;..
Barcelona;08013;08015;Estudi;379
Barcelona;08013;08016;Estudi;..
Barcelona;08013;08017;Estudi;..
Barcelona;08013;08018;Estudi;205
Barcelona;08013;08019;Estudi;..
Barcelona;08013;08020;Estudi;..
Barcelona;08013;08021;Estudi;..
Barcelona;08013;08024;Estudi;..
Barcelona;08013;08025;Estudi;711
Barcelona;08013;08026;Estudi;176
Barcelona;08013;08027;Estudi;..
Barcelona;08013;08028;Estudi;..
Barcelona;08013;08029;Estudi;199
Barcelona;08013;08030;Estudi;..
Barcelona;08013;08031;Estudi;..
Barcelona;08013;08032;Estudi;..
Barcelona;08013;08033;Estudi;..
Barcelona;08013;08036;Estudi;..
Barcelona;08013;08037;Estudi;..
Barcelona;08013;08041;Estudi;..
Barcelona;08013;08042;Estudi;..
Barcelona;08013;Barcelona;Estudi;7227
Barcelona;08013;Altres municipis;Estudi;1339
Barcelona;08013;Total;Estudi;8566
Barcelona;08014;08001;Estudi;..
Barcelona;08014;08002;Estudi;..
Barcelona;08014;08003;Estudi;..
Barcelona;08014;08004;Estudi;974
Barcelona;08014;08005;Estudi;..
Barcelona;08014;08006;Estudi;..
Barcelona;08014;08008;Estudi;..
Barcelona;08014;08009;Estudi;..
Barcelona;08014;08010;Estudi;..
Barcelona;08014;08011;Estudi;..
Barcelona;08014;08012;Estudi;..
Barcelona;08014;08013;Estudi;..
Barcelona;08014;08014;Estudi;5312
Barcelona;08014;08015;Estudi;189
Barcelona;08014;08018;Estudi;..
Barcelona;08014;08019;Estudi;..
Barcelona;08014;08020;Estudi;..
Barcelona;08014;08021;Estudi;..
Barcelona;08014;08022;Estudi;..
Barcelona;08014;08023;Estudi;..
Barcelona;08014;08024;Estudi;..
Barcelona;08014;08025;Estudi;..
Barcelona;08014;08026;Estudi;..
Barcelona;08014;08027;Estudi;..
Barcelona;08014;08028;Estudi;1498
Barcelona;08014;08029;Estudi;359
Barcelona;08014;08030;Estudi;..
Barcelona;08014;08031;Estudi;..
Barcelona;08014;08032;Estudi;..
Barcelona;08014;08033;Estudi;..
Barcelona;08014;08034;Estudi;190
Barcelona;08014;08035;Estudi;..
Barcelona;08014;08036;Estudi;..
Barcelona;08014;08037;Estudi;..
Barcelona;08014;08038;Estudi;1205
Barcelona;08014;08041;Estudi;..
Barcelona;08014;08042;Estudi;..
Barcelona;08014;Barcelona;Estudi;10666
Barcelona;08014;Hospitalet de Llobregat, l';Estudi;899
Barcelona;08014;Altres municipis;Estudi;1442
Barcelona;08014;Total;Estudi;13006
Barcelona;08015;08001;Estudi;..
Barcelona;08015;08002;Estudi;..
Barcelona;08015;08003;Estudi;..
Barcelona;08015;08004;Estudi;367
Barcelona;08015;08005;Estudi;..
Barcelona;08015;08006;Estudi;..
Barcelona;08015;08007;Estudi;..
Barcelona;08015;08008;Estudi;..
Barcelona;08015;08009;Estudi;..
Barcelona;08015;08010;Estudi;..
Barcelona;08015;08011;Estudi;456
Barcelona;08015;08012;Estudi;..
Barcelona;08015;08013;Estudi;612
Barcelona;08015;08014;Estudi;390
Barcelona;08015;08015;Estudi;4391
Barcelona;08015;08016;Estudi;..
Barcelona;08015;08017;Estudi;..
Barcelona;08015;08018;Estudi;..
Barcelona;08015;08019;Estudi;..
Barcelona;08015;08020;Estudi;..
Barcelona;08015;08021;Estudi;..
Barcelona;08015;08023;Estudi;..
Barcelona;08015;08024;Estudi;..
Barcelona;08015;08025;Estudi;277
Barcelona;08015;08026;Estudi;..
Barcelona;08015;08027;Estudi;..
Barcelona;08015;08028;Estudi;..
Barcelona;08015;08029;Estudi;386
Barcelona;08015;08030;Estudi;..
Barcelona;08015;08031;Estudi;..
Barcelona;08015;08032;Estudi;..
Barcelona;08015;08035;Estudi;..
Barcelona;08015;08036;Estudi;212
Barcelona;08015;08037;Estudi;..
Barcelona;08015;08038;Estudi;..
Barcelona;08015;08041;Estudi;..
Barcelona;08015;08042;Estudi;..
Barcelona;08015;Barcelona;Estudi;8625
Barcelona;08015;Altres municipis;Estudi;1459
Barcelona;08015;Total;Estudi;10084
Barcelona;08016;08001;Estudi;..
Barcelona;08016;08002;Estudi;..
Barcelona;08016;08003;Estudi;..
Barcelona;08016;08004;Estudi;..
Barcelona;08016;08005;Estudi;..
Barcelona;08016;08010;Estudi;..
Barcelona;08016;08013;Estudi;..
Barcelona;08016;08014;Estudi;..
Barcelona;08016;08016;Estudi;5247
Barcelona;08016;08018;Estudi;..
Barcelona;08016;08019;Estudi;..
Barcelona;08016;08020;Estudi;..
Barcelona;08016;08023;Estudi;..
Barcelona;08016;08024;Estudi;..
Barcelona;08016;08025;Estudi;..
Barcelona;08016;08026;Estudi;..
Barcelona;08016;08027;Estudi;109
Barcelona;08016;08028;Estudi;..
Barcelona;08016;08029;Estudi;..
Barcelona;08016;08030;Estudi;170
Barcelona;08016;08031;Estudi;704
Barcelona;08016;08032;Estudi;..
Barcelona;08016;08033;Estudi;607
Barcelona;08016;08035;Estudi;..
Barcelona;08016;08038;Estudi;..
Barcelona;08016;08041;Estudi;..
Barcelona;08016;08042;Estudi;1124
Barcelona;08016;Barcelona;Estudi;8654
Barcelona;08016;Altres municipis;Estudi;453
Barcelona;08016;Total;Estudi;9107
Barcelona;08017;08004;Estudi;..
Barcelona;08017;08005;Estudi;..
Barcelona;08017;08006;Estudi;926
Barcelona;08017;08007;Estudi;..
Barcelona;08017;08008;Estudi;..
Barcelona;08017;08009;Estudi;..
Barcelona;08017;08010;Estudi;..
Barcelona;08017;08011;Estudi;107
Barcelona;08017;08012;Estudi;245
Barcelona;08017;08013;Estudi;142
Barcelona;08017;08014;Estudi;331
Barcelona;08017;08015;Estudi;175
Barcelona;08017;08016;Estudi;..
Barcelona;08017;08017;Estudi;3127
Barcelona;08017;08018;Estudi;..
Barcelona;08017;08019;Estudi;..
Barcelona;08017;08020;Estudi;..
Barcelona;08017;08021;Estudi;1067
Barcelona;08017;08022;Estudi;860
Barcelona;08017;08023;Estudi;613
Barcelona;08017;08024;Estudi;290
Barcelona;08017;08025;Estudi;204
Barcelona;08017;08026;Estudi;..
Barcelona;08017;08027;Estudi;126
Barcelona;08017;08028;Estudi;533
Barcelona;08017;08029;Estudi;517
Barcelona;08017;08030;Estudi;..
Barcelona;08017;08031;Estudi;..
Barcelona;08017;08032;Estudi;..
Barcelona;08017;08033;Estudi;..
Barcelona;08017;08034;Estudi;656
Barcelona;08017;08035;Estudi;..
Barcelona;08017;08036;Estudi;138
Barcelona;08017;08037;Estudi;..
Barcelona;08017;08038;Estudi;110
Barcelona;08017;08041;Estudi;..
Barcelona;08017;08042;Estudi;..
Barcelona;08017;Barcelona;Estudi;11132
Barcelona;08017;Sant Cugat del Vallès;Estudi;1051
Barcelona;08017;Hospitalet de Llobregat, l';Estudi;358
Barcelona;08017;Prat de Llobregat, el;Estudi;299
Barcelona;08017;Sabadell;Estudi;168
Barcelona;08017;Sant Feliu de Llobregat;Estudi;168
Barcelona;08017;Cerdanyola del Vallès;Estudi;165
Barcelona;08017;Altres municipis;Estudi;2625
Barcelona;08017;Total;Estudi;15966
Barcelona;08018;08001;Estudi;..
Barcelona;08018;08002;Estudi;..
Barcelona;08018;08003;Estudi;..
Barcelona;08018;08004;Estudi;..
Barcelona;08018;08005;Estudi;422
Barcelona;08018;08006;Estudi;..
Barcelona;08018;08009;Estudi;..
Barcelona;08018;08010;Estudi;..
Barcelona;08018;08011;Estudi;..
Barcelona;08018;08012;Estudi;..
Barcelona;08018;08013;Estudi;193
Barcelona;08018;08014;Estudi;..
Barcelona;08018;08015;Estudi;..
Barcelona;08018;08016;Estudi;..
Barcelona;08018;08017;Estudi;..
Barcelona;08018;08018;Estudi;3400
Barcelona;08018;08019;Estudi;302
Barcelona;08018;08020;Estudi;692
Barcelona;08018;08021;Estudi;..
Barcelona;08018;08022;Estudi;..
Barcelona;08018;08023;Estudi;..
Barcelona;08018;08024;Estudi;..
Barcelona;08018;08025;Estudi;..
Barcelona;08018;08026;Estudi;550
Barcelona;08018;08027;Estudi;157
Barcelona;08018;08028;Estudi;..
Barcelona;08018;08029;Estudi;..
Barcelona;08018;08030;Estudi;..
Barcelona;08018;08031;Estudi;..
Barcelona;08018;08033;Estudi;..
Barcelona;08018;08034;Estudi;..
Barcelona;08018;08035;Estudi;..
Barcelona;08018;08036;Estudi;..
Barcelona;08018;08037;Estudi;..
Barcelona;08018;08038;Estudi;..
Barcelona;08018;08041;Estudi;..
Barcelona;08018;08042;Estudi;..
Barcelona;08018;Barcelona;Estudi;6914
Barcelona;08018;Terrassa;Estudi;187
Barcelona;08018;Altres municipis;Estudi;1564
Barcelona;08018;Total;Estudi;8666
Barcelona;08019;08001;Estudi;..
Barcelona;08019;08003;Estudi;..
Barcelona;08019;08004;Estudi;..
Barcelona;08019;08005;Estudi;728
Barcelona;08019;08011;Estudi;..
Barcelona;08019;08012;Estudi;..
Barcelona;08019;08013;Estudi;..
Barcelona;08019;08014;Estudi;..
Barcelona;08019;08015;Estudi;..
Barcelona;08019;08016;Estudi;..
Barcelona;08019;08018;Estudi;230
Barcelona;08019;08019;Estudi;2932
Barcelona;08019;08020;Estudi;659
Barcelona;08019;08023;Estudi;..
Barcelona;08019;08024;Estudi;..
Barcelona;08019;08026;Estudi;229
Barcelona;08019;08028;Estudi;..
Barcelona;08019;08029;Estudi;..
Barcelona;08019;08030;Estudi;..
Barcelona;08019;08031;Estudi;..
Barcelona;08019;08034;Estudi;..
Barcelona;08019;08035;Estudi;..
Barcelona;08019;08038;Estudi;..
Barcelona;08019;08041;Estudi;..
Barcelona;08019;08042;Estudi;..
Barcelona;08019;Barcelona;Estudi;5406
Barcelona;08019;Sant Adrià de Besòs;Estudi;263
Barcelona;08019;Altres municipis;Estudi;802
Barcelona;08019;Total;Estudi;6472
Barcelona;08020;08001;Estudi;..
Barcelona;08020;08004;Estudi;..
Barcelona;08020;08005;Estudi;276
Barcelona;08020;08013;Estudi;..
Barcelona;08020;08015;Estudi;..
Barcelona;08020;08018;Estudi;774
Barcelona;08020;08019;Estudi;505
Barcelona;08020;08020;Estudi;5318
Barcelona;08020;08025;Estudi;..
Barcelona;08020;08026;Estudi;542
Barcelona;08020;08027;Estudi;127
Barcelona;08020;08030;Estudi;..
Barcelona;08020;08031;Estudi;..
Barcelona;08020;08032;Estudi;..
Barcelona;08020;08033;Estudi;..
Barcelona;08020;08036;Estudi;..
Barcelona;08020;08041;Estudi;..
Barcelona;08020;08042;Estudi;..
Barcelona;08020;Barcelona;Estudi;8129
Barcelona;08020;Sant Adrià de Besòs;Estudi;270
Barcelona;08020;Altres municipis;Estudi;1247
Barcelona;08020;Total;Estudi;9646
Barcelona;08021;08001;Estudi;..
Barcelona;08021;08002;Estudi;..
Barcelona;08021;08003;Estudi;..
Barcelona;08021;08004;Estudi;..
Barcelona;08021;08006;Estudi;223
Barcelona;08021;08007;Estudi;..
Barcelona;08021;08008;Estudi;..
Barcelona;08021;08011;Estudi;..
Barcelona;08021;08012;Estudi;..
Barcelona;08021;08013;Estudi;..
Barcelona;08021;08014;Estudi;..
Barcelona;08021;08015;Estudi;..
Barcelona;08021;08017;Estudi;154
Barcelona;08021;08018;Estudi;..
Barcelona;08021;08020;Estudi;..
Barcelona;08021;08021;Estudi;1593
Barcelona;08021;08022;Estudi;199
Barcelona;08021;08023;Estudi;218
Barcelona;08021;08024;Estudi;..
Barcelona;08021;08025;Estudi;..
Barcelona;08021;08026;Estudi;..
Barcelona;08021;08027;Estudi;..
Barcelona;08021;08028;Estudi;..
Barcelona;08021;08029;Estudi;..
Barcelona;08021;08030;Estudi;..
Barcelona;08021;08031;Estudi;..
Barcelona;08021;08032;Estudi;..
Barcelona;08021;08033;Estudi;..
Barcelona;08021;08034;Estudi;176
Barcelona;08021;08035;Estudi;..
Barcelona;08021;08036;Estudi;..
Barcelona;08021;08037;Estudi;..
Barcelona;08021;08038;Estudi;..
Barcelona;08021;08041;Estudi;..
Barcelona;08021;Barcelona;Estudi;3758
Barcelona;08021;Sant Cugat del Vallès;Estudi;257
Barcelona;08021;Altres municipis;Estudi;1635
Barcelona;08021;Total;Estudi;5650
Barcelona;08022;08001;Estudi;..
Barcelona;08022;08002;Estudi;..
Barcelona;08022;08003;Estudi;..
Barcelona;08022;08004;Estudi;..
Barcelona;08022;08005;Estudi;..
Barcelona;08022;08006;Estudi;832
Barcelona;08022;08008;Estudi;..
Barcelona;08022;08009;Estudi;..
Barcelona;08022;08011;Estudi;..
Barcelona;08022;08012;Estudi;218
Barcelona;08022;08013;Estudi;146
Barcelona;08022;08014;Estudi;176
Barcelona;08022;08015;Estudi;..
Barcelona;08022;08016;Estudi;..
Barcelona;08022;08017;Estudi;811
Barcelona;08022;08018;Estudi;..
Barcelona;08022;08019;Estudi;..
Barcelona;08022;08020;Estudi;..
Barcelona;08022;08021;Estudi;581
Barcelona;08022;08022;Estudi;3254
Barcelona;08022;08023;Estudi;851
Barcelona;08022;08024;Estudi;348
Barcelona;08022;08025;Estudi;..
Barcelona;08022;08026;Estudi;..
Barcelona;08022;08027;Estudi;119
Barcelona;08022;08028;Estudi;160
Barcelona;08022;08029;Estudi;238
Barcelona;08022;08030;Estudi;..
Barcelona;08022;08031;Estudi;..
Barcelona;08022;08032;Estudi;220
Barcelona;08022;08033;Estudi;..
Barcelona;08022;08034;Estudi;527
Barcelona;08022;08035;Estudi;206
Barcelona;08022;08036;Estudi;183
Barcelona;08022;08037;Estudi;..
Barcelona;08022;08038;Estudi;..
Barcelona;08022;08041;Estudi;..
Barcelona;08022;Barcelona;Estudi;9930
Barcelona;08022;Sant Cugat del Vallès;Estudi;686
Barcelona;08022;Vilanova i la Geltrú;Estudi;137
Barcelona;08022;Castelldefels;Estudi;131
Barcelona;08022;Altres municipis;Estudi;2540
Barcelona;08022;Total;Estudi;13423
Barcelona;08023;08001;Estudi;..
Barcelona;08023;08003;Estudi;..
Barcelona;08023;08004;Estudi;..
Barcelona;08023;08006;Estudi;..
Barcelona;08023;08009;Estudi;..
Barcelona;08023;08012;Estudi;182
Barcelona;08023;08013;Estudi;..
Barcelona;08023;08014;Estudi;..
Barcelona;08023;08015;Estudi;..
Barcelona;08023;08016;Estudi;..
Barcelona;08023;08017;Estudi;..
Barcelona;08023;08018;Estudi;..
Barcelona;08023;08019;Estudi;..
Barcelona;08023;08021;Estudi;..
Barcelona;08023;08022;Estudi;..
Barcelona;08023;08023;Estudi;1943
Barcelona;08023;08024;Estudi;277
Barcelona;08023;08025;Estudi;139
Barcelona;08023;08026;Estudi;..
Barcelona;08023;08027;Estudi;..
Barcelona;08023;08028;Estudi;..
Barcelona;08023;08029;Estudi;..
Barcelona;08023;08030;Estudi;..
Barcelona;08023;08031;Estudi;..
Barcelona;08023;08032;Estudi;184
Barcelona;08023;08034;Estudi;..
Barcelona;08023;08035;Estudi;288
Barcelona;08023;08036;Estudi;..
Barcelona;08023;08037;Estudi;..
Barcelona;08023;08041;Estudi;..
Barcelona;08023;08042;Estudi;..
Barcelona;08023;Barcelona;Estudi;4287
Barcelona;08023;Sant Cugat del Vallès;Estudi;156
Barcelona;08023;Altres municipis;Estudi;794
Barcelona;08023;Total;Estudi;5237
Barcelona;08024;08004;Estudi;..
Barcelona;08024;08005;Estudi;..
Barcelona;08024;08006;Estudi;..
Barcelona;08024;08007;Estudi;..
Barcelona;08024;08009;Estudi;..
Barcelona;08024;08012;Estudi;367
Barcelona;08024;08013;Estudi;..
Barcelona;08024;08014;Estudi;..
Barcelona;08024;08015;Estudi;..
Barcelona;08024;08016;Estudi;120
Barcelona;08024;08017;Estudi;..
Barcelona;08024;08018;Estudi;..
Barcelona;08024;08019;Estudi;..
Barcelona;08024;08020;Estudi;..
Barcelona;08024;08021;Estudi;..
Barcelona;08024;08022;Estudi;..
Barcelona;08024;08023;Estudi;221
Barcelona;08024;08024;Estudi;4005
Barcelona;08024;08025;Estudi;396
Barcelona;08024;08026;Estudi;..
Barcelona;08024;08027;Estudi;..
Barcelona;08024;08028;Estudi;..
Barcelona;08024;08029;Estudi;..
Barcelona;08024;08030;Estudi;..
Barcelona;08024;08031;Estudi;131
Barcelona;08024;08032;Estudi;400
Barcelona;08024;08033;Estudi;..
Barcelona;08024;08034;Estudi;..
Barcelona;08024;08035;Estudi;227
Barcelona;08024;08036;Estudi;..
Barcelona;08024;08037;Estudi;111
Barcelona;08024;08041;Estudi;238
Barcelona;08024;08042;Estudi;..
Barcelona;08024;Barcelona;Estudi;6782
Barcelona;08024;Altres municipis;Estudi;606
Barcelona;08024;Total;Estudi;7388
Barcelona;08025;08003;Estudi;..
Barcelona;08025;08004;Estudi;..
Barcelona;08025;08005;Estudi;..
Barcelona;08025;08006;Estudi;..
Barcelona;08025;08007;Estudi;..
Barcelona;08025;08008;Estudi;..
Barcelona;08025;08009;Estudi;..
Barcelona;08025;08010;Estudi;..
Barcelona;08025;08011;Estudi;..
Barcelona;08025;08012;Estudi;247
Barcelona;08025;08013;Estudi;759
Barcelona;08025;08014;Estudi;..
Barcelona;08025;08015;Estudi;364
Barcelona;08025;08016;Estudi;..
Barcelona;08025;08018;Estudi;148
Barcelona;08025;08019;Estudi;..
Barcelona;08025;08020;Estudi;135
Barcelona;08025;08021;Estudi;..
Barcelona;08025;08022;Estudi;..
Barcelona;08025;08023;Estudi;223
Barcelona;08025;08024;Estudi;834
Barcelona;08025;08025;Estudi;5213
Barcelona;08025;08026;Estudi;362
Barcelona;08025;08027;Estudi;..
Barcelona;08025;08028;Estudi;..
Barcelona;08025;08029;Estudi;266
Barcelona;08025;08030;Estudi;..
Barcelona;08025;08031;Estudi;..
Barcelona;08025;08032;Estudi;323
Barcelona;08025;08033;Estudi;..
Barcelona;08025;08034;Estudi;..
Barcelona;08025;08035;Estudi;..
Barcelona;08025;08036;Estudi;..
Barcelona;08025;08037;Estudi;190
Barcelona;08025;08038;Estudi;..
Barcelona;08025;08041;Estudi;555
Barcelona;08025;08042;Estudi;..
Barcelona;08025;Barcelona;Estudi;10747
Barcelona;08025;Altres municipis;Estudi;1413
Barcelona;08025;Total;Estudi;12160
Barcelona;08026;08004;Estudi;..
Barcelona;08026;08005;Estudi;194
Barcelona;08026;08006;Estudi;..
Barcelona;08026;08008;Estudi;..
Barcelona;08026;08011;Estudi;..
Barcelona;08026;08012;Estudi;..
Barcelona;08026;08013;Estudi;111
Barcelona;08026;08015;Estudi;..
Barcelona;08026;08016;Estudi;..
Barcelona;08026;08017;Estudi;..
Barcelona;08026;08018;Estudi;419
Barcelona;08026;08019;Estudi;..
Barcelona;08026;08020;Estudi;298
Barcelona;08026;08021;Estudi;..
Barcelona;08026;08024;Estudi;..
Barcelona;08026;08025;Estudi;..
Barcelona;08026;08026;Estudi;2731
Barcelona;08026;08027;Estudi;226
Barcelona;08026;08029;Estudi;..
Barcelona;08026;08030;Estudi;..
Barcelona;08026;08033;Estudi;..
Barcelona;08026;08037;Estudi;..
Barcelona;08026;08041;Estudi;..
Barcelona;08026;Barcelona;Estudi;4650
Barcelona;08026;Altres municipis;Estudi;633
Barcelona;08026;Total;Estudi;5282
Barcelona;08027;08003;Estudi;..
Barcelona;08027;08005;Estudi;187
Barcelona;08027;08013;Estudi;..
Barcelona;08027;08014;Estudi;..
Barcelona;08027;08016;Estudi;238
Barcelona;08027;08018;Estudi;164
Barcelona;08027;08019;Estudi;..
Barcelona;08027;08020;Estudi;301
Barcelona;08027;08021;Estudi;..
Barcelona;08027;08024;Estudi;..
Barcelona;08027;08025;Estudi;..
Barcelona;08027;08026;Estudi;234
Barcelona;08027;08027;Estudi;5705
Barcelona;08027;08028;Estudi;..
Barcelona;08027;08029;Estudi;..
Barcelona;08027;08030;Estudi;1197
Barcelona;08027;08031;Estudi;194
Barcelona;08027;08032;Estudi;..
Barcelona;08027;08033;Estudi;157
Barcelona;08027;08034;Estudi;..
Barcelona;08027;08035;Estudi;..
Barcelona;08027;08038;Estudi;..
Barcelona;08027;08041;Estudi;248
Barcelona;08027;08042;Estudi;153
Barcelona;08027;Barcelona;Estudi;9267
Barcelona;08027;Altres municipis;Estudi;880
Barcelona;08027;Total;Estudi;10146
Barcelona;08028;08001;Estudi;..
Barcelona;08028;08002;Estudi;..
Barcelona;08028;08003;Estudi;..
Barcelona;08028;08004;Estudi;362
Barcelona;08028;08005;Estudi;..
Barcelona;08028;08006;Estudi;..
Barcelona;08028;08008;Estudi;..
Barcelona;08028;08009;Estudi;..
Barcelona;08028;08010;Estudi;..
Barcelona;08028;08011;Estudi;..
Barcelona;08028;08012;Estudi;..
Barcelona;08028;08013;Estudi;193
Barcelona;08028;08014;Estudi;1155
Barcelona;08028;08015;Estudi;399
Barcelona;08028;08016;Estudi;147
Barcelona;08028;08017;Estudi;147
Barcelona;08028;08018;Estudi;..
Barcelona;08028;08019;Estudi;..
Barcelona;08028;08020;Estudi;138
Barcelona;08028;08021;Estudi;134
Barcelona;08028;08022;Estudi;134
Barcelona;08028;08023;Estudi;101
Barcelona;08028;08024;Estudi;..
Barcelona;08028;08025;Estudi;200
Barcelona;08028;08026;Estudi;..
Barcelona;08028;08027;Estudi;193
Barcelona;08028;08028;Estudi;6245
Barcelona;08028;08029;Estudi;464
Barcelona;08028;08030;Estudi;133
Barcelona;08028;08031;Estudi;127
Barcelona;08028;08032;Estudi;134
Barcelona;08028;08033;Estudi;..
Barcelona;08028;08034;Estudi;255
Barcelona;08028;08035;Estudi;..
Barcelona;08028;08036;Estudi;153
Barcelona;08028;08037;Estudi;..
Barcelona;08028;08038;Estudi;538
Barcelona;08028;08040;Estudi;..
Barcelona;08028;08041;Estudi;..
Barcelona;08028;08042;Estudi;..
Barcelona;08028;Barcelona;Estudi;12603
Barcelona;08028;Hospitalet de Llobregat, l';Estudi;1676
Barcelona;08028;Badalona;Estudi;349
Barcelona;08028;Lleida;Estudi;346
Barcelona;08028;Castelldefels;Estudi;265
Barcelona;08028;Viladecans;Estudi;197
Barcelona;08028;Sant Cugat del Vallès;Estudi;148
Barcelona;08028;Sant Feliu de Llobregat;Estudi;138
Barcelona;08028;Prat de Llobregat, el;Estudi;124
Barcelona;08028;Altres municipis;Estudi;5029
Barcelona;08028;Total;Estudi;20877
Barcelona;08029;08001;Estudi;..
Barcelona;08029;08004;Estudi;..
Barcelona;08029;08005;Estudi;..
Barcelona;08029;08006;Estudi;..
Barcelona;08029;08007;Estudi;..
Barcelona;08029;08009;Estudi;..
Barcelona;08029;08011;Estudi;258
Barcelona;08029;08012;Estudi;..
Barcelona;08029;08013;Estudi;253
Barcelona;08029;08014;Estudi;274
Barcelona;08029;08015;Estudi;551
Barcelona;08029;08017;Estudi;..
Barcelona;08029;08018;Estudi;..
Barcelona;08029;08019;Estudi;..
Barcelona;08029;08021;Estudi;..
Barcelona;08029;08022;Estudi;..
Barcelona;08029;08023;Estudi;..
Barcelona;08029;08024;Estudi;..
Barcelona;08029;08025;Estudi;148
Barcelona;08029;08026;Estudi;..
Barcelona;08029;08027;Estudi;..
Barcelona;08029;08028;Estudi;724
Barcelona;08029;08029;Estudi;3918
Barcelona;08029;08030;Estudi;..
Barcelona;08029;08031;Estudi;..
Barcelona;08029;08032;Estudi;..
Barcelona;08029;08034;Estudi;246
Barcelona;08029;08035;Estudi;..
Barcelona;08029;08036;Estudi;234
Barcelona;08029;08037;Estudi;..
Barcelona;08029;08038;Estudi;..
Barcelona;08029;08042;Estudi;..
Barcelona;08029;Barcelona;Estudi;7469
Barcelona;08029;Hospitalet de Llobregat, l';Estudi;178
Barcelona;08029;Altres municipis;Estudi;1313
Barcelona;08029;Total;Estudi;8959
Barcelona;08030;08003;Estudi;..
Barcelona;08030;08004;Estudi;..
Barcelona;08030;08005;Estudi;..
Barcelona;08030;08012;Estudi;..
Barcelona;08030;08013;Estudi;..
Barcelona;08030;08014;Estudi;..
Barcelona;08030;08016;Estudi;359
Barcelona;08030;08018;Estudi;..
Barcelona;08030;08019;Estudi;..
Barcelona;08030;08020;Estudi;..
Barcelona;08030;08024;Estudi;..
Barcelona;08030;08025;Estudi;..
Barcelona;08030;08026;Estudi;..
Barcelona;08030;08027;Estudi;1779
Barcelona;08030;08028;Estudi;..
Barcelona;08030;08029;Estudi;..
Barcelona;08030;08030;Estudi;8903
Barcelona;08030;08031;Estudi;..
Barcelona;08030;08032;Estudi;..
Barcelona;08030;08033;Estudi;491
Barcelona;08030;08035;Estudi;..
Barcelona;08030;08036;Estudi;..
Barcelona;08030;08037;Estudi;..
Barcelona;08030;08038;Estudi;..
Barcelona;08030;08041;Estudi;..
Barcelona;08030;08042;Estudi;159
Barcelona;08030;Barcelona;Estudi;12681
Barcelona;08030;Santa Coloma de Gramenet;Estudi;345
Barcelona;08030;Altres municipis;Estudi;840
Barcelona;08030;Total;Estudi;13867
Barcelona;08031;08004;Estudi;..
Barcelona;08031;08005;Estudi;..
Barcelona;08031;08009;Estudi;..
Barcelona;08031;08011;Estudi;..
Barcelona;08031;08012;Estudi;..
Barcelona;08031;08013;Estudi;..
Barcelona;08031;08015;Estudi;..
Barcelona;08031;08016;Estudi;788
Barcelona;08031;08018;Estudi;..
Barcelona;08031;08019;Estudi;..
Barcelona;08031;08020;Estudi;..
Barcelona;08031;08021;Estudi;..
Barcelona;08031;08023;Estudi;..
Barcelona;08031;08024;Estudi;114
Barcelona;08031;08025;Estudi;187
Barcelona;08031;08026;Estudi;..
Barcelona;08031;08027;Estudi;..
Barcelona;08031;08028;Estudi;..
Barcelona;08031;08029;Estudi;..
Barcelona;08031;08030;Estudi;140
Barcelona;08031;08031;Estudi;4123
Barcelona;08031;08032;Estudi;446
Barcelona;08031;08033;Estudi;304
Barcelona;08031;08035;Estudi;342
Barcelona;08031;08036;Estudi;..
Barcelona;08031;08037;Estudi;..
Barcelona;08031;08041;Estudi;200
Barcelona;08031;08042;Estudi;941
Barcelona;08031;Barcelona;Estudi;7971
Barcelona;08031;Altres municipis;Estudi;511
Barcelona;08031;Total;Estudi;8483
Barcelona;08032;08001;Estudi;..
Barcelona;08032;08002;Estudi;..
Barcelona;08032;08003;Estudi;..
Barcelona;08032;08004;Estudi;..
Barcelona;08032;08005;Estudi;..
Barcelona;08032;08006;Estudi;..
Barcelona;08032;08011;Estudi;..
Barcelona;08032;08012;Estudi;..
Barcelona;08032;08013;Estudi;..
Barcelona;08032;08015;Estudi;..
Barcelona;08032;08016;Estudi;..
Barcelona;08032;08020;Estudi;..
Barcelona;08032;08023;Estudi;110
Barcelona;08032;08024;Estudi;342
Barcelona;08032;08025;Estudi;405
Barcelona;08032;08026;Estudi;121
Barcelona;08032;08027;Estudi;141
Barcelona;08032;08029;Estudi;..
Barcelona;08032;08030;Estudi;..
Barcelona;08032;08031;Estudi;648
Barcelona;08032;08032;Estudi;5263
Barcelona;08032;08035;Estudi;388
Barcelona;08032;08041;Estudi;356
Barcelona;08032;08042;Estudi;170
Barcelona;08032;Barcelona;Estudi;8371
Barcelona;08032;Altres municipis;Estudi;531
Barcelona;08032;Total;Estudi;8902
Barcelona;08033;08004;Estudi;..
Barcelona;08033;08009;Estudi;..
Barcelona;08033;08015;Estudi;..
Barcelona;08033;08016;Estudi;132
Barcelona;08033;08017;Estudi;..
Barcelona;08033;08018;Estudi;..
Barcelona;08033;08020;Estudi;..
Barcelona;08033;08022;Estudi;..
Barcelona;08033;08024;Estudi;..
Barcelona;08033;08027;Estudi;195
Barcelona;08033;08030;Estudi;..
Barcelona;08033;08031;Estudi;..
Barcelona;08033;08032;Estudi;..
Barcelona;08033;08033;Estudi;2137
Barcelona;08033;08035;Estudi;..
Barcelona;08033;08042;Estudi;..
Barcelona;08033;Barcelona;Estudi;2874
Barcelona;08033;Altres municipis;Estudi;322
Barcelona;08033;Total;Estudi;3196
Barcelona;08034;08001;Estudi;..
Barcelona;08034;08002;Estudi;..
Barcelona;08034;08003;Estudi;..
Barcelona;08034;08004;Estudi;232
Barcelona;08034;08005;Estudi;107
Barcelona;08034;08006;Estudi;579
Barcelona;08034;08007;Estudi;..
Barcelona;08034;08008;Estudi;..
Barcelona;08034;08009;Estudi;158
Barcelona;08034;08010;Estudi;..
Barcelona;08034;08011;Estudi;..
Barcelona;08034;08012;Estudi;165
Barcelona;08034;08013;Estudi;412
Barcelona;08034;08014;Estudi;384
Barcelona;08034;08015;Estudi;364
Barcelona;08034;08016;Estudi;..
Barcelona;08034;08017;Estudi;938
Barcelona;08034;08018;Estudi;..
Barcelona;08034;08019;Estudi;..
Barcelona;08034;08020;Estudi;..
Barcelona;08034;08021;Estudi;868
Barcelona;08034;08022;Estudi;876
Barcelona;08034;08023;Estudi;547
Barcelona;08034;08024;Estudi;317
Barcelona;08034;08025;Estudi;207
Barcelona;08034;08026;Estudi;..
Barcelona;08034;08027;Estudi;..
Barcelona;08034;08028;Estudi;1550
Barcelona;08034;08029;Estudi;632
Barcelona;08034;08030;Estudi;225
Barcelona;08034;08031;Estudi;..
Barcelona;08034;08032;Estudi;..
Barcelona;08034;08033;Estudi;..
Barcelona;08034;08034;Estudi;4046
Barcelona;08034;08035;Estudi;104
Barcelona;08034;08036;Estudi;318
Barcelona;08034;08037;Estudi;..
Barcelona;08034;08038;Estudi;..
Barcelona;08034;08041;Estudi;142
Barcelona;08034;08042;Estudi;..
Barcelona;08034;Barcelona;Estudi;14646
Barcelona;08034;Hospitalet de Llobregat, l';Estudi;1015
Barcelona;08034;Sant Cugat del Vallès;Estudi;622
Barcelona;08034;Sant Joan Despí;Estudi;400
Barcelona;08034;Esplugues de Llobregat;Estudi;374
Barcelona;08034;Badalona;Estudi;371
Barcelona;08034;Cornellà de Llobregat;Estudi;349
Barcelona;08034;Sant Feliu de Llobregat;Estudi;345
Barcelona;08034;Gavà;Estudi;272
Barcelona;08034;Sant Just Desvern;Estudi;234
Barcelona;08034;Sabadell;Estudi;224
Barcelona;08034;Mataró;Estudi;223
Barcelona;08034;Terrassa;Estudi;202
Barcelona;08034;Castelldefels;Estudi;172
Barcelona;08034;Premià de Mar;Estudi;157
Barcelona;08034;Altres municipis;Estudi;3814
Barcelona;08034;Total;Estudi;23421
Barcelona;08035;08004;Estudi;..
Barcelona;08035;08005;Estudi;..
Barcelona;08035;08006;Estudi;..
Barcelona;08035;08007;Estudi;..
Barcelona;08035;08008;Estudi;..
Barcelona;08035;08010;Estudi;..
Barcelona;08035;08011;Estudi;..
Barcelona;08035;08012;Estudi;..
Barcelona;08035;08013;Estudi;134
Barcelona;08035;08014;Estudi;..
Barcelona;08035;08015;Estudi;116
Barcelona;08035;08016;Estudi;221
Barcelona;08035;08017;Estudi;..
Barcelona;08035;08018;Estudi;..
Barcelona;08035;08019;Estudi;..
Barcelona;08035;08020;Estudi;..
Barcelona;08035;08021;Estudi;..
Barcelona;08035;08022;Estudi;180
Barcelona;08035;08023;Estudi;458
Barcelona;08035;08024;Estudi;370
Barcelona;08035;08025;Estudi;122
Barcelona;08035;08026;Estudi;..
Barcelona;08035;08027;Estudi;167
Barcelona;08035;08028;Estudi;142
Barcelona;08035;08029;Estudi;210
Barcelona;08035;08030;Estudi;147
Barcelona;08035;08031;Estudi;284
Barcelona;08035;08032;Estudi;637
Barcelona;08035;08033;Estudi;124
Barcelona;08035;08034;Estudi;..
Barcelona;08035;08035;Estudi;3057
Barcelona;08035;08036;Estudi;..
Barcelona;08035;08037;Estudi;..
Barcelona;08035;08038;Estudi;..
Barcelona;08035;08041;Estudi;349
Barcelona;08035;08042;Estudi;599
Barcelona;08035;Barcelona;Estudi;8459
Barcelona;08035;Badalona;Estudi;308
Barcelona;08035;Hospitalet de Llobregat, l';Estudi;233
Barcelona;08035;Sant Cugat del Vallès;Estudi;150
Barcelona;08035;Altres municipis;Estudi;2753
Barcelona;08035;Total;Estudi;11904
Barcelona;08036;08001;Estudi;..
Barcelona;08036;08002;Estudi;..
Barcelona;08036;08003;Estudi;..
Barcelona;08036;08004;Estudi;141
Barcelona;08036;08006;Estudi;..
Barcelona;08036;08007;Estudi;..
Barcelona;08036;08008;Estudi;..
Barcelona;08036;08009;Estudi;..
Barcelona;08036;08010;Estudi;..
Barcelona;08036;08011;Estudi;226
Barcelona;08036;08012;Estudi;..
Barcelona;08036;08013;Estudi;432
Barcelona;08036;08014;Estudi;145
Barcelona;08036;08015;Estudi;459
Barcelona;08036;08016;Estudi;..
Barcelona;08036;08017;Estudi;..
Barcelona;08036;08018;Estudi;..
Barcelona;08036;08019;Estudi;..
Barcelona;08036;08020;Estudi;..
Barcelona;08036;08021;Estudi;..
Barcelona;08036;08022;Estudi;..
Barcelona;08036;08023;Estudi;..
Barcelona;08036;08024;Estudi;..
Barcelona;08036;08025;Estudi;260
Barcelona;08036;08026;Estudi;..
Barcelona;08036;08027;Estudi;183
Barcelona;08036;08028;Estudi;243
Barcelona;08036;08029;Estudi;562
Barcelona;08036;08030;Estudi;113
Barcelona;08036;08031;Estudi;..
Barcelona;08036;08032;Estudi;..
Barcelona;08036;08033;Estudi;..
Barcelona;08036;08034;Estudi;..
Barcelona;08036;08035;Estudi;..
Barcelona;08036;08036;Estudi;1638
Barcelona;08036;08037;Estudi;..
Barcelona;08036;08038;Estudi;..
Barcelona;08036;08041;Estudi;..
Barcelona;08036;08042;Estudi;..
Barcelona;08036;Barcelona;Estudi;6016
Barcelona;08036;Badalona;Estudi;201
Barcelona;08036;Hospitalet de Llobregat, l';Estudi;141
Barcelona;08036;Esplugues de Llobregat;Estudi;127
Barcelona;08036;Altres municipis;Estudi;1770
Barcelona;08036;Total;Estudi;8254
Barcelona;08037;08002;Estudi;..
Barcelona;08037;08007;Estudi;..
Barcelona;08037;08009;Estudi;..
Barcelona;08037;08010;Estudi;..
Barcelona;08037;08011;Estudi;..
Barcelona;08037;08012;Estudi;..
Barcelona;08037;08013;Estudi;..
Barcelona;08037;08014;Estudi;..
Barcelona;08037;08015;Estudi;..
Barcelona;08037;08016;Estudi;..
Barcelona;08037;08017;Estudi;..
Barcelona;08037;08018;Estudi;..
Barcelona;08037;08021;Estudi;..
Barcelona;08037;08022;Estudi;..
Barcelona;08037;08023;Estudi;..
Barcelona;08037;08024;Estudi;..
Barcelona;08037;08025;Estudi;..
Barcelona;08037;08026;Estudi;..
Barcelona;08037;08027;Estudi;..
Barcelona;08037;08028;Estudi;..
Barcelona;08037;08029;Estudi;..
Barcelona;08037;08030;Estudi;..
Barcelona;08037;08031;Estudi;..
Barcelona;08037;08032;Estudi;..
Barcelona;08037;08035;Estudi;..
Barcelona;08037;08036;Estudi;..
Barcelona;08037;08037;Estudi;924
Barcelona;08037;08038;Estudi;..
Barcelona;08037;08041;Estudi;..
Barcelona;08037;08042;Estudi;..
Barcelona;08037;Barcelona;Estudi;1933
Barcelona;08037;Altres municipis;Estudi;759
Barcelona;08037;Total;Estudi;2692
Barcelona;08038;08004;Estudi;449
Barcelona;08038;08005;Estudi;..
Barcelona;08038;08006;Estudi;..
Barcelona;08038;08013;Estudi;..
Barcelona;08038;08014;Estudi;352
Barcelona;08038;08015;Estudi;..
Barcelona;08038;08018;Estudi;..
Barcelona;08038;08020;Estudi;..
Barcelona;08038;08022;Estudi;..
Barcelona;08038;08026;Estudi;..
Barcelona;08038;08027;Estudi;..
Barcelona;08038;08028;Estudi;323
Barcelona;08038;08029;Estudi;..
Barcelona;08038;08030;Estudi;..
Barcelona;08038;08032;Estudi;..
Barcelona;08038;08034;Estudi;..
Barcelona;08038;08036;Estudi;..
Barcelona;08038;08038;Estudi;2796
Barcelona;08038;08041;Estudi;..
Barcelona;08038;Barcelona;Estudi;4310
Barcelona;08038;Hospitalet de Llobregat, l';Estudi;192
Barcelona;08038;Altres municipis;Estudi;758
Barcelona;08038;Total;Estudi;5259
Barcelona;08039;08005;Estudi;..
Barcelona;08039;08011;Estudi;..
Barcelona;08039;08013;Estudi;..
Barcelona;08039;08016;Estudi;..
Barcelona;08039;08018;Estudi;..
Barcelona;08039;08019;Estudi;..
Barcelona;08039;08022;Estudi;..
Barcelona;08039;08024;Estudi;..
Barcelona;08039;08027;Estudi;..
Barcelona;08039;08028;Estudi;..
Barcelona;08039;08031;Estudi;..
Barcelona;08039;08038;Estudi;..
Barcelona;08039;Barcelona;Estudi;203
Barcelona;08039;Altres municipis;Estudi;303
Barcelona;08039;Total;Estudi;506
Barcelona;08040;08001;Estudi;..
Barcelona;08040;08004;Estudi;..
Barcelona;08040;08005;Estudi;..
Barcelona;08040;08006;Estudi;..
Barcelona;08040;08010;Estudi;..
Barcelona;08040;08012;Estudi;..
Barcelona;08040;08013;Estudi;..
Barcelona;08040;08014;Estudi;..
Barcelona;08040;08015;Estudi;..
Barcelona;08040;08016;Estudi;..
Barcelona;08040;08017;Estudi;..
Barcelona;08040;08018;Estudi;..
Barcelona;08040;08020;Estudi;..
Barcelona;08040;08021;Estudi;..
Barcelona;08040;08022;Estudi;..
Barcelona;08040;08023;Estudi;..
Barcelona;08040;08024;Estudi;..
Barcelona;08040;08025;Estudi;..
Barcelona;08040;08026;Estudi;..
Barcelona;08040;08027;Estudi;..
Barcelona;08040;08028;Estudi;..
Barcelona;08040;08030;Estudi;..
Barcelona;08040;08031;Estudi;..
Barcelona;08040;08033;Estudi;..
Barcelona;08040;08034;Estudi;..
Barcelona;08040;08035;Estudi;..
Barcelona;08040;08037;Estudi;..
Barcelona;08040;08038;Estudi;..
Barcelona;08040;08040;Estudi;..
Barcelona;08040;08042;Estudi;..
Barcelona;08040;Barcelona;Estudi;830
Barcelona;08040;Hospitalet de Llobregat, l';Estudi;158
Barcelona;08040;Altres municipis;Estudi;1259
Barcelona;08040;Total;Estudi;2247
Barcelona;08041;08004;Estudi;..
Barcelona;08041;08005;Estudi;..
Barcelona;08041;08013;Estudi;..
Barcelona;08041;08014;Estudi;..
Barcelona;08041;08015;Estudi;..
Barcelona;08041;08016;Estudi;..
Barcelona;08041;08018;Estudi;..
Barcelona;08041;08019;Estudi;..
Barcelona;08041;08020;Estudi;..
Barcelona;08041;08024;Estudi;299
Barcelona;08041;08025;Estudi;331
Barcelona;08041;08026;Estudi;117
Barcelona;08041;08027;Estudi;271
Barcelona;08041;08028;Estudi;..
Barcelona;08041;08030;Estudi;..
Barcelona;08041;08031;Estudi;..
Barcelona;08041;08032;Estudi;629
Barcelona;08041;08033;Estudi;..
Barcelona;08041;08034;Estudi;..
Barcelona;08041;08035;Estudi;353
Barcelona;08041;08037;Estudi;..
Barcelona;08041;08041;Estudi;2433
Barcelona;08041;08042;Estudi;..
Barcelona;08041;Barcelona;Estudi;5023
Barcelona;08041;Altres municipis;Estudi;676
Barcelona;08041;Total;Estudi;5699
Barcelona;08042;08003;Estudi;..
Barcelona;08042;08004;Estudi;..
Barcelona;08042;08005;Estudi;..
Barcelona;08042;08009;Estudi;..
Barcelona;08042;08012;Estudi;..
Barcelona;08042;08015;Estudi;..
Barcelona;08042;08016;Estudi;987
Barcelona;08042;08018;Estudi;..
Barcelona;08042;08020;Estudi;..
Barcelona;08042;08023;Estudi;..
Barcelona;08042;08024;Estudi;..
Barcelona;08042;08025;Estudi;..
Barcelona;08042;08028;Estudi;..
Barcelona;08042;08029;Estudi;..
Barcelona;08042;08030;Estudi;..
Barcelona;08042;08031;Estudi;421
Barcelona;08042;08032;Estudi;..
Barcelona;08042;08033;Estudi;337
Barcelona;08042;08035;Estudi;..
Barcelona;08042;08038;Estudi;..
Barcelona;08042;08041;Estudi;..
Barcelona;08042;08042;Estudi;4551
Barcelona;08042;Barcelona;Estudi;6926
Barcelona;08042;Altres municipis;Estudi;305
Barcelona;08042;Total;Estudi;7231
Barcelona;00Barcelona;Total;Estudi;363885
Hospitalet de Llobregat, l';08901;08901;Estudi;5785
Hospitalet de Llobregat, l';08901;08902;Estudi;217
Hospitalet de Llobregat, l';08901;08903;Estudi;201
Hospitalet de Llobregat, l';08901;08904;Estudi;..
Hospitalet de Llobregat, l';08901;08905;Estudi;584
Hospitalet de Llobregat, l';08901;08906;Estudi;594
Hospitalet de Llobregat, l';08901;08907;Estudi;419
Hospitalet de Llobregat, l';08901;08908;Estudi;..
Hospitalet de Llobregat, l';08901;Hospitalet de Llobregat, l';Estudi;7963
Hospitalet de Llobregat, l';08901;Cornellà de Llobregat;Estudi;400
Hospitalet de Llobregat, l';08901;Barcelona;Estudi;283
Hospitalet de Llobregat, l';08901;Altres municipis;Estudi;663
Hospitalet de Llobregat, l';08901;Total;Estudi;9309
Hospitalet de Llobregat, l';08902;08901;Estudi;334
Hospitalet de Llobregat, l';08902;08902;Estudi;4939
Hospitalet de Llobregat, l';08902;08903;Estudi;..
Hospitalet de Llobregat, l';08902;08904;Estudi;..
Hospitalet de Llobregat, l';08902;08905;Estudi;..
Hospitalet de Llobregat, l';08902;08906;Estudi;..
Hospitalet de Llobregat, l';08902;08907;Estudi;151
Hospitalet de Llobregat, l';08902;08908;Estudi;193
Hospitalet de Llobregat, l';08902;Hospitalet de Llobregat, l';Estudi;5891
Hospitalet de Llobregat, l';08902;Barcelona;Estudi;856
Hospitalet de Llobregat, l';08902;Altres municipis;Estudi;1023
Hospitalet de Llobregat, l';08902;Total;Estudi;7770
Hospitalet de Llobregat, l';08903;08901;Estudi;..
Hospitalet de Llobregat, l';08903;08902;Estudi;..
Hospitalet de Llobregat, l';08903;08903;Estudi;1387
Hospitalet de Llobregat, l';08903;08904;Estudi;847
Hospitalet de Llobregat, l';08903;08905;Estudi;248
Hospitalet de Llobregat, l';08903;Hospitalet de Llobregat, l';Estudi;2645
Hospitalet de Llobregat, l';08903;Altres municipis;Estudi;214
Hospitalet de Llobregat, l';08903;Total;Estudi;2860
Hospitalet de Llobregat, l';08904;08901;Estudi;..
Hospitalet de Llobregat, l';08904;08903;Estudi;648
Hospitalet de Llobregat, l';08904;08904;Estudi;1881
Hospitalet de Llobregat, l';08904;08905;Estudi;..
Hospitalet de Llobregat, l';08904;08906;Estudi;..
Hospitalet de Llobregat, l';08904;Hospitalet de Llobregat, l';Estudi;2801
Hospitalet de Llobregat, l';08904;Altres municipis;Estudi;260
Hospitalet de Llobregat, l';08904;Total;Estudi;3061
Hospitalet de Llobregat, l';08905;08901;Estudi;262
Hospitalet de Llobregat, l';08905;08902;Estudi;..
Hospitalet de Llobregat, l';08905;08903;Estudi;..
Hospitalet de Llobregat, l';08905;08904;Estudi;243
Hospitalet de Llobregat, l';08905;08905;Estudi;3582
Hospitalet de Llobregat, l';08905;08906;Estudi;374
Hospitalet de Llobregat, l';08905;Hospitalet de Llobregat, l';Estudi;4534
Hospitalet de Llobregat, l';08905;Altres municipis;Estudi;260
Hospitalet de Llobregat, l';08905;Total;Estudi;4794
Hospitalet de Llobregat, l';08906;08901;Estudi;535
Hospitalet de Llobregat, l';08906;08902;Estudi;..
Hospitalet de Llobregat, l';08906;08903;Estudi;..
Hospitalet de Llobregat, l';08906;08905;Estudi;524
Hospitalet de Llobregat, l';08906;08906;Estudi;5336
Hospitalet de Llobregat, l';08906;08907;Estudi;..
Hospitalet de Llobregat, l';08906;Hospitalet de Llobregat, l';Estudi;6512
Hospitalet de Llobregat, l';08906;Esplugues de Llobregat;Estudi;214
Hospitalet de Llobregat, l';08906;Cornellà de Llobregat;Estudi;176
Hospitalet de Llobregat, l';08906;Altres municipis;Estudi;532
Hospitalet de Llobregat, l';08906;Total;Estudi;7433
Hospitalet de Llobregat, l';08907;08901;Estudi;484
Hospitalet de Llobregat, l';08907;08902;Estudi;703
Hospitalet de Llobregat, l';08907;08903;Estudi;..
Hospitalet de Llobregat, l';08907;08904;Estudi;..
Hospitalet de Llobregat, l';08907;08905;Estudi;..
Hospitalet de Llobregat, l';08907;08906;Estudi;..
Hospitalet de Llobregat, l';08907;08907;Estudi;3766
Hospitalet de Llobregat, l';08907;08908;Estudi;..
Hospitalet de Llobregat, l';08907;Hospitalet de Llobregat, l';Estudi;5249
Hospitalet de Llobregat, l';08907;Barcelona;Estudi;433
Hospitalet de Llobregat, l';08907;Cornellà de Llobregat;Estudi;284
Hospitalet de Llobregat, l';08907;Prat de Llobregat, el;Estudi;279
Hospitalet de Llobregat, l';08907;Sant Boi de Llobregat;Estudi;139
Hospitalet de Llobregat, l';08907;Altres municipis;Estudi;960
Hospitalet de Llobregat, l';08907;Total;Estudi;7343
Hospitalet de Llobregat, l';08908;08901;Estudi;..
Hospitalet de Llobregat, l';08908;08902;Estudi;..
Hospitalet de Llobregat, l';08908;08904;Estudi;..
Hospitalet de Llobregat, l';08908;08906;Estudi;..
Hospitalet de Llobregat, l';08908;08907;Estudi;..
Hospitalet de Llobregat, l';08908;08908;Estudi;180
Hospitalet de Llobregat, l';08908;Hospitalet de Llobregat, l';Estudi;528
Hospitalet de Llobregat, l';08908;Barcelona;Estudi;199
Hospitalet de Llobregat, l';08908;Altres municipis;Estudi;218
Hospitalet de Llobregat, l';08908;Total;Estudi;946
Hospitalet de Llobregat, l';00Hospitalet de Llobregat, l';Total;Estudi;43515
Sabadell;08201;08201;Estudi;2221
Sabadell;08201;08202;Estudi;939
Sabadell;08201;08203;Estudi;1280
Sabadell;08201;08204;Estudi;386
Sabadell;08201;08205;Estudi;502
Sabadell;08201;08206;Estudi;939
Sabadell;08201;08207;Estudi;347
Sabadell;08201;08208;Estudi;1081
Sabadell;08201;Sabadell;Estudi;7695
Sabadell;08201;Barberà del Vallès;Estudi;251
Sabadell;08201;Sant Quirze del Vallès;Estudi;203
Sabadell;08201;Cerdanyola del Vallès;Estudi;190
Sabadell;08201;Castellar del Vallès;Estudi;161
Sabadell;08201;Terrassa;Estudi;155
Sabadell;08201;Altres municipis;Estudi;700
Sabadell;08201;Total;Estudi;9354
Sabadell;08202;08201;Estudi;306
Sabadell;08202;08202;Estudi;2334
Sabadell;08202;08203;Estudi;596
Sabadell;08202;08204;Estudi;191
Sabadell;08202;08205;Estudi;..
Sabadell;08202;08206;Estudi;441
Sabadell;08202;08207;Estudi;210
Sabadell;08202;08208;Estudi;346
Sabadell;08202;Sabadell;Estudi;4491
Sabadell;08202;Terrassa;Estudi;189
Sabadell;08202;Barcelona;Estudi;147
Sabadell;08202;Altres municipis;Estudi;831
Sabadell;08202;Total;Estudi;5659
Sabadell;08203;08201;Estudi;..
Sabadell;08203;08202;Estudi;205
Sabadell;08203;08203;Estudi;1597
Sabadell;08203;08204;Estudi;144
Sabadell;08203;08205;Estudi;..
Sabadell;08203;08206;Estudi;..
Sabadell;08203;08207;Estudi;..
Sabadell;08203;08208;Estudi;..
Sabadell;08203;Sabadell;Estudi;2280
Sabadell;08203;Altres municipis;Estudi;270
Sabadell;08203;Total;Estudi;2549
Sabadell;08204;08201;Estudi;..
Sabadell;08204;08202;Estudi;..
Sabadell;08204;08203;Estudi;465
Sabadell;08204;08204;Estudi;3587
Sabadell;08204;08205;Estudi;..
Sabadell;08204;08206;Estudi;..
Sabadell;08204;08207;Estudi;..
Sabadell;08204;08208;Estudi;..
Sabadell;08204;Sabadell;Estudi;4486
Sabadell;08204;Barberà del Vallès;Estudi;172
Sabadell;08204;Altres municipis;Estudi;516
Sabadell;08204;Total;Estudi;5174
Sabadell;08205;08201;Estudi;..
Sabadell;08205;08202;Estudi;..
Sabadell;08205;08203;Estudi;440
Sabadell;08205;08204;Estudi;174
Sabadell;08205;08205;Estudi;1338
Sabadell;08205;08206;Estudi;454
Sabadell;08205;08207;Estudi;..
Sabadell;08205;08208;Estudi;..
Sabadell;08205;Sabadell;Estudi;2723
Sabadell;08205;Altres municipis;Estudi;410
Sabadell;08205;Total;Estudi;3133
Sabadell;08206;08201;Estudi;..
Sabadell;08206;08202;Estudi;..
Sabadell;08206;08203;Estudi;..
Sabadell;08206;08204;Estudi;..
Sabadell;08206;08205;Estudi;509
Sabadell;08206;08206;Estudi;6229
Sabadell;08206;08207;Estudi;254
Sabadell;08206;08208;Estudi;335
Sabadell;08206;Sabadell;Estudi;7676
Sabadell;08206;Castellar del Vallès;Estudi;251
Sabadell;08206;Sant Quirze del Vallès;Estudi;180
Sabadell;08206;Altres municipis;Estudi;401
Sabadell;08206;Total;Estudi;8508
Sabadell;08207;08202;Estudi;..
Sabadell;08207;08203;Estudi;..
Sabadell;08207;08204;Estudi;..
Sabadell;08207;08205;Estudi;..
Sabadell;08207;08206;Estudi;449
Sabadell;08207;08207;Estudi;4033
Sabadell;08207;08208;Estudi;265
Sabadell;08207;Sabadell;Estudi;4940
Sabadell;08207;Altres municipis;Estudi;359
Sabadell;08207;Total;Estudi;5298
Sabadell;08208;08201;Estudi;..
Sabadell;08208;08202;Estudi;..
Sabadell;08208;08203;Estudi;..
Sabadell;08208;08205;Estudi;..
Sabadell;08208;08206;Estudi;344
Sabadell;08208;08207;Estudi;213
Sabadell;08208;08208;Estudi;1907
Sabadell;08208;Sabadell;Estudi;2743
Sabadell;08208;Altres municipis;Estudi;662
Sabadell;08208;Total;Estudi;3406
Sabadell;00Sabadell;Total;Estudi;43081
Terrassa;08221;08221;Estudi;2990
Terrassa;08221;08222;Estudi;886
Terrassa;08221;08223;Estudi;730
Terrassa;08221;08224;Estudi;1188
Terrassa;08221;08225;Estudi;1181
Terrassa;08221;08226;Estudi;1375
Terrassa;08221;08227;Estudi;304
Terrassa;08221;08228;Estudi;167
Terrassa;08221;Terrassa;Estudi;8821
Terrassa;08221;Barcelona;Estudi;183
Terrassa;08221;Matadepera;Estudi;119
Terrassa;08221;Vacarisses;Estudi;102
Terrassa;08221;Altres municipis;Estudi;848
Terrassa;08221;Total;Estudi;10074
Terrassa;08222;08221;Estudi;705
Terrassa;08222;08222;Estudi;3347
Terrassa;08222;08223;Estudi;..
Terrassa;08222;08224;Estudi;..
Terrassa;08222;08225;Estudi;242
Terrassa;08222;08226;Estudi;328
Terrassa;08222;08227;Estudi;483
Terrassa;08222;08228;Estudi;..
Terrassa;08222;Terrassa;Estudi;5367
Terrassa;08222;Barcelona;Estudi;357
Terrassa;08222;Sabadell;Estudi;276
Terrassa;08222;Altres municipis;Estudi;1312
Terrassa;08222;Total;Estudi;7313
Terrassa;08223;08221;Estudi;..
Terrassa;08223;08222;Estudi;340
Terrassa;08223;08223;Estudi;2502
Terrassa;08223;08224;Estudi;447
Terrassa;08223;08225;Estudi;296
Terrassa;08223;08226;Estudi;..
Terrassa;08223;08227;Estudi;..
Terrassa;08223;08228;Estudi;241
Terrassa;08223;Terrassa;Estudi;4199
Terrassa;08223;Altres municipis;Estudi;538
Terrassa;08223;Total;Estudi;4737
Terrassa;08224;08221;Estudi;231
Terrassa;08224;08222;Estudi;224
Terrassa;08224;08223;Estudi;226
Terrassa;08224;08224;Estudi;5480
Terrassa;08224;08225;Estudi;400
Terrassa;08224;08226;Estudi;278
Terrassa;08224;08227;Estudi;..
Terrassa;08224;08228;Estudi;..
Terrassa;08224;Terrassa;Estudi;6998
Terrassa;08224;Altres municipis;Estudi;397
Terrassa;08224;Total;Estudi;7395
Terrassa;08225;08221;Estudi;..
Terrassa;08225;08222;Estudi;320
Terrassa;08225;08223;Estudi;..
Terrassa;08225;08224;Estudi;553
Terrassa;08225;08225;Estudi;4988
Terrassa;08225;08226;Estudi;772
Terrassa;08225;08227;Estudi;172
Terrassa;08225;08228;Estudi;..
Terrassa;08225;Terrassa;Estudi;7157
Terrassa;08225;Altres municipis;Estudi;353
Terrassa;08225;Total;Estudi;7510
Terrassa;08226;08221;Estudi;..
Terrassa;08226;08222;Estudi;..
Terrassa;08226;08223;Estudi;..
Terrassa;08226;08224;Estudi;139
Terrassa;08226;08225;Estudi;356
Terrassa;08226;08226;Estudi;1884
Terrassa;08226;08227;Estudi;303
Terrassa;08226;08228;Estudi;..
Terrassa;08226;Terrassa;Estudi;2881
Terrassa;08226;Altres municipis;Estudi;208
Terrassa;08226;Total;Estudi;3089
Terrassa;08227;08221;Estudi;..
Terrassa;08227;08222;Estudi;215
Terrassa;08227;08223;Estudi;..
Terrassa;08227;08224;Estudi;..
Terrassa;08227;08225;Estudi;..
Terrassa;08227;08226;Estudi;837
Terrassa;08227;08227;Estudi;2868
Terrassa;08227;08228;Estudi;..
Terrassa;08227;Terrassa;Estudi;4087
Terrassa;08227;Altres municipis;Estudi;430
Terrassa;08227;Total;Estudi;4517
Terrassa;08228;08222;Estudi;..
Terrassa;08228;08223;Estudi;246
Terrassa;08228;08224;Estudi;..
Terrassa;08228;08225;Estudi;..
Terrassa;08228;08226;Estudi;..
Terrassa;08228;08227;Estudi;..
Terrassa;08228;08228;Estudi;683
Terrassa;08228;Terrassa;Estudi;1222
Terrassa;08228;Altres municipis;Estudi;156
Terrassa;08228;Total;Estudi;1378
Terrassa;08228;Total;Estudi;46014
