MUNIORIGEN;CPORIGEN;DESTI;RAO;PERSONES
Badalona;08911;08911;Treball;2812
Badalona;08911;08912;Treball;296
Badalona;08911;08913;Treball;..
Badalona;08911;08914;Treball;..
Badalona;08911;08915;Treball;252
Badalona;08911;08916;Treball;..
Badalona;08911;08917;Treball;206
Badalona;08911;08918;Treball;162
Badalona;08911;Badalona;Treball;4034
Badalona;08911;Barcelona;Treball;2325
Badalona;08911;Mataró;Treball;169
Badalona;08911;Diversos municipis;Treball;492
Badalona;08911;Altres municipis;Treball;1461
Badalona;08911;Total;Treball;8482
Badalona;08912;08911;Treball;1131
Badalona;08912;08912;Treball;2557
Badalona;08912;08913;Treball;174
Badalona;08912;08914;Treball;168
Badalona;08912;08915;Treball;528
Badalona;08912;08916;Treball;..
Badalona;08912;08917;Treball;212
Badalona;08912;08918;Treball;476
Badalona;08912;Badalona;Treball;5371
Badalona;08912;Barcelona;Treball;4194
Badalona;08912;Santa Coloma de Gramenet;Treball;230
Badalona;08912;Hospitalet de Llobregat, l';Treball;185
Badalona;08912;Diversos municipis;Treball;990
Badalona;08912;Altres municipis;Treball;2157
Badalona;08912;Total;Treball;13127
Badalona;08913;08911;Treball;673
Badalona;08913;08912;Treball;188
Badalona;08913;08913;Treball;1773
Badalona;08913;08914;Treball;309
Badalona;08913;08915;Treball;..
Badalona;08913;08916;Treball;..
Badalona;08913;08917;Treball;272
Badalona;08913;08918;Treball;367
Badalona;08913;Barcelona;Treball;4277
Badalona;08913;Badalona;Treball;3793
Badalona;08913;Sant Adrià de Besòs;Treball;421
Badalona;08913;Santa Coloma de Gramenet;Treball;190
Badalona;08913;Prat de Llobregat, el;Treball;167
Badalona;08913;Diversos municipis;Treball;1053
Badalona;08913;Altres municipis;Treball;1761
Badalona;08913;Total;Treball;11662
Badalona;08914;08911;Treball;443
Badalona;08914;08912;Treball;820
Badalona;08914;08913;Treball;325
Badalona;08914;08914;Treball;1314
Badalona;08914;08915;Treball;..
Badalona;08914;08916;Treball;..
Badalona;08914;08917;Treball;354
Badalona;08914;08918;Treball;665
Badalona;08914;Badalona;Treball;4128
Badalona;08914;Barcelona;Treball;2920
Badalona;08914;Diversos municipis;Treball;881
Badalona;08914;Altres municipis;Treball;2219
Badalona;08914;Total;Treball;10149
Badalona;08915;08911;Treball;824
Badalona;08915;08912;Treball;355
Badalona;08915;08913;Treball;..
Badalona;08915;08914;Treball;144
Badalona;08915;08915;Treball;2024
Badalona;08915;08916;Treball;182
Badalona;08915;08917;Treball;299
Badalona;08915;08918;Treball;229
Badalona;08915;Badalona;Treball;4161
Badalona;08915;Barcelona;Treball;2467
Badalona;08915;Hospitalet de Llobregat, l';Treball;148
Badalona;08915;Sant Adrià de Besòs;Treball;166
Badalona;08915;Diversos municipis;Treball;947
Badalona;08915;Altres municipis;Treball;2116
Badalona;08915;Total;Treball;10005
Badalona;08916;08911;Treball;..
Badalona;08916;08912;Treball;..
Badalona;08916;08913;Treball;..
Badalona;08916;08914;Treball;..
Badalona;08916;08915;Treball;134
Badalona;08916;08916;Treball;..
Badalona;08916;08917;Treball;..
Badalona;08916;Badalona;Treball;445
Badalona;08916;Barcelona;Treball;274
Badalona;08916;Diversos municipis;Treball;..
Badalona;08916;Altres municipis;Treball;238
Badalona;08916;Total;Treball;1031
Badalona;08917;08911;Treball;1222
Badalona;08917;08912;Treball;729
Badalona;08917;08913;Treball;334
Badalona;08917;08914;Treball;363
Badalona;08917;08915;Treball;808
Badalona;08917;08916;Treball;198
Badalona;08917;08917;Treball;3513
Badalona;08917;08918;Treball;481
Badalona;08917;Badalona;Treball;7648
Badalona;08917;Barcelona;Treball;6554
Badalona;08917;Santa Coloma de Gramenet;Treball;806
Badalona;08917;Sant Adrià de Besòs;Treball;397
Badalona;08917;Hospitalet de Llobregat, l';Treball;311
Badalona;08917;Montcada i Reixac;Treball;312
Badalona;08917;Mollet del Vallès;Treball;230
Badalona;08917;Cornellà de Llobregat;Treball;189
Badalona;08917;Sant Cugat del Vallès;Treball;127
Badalona;08917;Diversos municipis;Treball;2055
Badalona;08917;Altres municipis;Treball;2540
Badalona;08917;Total;Treball;21170
Badalona;08918;08911;Treball;324
Badalona;08918;08912;Treball;..
Badalona;08918;08913;Treball;534
Badalona;08918;08914;Treball;398
Badalona;08918;08915;Treball;..
Badalona;08918;08916;Treball;..
Badalona;08918;08917;Treball;..
Badalona;08918;08918;Treball;1351
Badalona;08918;Badalona;Treball;3210
Badalona;08918;Barcelona;Treball;2649
Badalona;08918;Sant Adrià de Besòs;Treball;310
Badalona;08918;Diversos municipis;Treball;509
Badalona;08918;Altres municipis;Treball;1056
Badalona;08918;Total;Treball;7735
Badalona;0Badalona;Total;Treball;83360
Barcelona;08001;08001;Treball;5569
Barcelona;08001;08002;Treball;1231
Barcelona;08001;08003;Treball;1361
Barcelona;08001;08004;Treball;251
Barcelona;08001;08005;Treball;505
Barcelona;08001;08006;Treball;..
Barcelona;08001;08007;Treball;916
Barcelona;08001;08008;Treball;444
Barcelona;08001;08009;Treball;..
Barcelona;08001;08010;Treball;281
Barcelona;08001;08011;Treball;..
Barcelona;08001;08012;Treball;..
Barcelona;08001;08013;Treball;..
Barcelona;08001;08014;Treball;208
Barcelona;08001;08015;Treball;470
Barcelona;08001;08016;Treball;..
Barcelona;08001;08017;Treball;..
Barcelona;08001;08018;Treball;..
Barcelona;08001;08019;Treball;..
Barcelona;08001;08020;Treball;..
Barcelona;08001;08021;Treball;266
Barcelona;08001;08022;Treball;..
Barcelona;08001;08023;Treball;..
Barcelona;08001;08024;Treball;610
Barcelona;08001;08025;Treball;..
Barcelona;08001;08026;Treball;..
Barcelona;08001;08027;Treball;..
Barcelona;08001;08028;Treball;..
Barcelona;08001;08029;Treball;..
Barcelona;08001;08030;Treball;..
Barcelona;08001;08031;Treball;..
Barcelona;08001;08032;Treball;..
Barcelona;08001;08034;Treball;..
Barcelona;08001;08035;Treball;..
Barcelona;08001;08036;Treball;190
Barcelona;08001;08037;Treball;..
Barcelona;08001;08038;Treball;..
Barcelona;08001;08039;Treball;..
Barcelona;08001;08040;Treball;..
Barcelona;08001;08042;Treball;..
Barcelona;08001;Barcelona;Treball;15521
Barcelona;08001;Hospitalet de Llobregat, l';Treball;163
Barcelona;08001;Diversos municipis;Treball;730
Barcelona;08001;Altres municipis;Treball;1974
Barcelona;08001;Total;Treball;18389
Barcelona;08002;08001;Treball;560
Barcelona;08002;08002;Treball;2489
Barcelona;08002;08003;Treball;339
Barcelona;08002;08004;Treball;..
Barcelona;08002;08005;Treball;775
Barcelona;08002;08006;Treball;..
Barcelona;08002;08007;Treball;365
Barcelona;08002;08008;Treball;..
Barcelona;08002;08009;Treball;..
Barcelona;08002;08010;Treball;..
Barcelona;08002;08012;Treball;..
Barcelona;08002;08014;Treball;..
Barcelona;08002;08015;Treball;..
Barcelona;08002;08016;Treball;..
Barcelona;08002;08017;Treball;..
Barcelona;08002;08018;Treball;..
Barcelona;08002;08019;Treball;..
Barcelona;08002;08020;Treball;..
Barcelona;08002;08021;Treball;..
Barcelona;08002;08022;Treball;..
Barcelona;08002;08023;Treball;..
Barcelona;08002;08024;Treball;..
Barcelona;08002;08025;Treball;..
Barcelona;08002;08028;Treball;..
Barcelona;08002;08029;Treball;..
Barcelona;08002;08031;Treball;..
Barcelona;08002;08032;Treball;..
Barcelona;08002;08034;Treball;..
Barcelona;08002;08035;Treball;..
Barcelona;08002;08036;Treball;..
Barcelona;08002;08037;Treball;..
Barcelona;08002;08039;Treball;..
Barcelona;08002;08040;Treball;..
Barcelona;08002;08042;Treball;..
Barcelona;08002;Barcelona;Treball;7617
Barcelona;08002;Diversos municipis;Treball;562
Barcelona;08002;Altres municipis;Treball;1369
Barcelona;08002;Total;Treball;9549
Barcelona;08003;08001;Treball;1000
Barcelona;08003;08002;Treball;662
Barcelona;08003;08003;Treball;3955
Barcelona;08003;08004;Treball;..
Barcelona;08003;08005;Treball;311
Barcelona;08003;08006;Treball;689
Barcelona;08003;08007;Treball;375
Barcelona;08003;08008;Treball;264
Barcelona;08003;08009;Treball;..
Barcelona;08003;08010;Treball;696
Barcelona;08003;08011;Treball;..
Barcelona;08003;08012;Treball;..
Barcelona;08003;08013;Treball;..
Barcelona;08003;08014;Treball;269
Barcelona;08003;08015;Treball;..
Barcelona;08003;08016;Treball;..
Barcelona;08003;08017;Treball;199
Barcelona;08003;08018;Treball;271
Barcelona;08003;08019;Treball;..
Barcelona;08003;08020;Treball;..
Barcelona;08003;08021;Treball;198
Barcelona;08003;08022;Treball;..
Barcelona;08003;08023;Treball;..
Barcelona;08003;08024;Treball;..
Barcelona;08003;08025;Treball;..
Barcelona;08003;08026;Treball;..
Barcelona;08003;08027;Treball;..
Barcelona;08003;08028;Treball;430
Barcelona;08003;08029;Treball;..
Barcelona;08003;08031;Treball;..
Barcelona;08003;08032;Treball;..
Barcelona;08003;08034;Treball;..
Barcelona;08003;08035;Treball;..
Barcelona;08003;08036;Treball;251
Barcelona;08003;08037;Treball;..
Barcelona;08003;08038;Treball;..
Barcelona;08003;08039;Treball;212
Barcelona;08003;08040;Treball;..
Barcelona;08003;Barcelona;Treball;12016
Barcelona;08003;Hospitalet de Llobregat, l';Treball;275
Barcelona;08003;Badalona;Treball;..
Barcelona;08003;Diversos municipis;Treball;1430
Barcelona;08003;Altres municipis;Treball;2011
Barcelona;08003;Total;Treball;15733
Barcelona;08004;08001;Treball;823
Barcelona;08004;08002;Treball;575
Barcelona;08004;08003;Treball;302
Barcelona;08004;08004;Treball;3486
Barcelona;08004;08005;Treball;360
Barcelona;08004;08006;Treball;276
Barcelona;08004;08007;Treball;505
Barcelona;08004;08008;Treball;300
Barcelona;08004;08009;Treball;144
Barcelona;08004;08010;Treball;244
Barcelona;08004;08011;Treball;269
Barcelona;08004;08012;Treball;115
Barcelona;08004;08013;Treball;235
Barcelona;08004;08014;Treball;1034
Barcelona;08004;08015;Treball;647
Barcelona;08004;08016;Treball;..
Barcelona;08004;08017;Treball;238
Barcelona;08004;08018;Treball;353
Barcelona;08004;08019;Treball;..
Barcelona;08004;08020;Treball;..
Barcelona;08004;08021;Treball;254
Barcelona;08004;08022;Treball;..
Barcelona;08004;08023;Treball;156
Barcelona;08004;08024;Treball;..
Barcelona;08004;08025;Treball;233
Barcelona;08004;08026;Treball;..
Barcelona;08004;08027;Treball;..
Barcelona;08004;08028;Treball;823
Barcelona;08004;08029;Treball;607
Barcelona;08004;08030;Treball;..
Barcelona;08004;08031;Treball;..
Barcelona;08004;08032;Treball;..
Barcelona;08004;08033;Treball;..
Barcelona;08004;08034;Treball;396
Barcelona;08004;08035;Treball;..
Barcelona;08004;08036;Treball;439
Barcelona;08004;08037;Treball;216
Barcelona;08004;08038;Treball;539
Barcelona;08004;08039;Treball;196
Barcelona;08004;08040;Treball;236
Barcelona;08004;08041;Treball;..
Barcelona;08004;08042;Treball;..
Barcelona;08004;Barcelona;Treball;15010
Barcelona;08004;Hospitalet de Llobregat, l';Treball;556
Barcelona;08004;Cornellà de Llobregat;Treball;273
Barcelona;08004;Prat de Llobregat, el;Treball;237
Barcelona;08004;Sant Cugat del Vallès;Treball;148
Barcelona;08004;Diversos municipis;Treball;1219
Barcelona;08004;Altres municipis;Treball;1969
Barcelona;08004;Total;Treball;19411
Barcelona;08005;08001;Treball;369
Barcelona;08005;08002;Treball;295
Barcelona;08005;08003;Treball;446
Barcelona;08005;08004;Treball;..
Barcelona;08005;08005;Treball;3933
Barcelona;08005;08006;Treball;319
Barcelona;08005;08007;Treball;687
Barcelona;08005;08008;Treball;254
Barcelona;08005;08009;Treball;170
Barcelona;08005;08010;Treball;540
Barcelona;08005;08011;Treball;136
Barcelona;08005;08012;Treball;..
Barcelona;08005;08013;Treball;320
Barcelona;08005;08014;Treball;182
Barcelona;08005;08015;Treball;153
Barcelona;08005;08016;Treball;..
Barcelona;08005;08017;Treball;272
Barcelona;08005;08018;Treball;518
Barcelona;08005;08019;Treball;407
Barcelona;08005;08020;Treball;504
Barcelona;08005;08021;Treball;213
Barcelona;08005;08022;Treball;..
Barcelona;08005;08023;Treball;..
Barcelona;08005;08024;Treball;..
Barcelona;08005;08025;Treball;293
Barcelona;08005;08026;Treball;143
Barcelona;08005;08027;Treball;185
Barcelona;08005;08028;Treball;296
Barcelona;08005;08029;Treball;262
Barcelona;08005;08030;Treball;117
Barcelona;08005;08031;Treball;..
Barcelona;08005;08032;Treball;..
Barcelona;08005;08033;Treball;..
Barcelona;08005;08034;Treball;252
Barcelona;08005;08035;Treball;..
Barcelona;08005;08036;Treball;212
Barcelona;08005;08037;Treball;200
Barcelona;08005;08038;Treball;156
Barcelona;08005;08039;Treball;..
Barcelona;08005;08040;Treball;215
Barcelona;08005;08041;Treball;144
Barcelona;08005;08042;Treball;..
Barcelona;08005;Barcelona;Treball;12978
Barcelona;08005;Badalona;Treball;547
Barcelona;08005;Hospitalet de Llobregat, l';Treball;328
Barcelona;08005;Prat de Llobregat, el;Treball;302
Barcelona;08005;Sant Cugat del Vallès;Treball;293
Barcelona;08005;Cornellà de Llobregat;Treball;154
Barcelona;08005;Diversos municipis;Treball;1434
Barcelona;08005;Altres municipis;Treball;2202
Barcelona;08005;Total;Treball;18237
Barcelona;08006;08001;Treball;261
Barcelona;08006;08002;Treball;183
Barcelona;08006;08003;Treball;185
Barcelona;08006;08004;Treball;..
Barcelona;08006;08005;Treball;225
Barcelona;08006;08006;Treball;2991
Barcelona;08006;08007;Treball;324
Barcelona;08006;08008;Treball;368
Barcelona;08006;08009;Treball;..
Barcelona;08006;08010;Treball;138
Barcelona;08006;08011;Treball;204
Barcelona;08006;08012;Treball;239
Barcelona;08006;08013;Treball;..
Barcelona;08006;08014;Treball;..
Barcelona;08006;08015;Treball;161
Barcelona;08006;08016;Treball;..
Barcelona;08006;08017;Treball;507
Barcelona;08006;08018;Treball;..
Barcelona;08006;08019;Treball;..
Barcelona;08006;08020;Treball;..
Barcelona;08006;08021;Treball;761
Barcelona;08006;08022;Treball;446
Barcelona;08006;08023;Treball;..
Barcelona;08006;08024;Treball;..
Barcelona;08006;08025;Treball;166
Barcelona;08006;08026;Treball;..
Barcelona;08006;08027;Treball;..
Barcelona;08006;08028;Treball;379
Barcelona;08006;08029;Treball;199
Barcelona;08006;08030;Treball;..
Barcelona;08006;08032;Treball;..
Barcelona;08006;08033;Treball;..
Barcelona;08006;08034;Treball;339
Barcelona;08006;08035;Treball;163
Barcelona;08006;08036;Treball;406
Barcelona;08006;08037;Treball;251
Barcelona;08006;08038;Treball;..
Barcelona;08006;08039;Treball;..
Barcelona;08006;08040;Treball;..
Barcelona;08006;08041;Treball;..
Barcelona;08006;08042;Treball;..
Barcelona;08006;Barcelona;Treball;10413
Barcelona;08006;Hospitalet de Llobregat, l';Treball;255
Barcelona;08006;Terrassa;Treball;180
Barcelona;08006;Sant Cugat del Vallès;Treball;201
Barcelona;08006;Diversos municipis;Treball;711
Barcelona;08006;Altres municipis;Treball;1427
Barcelona;08006;Total;Treball;13187
Barcelona;08007;08001;Treball;..
Barcelona;08007;08002;Treball;..
Barcelona;08007;08003;Treball;..
Barcelona;08007;08004;Treball;..
Barcelona;08007;08005;Treball;..
Barcelona;08007;08006;Treball;..
Barcelona;08007;08007;Treball;431
Barcelona;08007;08008;Treball;..
Barcelona;08007;08009;Treball;..
Barcelona;08007;08010;Treball;..
Barcelona;08007;08011;Treball;..
Barcelona;08007;08012;Treball;..
Barcelona;08007;08013;Treball;..
Barcelona;08007;08014;Treball;..
Barcelona;08007;08015;Treball;..
Barcelona;08007;08017;Treball;..
Barcelona;08007;08018;Treball;..
Barcelona;08007;08019;Treball;..
Barcelona;08007;08020;Treball;..
Barcelona;08007;08021;Treball;..
Barcelona;08007;08022;Treball;..
Barcelona;08007;08023;Treball;..
Barcelona;08007;08024;Treball;..
Barcelona;08007;08025;Treball;..
Barcelona;08007;08026;Treball;..
Barcelona;08007;08028;Treball;..
Barcelona;08007;08029;Treball;..
Barcelona;08007;08031;Treball;..
Barcelona;08007;08032;Treball;..
Barcelona;08007;08034;Treball;..
Barcelona;08007;08035;Treball;..
Barcelona;08007;08036;Treball;..
Barcelona;08007;08037;Treball;..
Barcelona;08007;08039;Treball;..
Barcelona;08007;Barcelona;Treball;2007
Barcelona;08007;Diversos municipis;Treball;..
Barcelona;08007;Altres municipis;Treball;387
Barcelona;08007;Total;Treball;2505
Barcelona;08008;08001;Treball;..
Barcelona;08008;08002;Treball;..
Barcelona;08008;08003;Treball;..
Barcelona;08008;08005;Treball;..
Barcelona;08008;08006;Treball;..
Barcelona;08008;08007;Treball;..
Barcelona;08008;08008;Treball;481
Barcelona;08008;08009;Treball;..
Barcelona;08008;08010;Treball;..
Barcelona;08008;08011;Treball;..
Barcelona;08008;08012;Treball;..
Barcelona;08008;08013;Treball;..
Barcelona;08008;08015;Treball;..
Barcelona;08008;08017;Treball;..
Barcelona;08008;08018;Treball;..
Barcelona;08008;08019;Treball;..
Barcelona;08008;08021;Treball;..
Barcelona;08008;08022;Treball;..
Barcelona;08008;08023;Treball;..
Barcelona;08008;08024;Treball;..
Barcelona;08008;08025;Treball;..
Barcelona;08008;08028;Treball;..
Barcelona;08008;08029;Treball;..
Barcelona;08008;08030;Treball;..
Barcelona;08008;08034;Treball;..
Barcelona;08008;08035;Treball;..
Barcelona;08008;08036;Treball;275
Barcelona;08008;08037;Treball;..
Barcelona;08008;08038;Treball;..
Barcelona;08008;08039;Treball;..
Barcelona;08008;08040;Treball;..
Barcelona;08008;Barcelona;Treball;2163
Barcelona;08008;Diversos municipis;Treball;108
Barcelona;08008;Altres municipis;Treball;368
Barcelona;08008;Total;Treball;2640
Barcelona;08009;08001;Treball;..
Barcelona;08009;08002;Treball;..
Barcelona;08009;08003;Treball;148
Barcelona;08009;08004;Treball;..
Barcelona;08009;08005;Treball;..
Barcelona;08009;08006;Treball;..
Barcelona;08009;08007;Treball;161
Barcelona;08009;08008;Treball;..
Barcelona;08009;08009;Treball;929
Barcelona;08009;08010;Treball;..
Barcelona;08009;08011;Treball;..
Barcelona;08009;08012;Treball;..
Barcelona;08009;08013;Treball;124
Barcelona;08009;08014;Treball;..
Barcelona;08009;08015;Treball;..
Barcelona;08009;08016;Treball;..
Barcelona;08009;08017;Treball;..
Barcelona;08009;08018;Treball;..
Barcelona;08009;08019;Treball;..
Barcelona;08009;08020;Treball;..
Barcelona;08009;08021;Treball;..
Barcelona;08009;08022;Treball;..
Barcelona;08009;08023;Treball;..
Barcelona;08009;08025;Treball;..
Barcelona;08009;08026;Treball;..
Barcelona;08009;08027;Treball;..
Barcelona;08009;08028;Treball;144
Barcelona;08009;08029;Treball;..
Barcelona;08009;08030;Treball;..
Barcelona;08009;08034;Treball;..
Barcelona;08009;08035;Treball;..
Barcelona;08009;08036;Treball;153
Barcelona;08009;08037;Treball;167
Barcelona;08009;08038;Treball;..
Barcelona;08009;08039;Treball;..
Barcelona;08009;08040;Treball;..
Barcelona;08009;08041;Treball;..
Barcelona;08009;Barcelona;Treball;3502
Barcelona;08009;Hospitalet de Llobregat, l';Treball;141
Barcelona;08009;Diversos municipis;Treball;339
Barcelona;08009;Altres municipis;Treball;1011
Barcelona;08009;Total;Treball;4992
Barcelona;08010;08001;Treball;..
Barcelona;08010;08002;Treball;..
Barcelona;08010;08003;Treball;..
Barcelona;08010;08004;Treball;..
Barcelona;08010;08005;Treball;..
Barcelona;08010;08006;Treball;..
Barcelona;08010;08007;Treball;..
Barcelona;08010;08008;Treball;..
Barcelona;08010;08009;Treball;..
Barcelona;08010;08010;Treball;1061
Barcelona;08010;08011;Treball;..
Barcelona;08010;08012;Treball;..
Barcelona;08010;08013;Treball;..
Barcelona;08010;08014;Treball;..
Barcelona;08010;08015;Treball;148
Barcelona;08010;08016;Treball;..
Barcelona;08010;08017;Treball;..
Barcelona;08010;08018;Treball;..
Barcelona;08010;08020;Treball;..
Barcelona;08010;08021;Treball;..
Barcelona;08010;08022;Treball;..
Barcelona;08010;08024;Treball;..
Barcelona;08010;08025;Treball;..
Barcelona;08010;08026;Treball;..
Barcelona;08010;08028;Treball;..
Barcelona;08010;08029;Treball;..
Barcelona;08010;08033;Treball;..
Barcelona;08010;08034;Treball;..
Barcelona;08010;08035;Treball;..
Barcelona;08010;08036;Treball;..
Barcelona;08010;08037;Treball;..
Barcelona;08010;08038;Treball;..
Barcelona;08010;08039;Treball;..
Barcelona;08010;08041;Treball;..
Barcelona;08010;Barcelona;Treball;3422
Barcelona;08010;Diversos municipis;Treball;160
Barcelona;08010;Altres municipis;Treball;522
Barcelona;08010;Total;Treball;4104
Barcelona;08011;08001;Treball;440
Barcelona;08011;08002;Treball;302
Barcelona;08011;08003;Treball;169
Barcelona;08011;08004;Treball;..
Barcelona;08011;08005;Treball;..
Barcelona;08011;08006;Treball;231
Barcelona;08011;08007;Treball;283
Barcelona;08011;08008;Treball;..
Barcelona;08011;08009;Treball;170
Barcelona;08011;08010;Treball;148
Barcelona;08011;08011;Treball;1560
Barcelona;08011;08012;Treball;..
Barcelona;08011;08013;Treball;261
Barcelona;08011;08014;Treball;..
Barcelona;08011;08015;Treball;262
Barcelona;08011;08016;Treball;..
Barcelona;08011;08017;Treball;199
Barcelona;08011;08018;Treball;305
Barcelona;08011;08019;Treball;..
Barcelona;08011;08020;Treball;..
Barcelona;08011;08021;Treball;194
Barcelona;08011;08022;Treball;..
Barcelona;08011;08023;Treball;..
Barcelona;08011;08024;Treball;..
Barcelona;08011;08025;Treball;197
Barcelona;08011;08026;Treball;..
Barcelona;08011;08027;Treball;..
Barcelona;08011;08028;Treball;186
Barcelona;08011;08029;Treball;314
Barcelona;08011;08030;Treball;..
Barcelona;08011;08032;Treball;..
Barcelona;08011;08034;Treball;154
Barcelona;08011;08035;Treball;..
Barcelona;08011;08036;Treball;286
Barcelona;08011;08037;Treball;..
Barcelona;08011;08038;Treball;..
Barcelona;08011;08039;Treball;..
Barcelona;08011;08040;Treball;..
Barcelona;08011;08041;Treball;..
Barcelona;08011;Barcelona;Treball;6892
Barcelona;08011;Diversos municipis;Treball;514
Barcelona;08011;Altres municipis;Treball;1438
Barcelona;08011;Total;Treball;8844
Barcelona;08012;08001;Treball;476
Barcelona;08012;08002;Treball;342
Barcelona;08012;08003;Treball;290
Barcelona;08012;08004;Treball;..
Barcelona;08012;08005;Treball;204
Barcelona;08012;08006;Treball;686
Barcelona;08012;08007;Treball;305
Barcelona;08012;08008;Treball;228
Barcelona;08012;08009;Treball;270
Barcelona;08012;08010;Treball;141
Barcelona;08012;08011;Treball;..
Barcelona;08012;08012;Treball;2777
Barcelona;08012;08013;Treball;..
Barcelona;08012;08014;Treball;143
Barcelona;08012;08015;Treball;244
Barcelona;08012;08016;Treball;..
Barcelona;08012;08017;Treball;326
Barcelona;08012;08018;Treball;331
Barcelona;08012;08019;Treball;266
Barcelona;08012;08020;Treball;..
Barcelona;08012;08021;Treball;300
Barcelona;08012;08022;Treball;232
Barcelona;08012;08023;Treball;191
Barcelona;08012;08024;Treball;613
Barcelona;08012;08025;Treball;486
Barcelona;08012;08026;Treball;..
Barcelona;08012;08027;Treball;..
Barcelona;08012;08028;Treball;284
Barcelona;08012;08029;Treball;..
Barcelona;08012;08030;Treball;..
Barcelona;08012;08031;Treball;..
Barcelona;08012;08032;Treball;..
Barcelona;08012;08033;Treball;..
Barcelona;08012;08034;Treball;287
Barcelona;08012;08035;Treball;332
Barcelona;08012;08036;Treball;367
Barcelona;08012;08037;Treball;310
Barcelona;08012;08038;Treball;..
Barcelona;08012;08039;Treball;..
Barcelona;08012;08040;Treball;..
Barcelona;08012;08041;Treball;..
Barcelona;08012;08042;Treball;..
Barcelona;08012;Barcelona;Treball;11611
Barcelona;08012;Hospitalet de Llobregat, l';Treball;306
Barcelona;08012;Sant Cugat del Vallès;Treball;224
Barcelona;08012;Esplugues de Llobregat;Treball;123
Barcelona;08012;Diversos municipis;Treball;986
Barcelona;08012;Altres municipis;Treball;1649
Barcelona;08012;Total;Treball;14899
Barcelona;08013;08001;Treball;802
Barcelona;08013;08002;Treball;561
Barcelona;08013;08003;Treball;712
Barcelona;08013;08004;Treball;193
Barcelona;08013;08005;Treball;614
Barcelona;08013;08006;Treball;449
Barcelona;08013;08007;Treball;662
Barcelona;08013;08008;Treball;635
Barcelona;08013;08009;Treball;816
Barcelona;08013;08010;Treball;770
Barcelona;08013;08011;Treball;250
Barcelona;08013;08012;Treball;333
Barcelona;08013;08013;Treball;4304
Barcelona;08013;08014;Treball;419
Barcelona;08013;08015;Treball;671
Barcelona;08013;08016;Treball;192
Barcelona;08013;08017;Treball;530
Barcelona;08013;08018;Treball;650
Barcelona;08013;08019;Treball;271
Barcelona;08013;08020;Treball;..
Barcelona;08013;08021;Treball;470
Barcelona;08013;08022;Treball;254
Barcelona;08013;08023;Treball;..
Barcelona;08013;08024;Treball;..
Barcelona;08013;08025;Treball;752
Barcelona;08013;08026;Treball;246
Barcelona;08013;08027;Treball;191
Barcelona;08013;08028;Treball;612
Barcelona;08013;08029;Treball;571
Barcelona;08013;08030;Treball;221
Barcelona;08013;08031;Treball;111
Barcelona;08013;08032;Treball;..
Barcelona;08013;08033;Treball;..
Barcelona;08013;08034;Treball;317
Barcelona;08013;08035;Treball;309
Barcelona;08013;08036;Treball;462
Barcelona;08013;08037;Treball;476
Barcelona;08013;08038;Treball;321
Barcelona;08013;08039;Treball;..
Barcelona;08013;08040;Treball;304
Barcelona;08013;08041;Treball;..
Barcelona;08013;08042;Treball;139
Barcelona;08013;Barcelona;Treball;20262
Barcelona;08013;Hospitalet de Llobregat, l';Treball;605
Barcelona;08013;Sant Cugat del Vallès;Treball;466
Barcelona;08013;Badalona;Treball;299
Barcelona;08013;Prat de Llobregat, el;Treball;342
Barcelona;08013;Sabadell;Treball;237
Barcelona;08013;Cerdanyola del Vallès;Treball;257
Barcelona;08013;Esplugues de Llobregat;Treball;197
Barcelona;08013;Sant Joan Despí;Treball;170
Barcelona;08013;Cornellà de Llobregat;Treball;133
Barcelona;08013;Sant Boi de Llobregat;Treball;125
Barcelona;08013;Diversos municipis;Treball;1488
Barcelona;08013;Altres municipis;Treball;2219
Barcelona;08013;Total;Treball;26800
Barcelona;08014;08001;Treball;568
Barcelona;08014;08002;Treball;849
Barcelona;08014;08003;Treball;554
Barcelona;08014;08004;Treball;683
Barcelona;08014;08005;Treball;406
Barcelona;08014;08006;Treball;472
Barcelona;08014;08007;Treball;522
Barcelona;08014;08008;Treball;334
Barcelona;08014;08009;Treball;166
Barcelona;08014;08010;Treball;454
Barcelona;08014;08011;Treball;237
Barcelona;08014;08012;Treball;..
Barcelona;08014;08013;Treball;168
Barcelona;08014;08014;Treball;5188
Barcelona;08014;08015;Treball;884
Barcelona;08014;08016;Treball;..
Barcelona;08014;08017;Treball;510
Barcelona;08014;08018;Treball;395
Barcelona;08014;08019;Treball;392
Barcelona;08014;08020;Treball;140
Barcelona;08014;08021;Treball;219
Barcelona;08014;08022;Treball;272
Barcelona;08014;08023;Treball;218
Barcelona;08014;08024;Treball;239
Barcelona;08014;08025;Treball;160
Barcelona;08014;08026;Treball;..
Barcelona;08014;08027;Treball;132
Barcelona;08014;08028;Treball;1833
Barcelona;08014;08029;Treball;1106
Barcelona;08014;08030;Treball;124
Barcelona;08014;08031;Treball;..
Barcelona;08014;08032;Treball;..
Barcelona;08014;08033;Treball;..
Barcelona;08014;08034;Treball;547
Barcelona;08014;08035;Treball;127
Barcelona;08014;08036;Treball;512
Barcelona;08014;08037;Treball;245
Barcelona;08014;08038;Treball;651
Barcelona;08014;08039;Treball;263
Barcelona;08014;08040;Treball;510
Barcelona;08014;08041;Treball;..
Barcelona;08014;08042;Treball;..
Barcelona;08014;Barcelona;Treball;20890
Barcelona;08014;Hospitalet de Llobregat, l';Treball;1211
Barcelona;08014;Cornellà de Llobregat;Treball;445
Barcelona;08014;Prat de Llobregat, el;Treball;497
Barcelona;08014;Sant Cugat del Vallès;Treball;357
Barcelona;08014;Badalona;Treball;265
Barcelona;08014;Sant Joan Despí;Treball;218
Barcelona;08014;Martorell;Treball;289
Barcelona;08014;Cerdanyola del Vallès;Treball;232
Barcelona;08014;Esplugues de Llobregat;Treball;177
Barcelona;08014;Sant Boi de Llobregat;Treball;177
Barcelona;08014;Sabadell;Treball;123
Barcelona;08014;Castelldefels;Treball;136
Barcelona;08014;Diversos municipis;Treball;2001
Barcelona;08014;Altres municipis;Treball;2519
Barcelona;08014;Total;Treball;29536
Barcelona;08015;08001;Treball;1196
Barcelona;08015;08002;Treball;526
Barcelona;08015;08003;Treball;585
Barcelona;08015;08004;Treball;380
Barcelona;08015;08005;Treball;261
Barcelona;08015;08006;Treball;509
Barcelona;08015;08007;Treball;569
Barcelona;08015;08008;Treball;525
Barcelona;08015;08009;Treball;702
Barcelona;08015;08010;Treball;907
Barcelona;08015;08011;Treball;637
Barcelona;08015;08012;Treball;189
Barcelona;08015;08013;Treball;792
Barcelona;08015;08014;Treball;328
Barcelona;08015;08015;Treball;4872
Barcelona;08015;08016;Treball;171
Barcelona;08015;08017;Treball;640
Barcelona;08015;08018;Treball;319
Barcelona;08015;08019;Treball;240
Barcelona;08015;08020;Treball;222
Barcelona;08015;08021;Treball;490
Barcelona;08015;08022;Treball;238
Barcelona;08015;08023;Treball;..
Barcelona;08015;08024;Treball;246
Barcelona;08015;08025;Treball;426
Barcelona;08015;08026;Treball;..
Barcelona;08015;08027;Treball;..
Barcelona;08015;08028;Treball;899
Barcelona;08015;08029;Treball;910
Barcelona;08015;08030;Treball;207
Barcelona;08015;08031;Treball;..
Barcelona;08015;08032;Treball;..
Barcelona;08015;08033;Treball;..
Barcelona;08015;08034;Treball;639
Barcelona;08015;08035;Treball;314
Barcelona;08015;08036;Treball;767
Barcelona;08015;08037;Treball;460
Barcelona;08015;08038;Treball;300
Barcelona;08015;08039;Treball;..
Barcelona;08015;08040;Treball;210
Barcelona;08015;08041;Treball;..
Barcelona;08015;08042;Treball;..
Barcelona;08015;Barcelona;Treball;21283
Barcelona;08015;Hospitalet de Llobregat, l';Treball;773
Barcelona;08015;Sant Cugat del Vallès;Treball;569
Barcelona;08015;Cornellà de Llobregat;Treball;326
Barcelona;08015;Badalona;Treball;444
Barcelona;08015;Prat de Llobregat, el;Treball;146
Barcelona;08015;Esplugues de Llobregat;Treball;177
Barcelona;08015;Sant Joan Despí;Treball;183
Barcelona;08015;Diversos municipis;Treball;1339
Barcelona;08015;Altres municipis;Treball;3041
Barcelona;08015;Total;Treball;28282
Barcelona;08016;08001;Treball;494
Barcelona;08016;08002;Treball;383
Barcelona;08016;08003;Treball;485
Barcelona;08016;08004;Treball;..
Barcelona;08016;08005;Treball;387
Barcelona;08016;08006;Treball;341
Barcelona;08016;08007;Treball;384
Barcelona;08016;08008;Treball;303
Barcelona;08016;08009;Treball;215
Barcelona;08016;08010;Treball;..
Barcelona;08016;08011;Treball;121
Barcelona;08016;08012;Treball;250
Barcelona;08016;08013;Treball;313
Barcelona;08016;08014;Treball;262
Barcelona;08016;08015;Treball;261
Barcelona;08016;08016;Treball;4062
Barcelona;08016;08017;Treball;280
Barcelona;08016;08018;Treball;527
Barcelona;08016;08019;Treball;171
Barcelona;08016;08020;Treball;..
Barcelona;08016;08021;Treball;240
Barcelona;08016;08022;Treball;216
Barcelona;08016;08023;Treball;..
Barcelona;08016;08024;Treball;175
Barcelona;08016;08025;Treball;463
Barcelona;08016;08026;Treball;..
Barcelona;08016;08027;Treball;472
Barcelona;08016;08028;Treball;358
Barcelona;08016;08029;Treball;434
Barcelona;08016;08030;Treball;676
Barcelona;08016;08031;Treball;598
Barcelona;08016;08032;Treball;198
Barcelona;08016;08033;Treball;227
Barcelona;08016;08034;Treball;159
Barcelona;08016;08035;Treball;509
Barcelona;08016;08036;Treball;220
Barcelona;08016;08037;Treball;233
Barcelona;08016;08038;Treball;178
Barcelona;08016;08039;Treball;..
Barcelona;08016;08040;Treball;439
Barcelona;08016;08041;Treball;313
Barcelona;08016;08042;Treball;808
Barcelona;08016;Barcelona;Treball;16648
Barcelona;08016;Hospitalet de Llobregat, l';Treball;443
Barcelona;08016;Prat de Llobregat, el;Treball;317
Barcelona;08016;Badalona;Treball;261
Barcelona;08016;Sabadell;Treball;182
Barcelona;08016;Sant Cugat del Vallès;Treball;262
Barcelona;08016;Santa Coloma de Gramenet;Treball;170
Barcelona;08016;Martorell;Treball;165
Barcelona;08016;Montcada i Reixac;Treball;139
Barcelona;08016;Sant Joan Despí;Treball;132
Barcelona;08016;Cornellà de Llobregat;Treball;137
Barcelona;08016;Diversos municipis;Treball;1490
Barcelona;08016;Altres municipis;Treball;2398
Barcelona;08016;Total;Treball;22743
Barcelona;08017;08001;Treball;110
Barcelona;08017;08002;Treball;120
Barcelona;08017;08003;Treball;174
Barcelona;08017;08004;Treball;..
Barcelona;08017;08005;Treball;192
Barcelona;08017;08006;Treball;738
Barcelona;08017;08007;Treball;443
Barcelona;08017;08008;Treball;352
Barcelona;08017;08009;Treball;158
Barcelona;08017;08010;Treball;134
Barcelona;08017;08011;Treball;..
Barcelona;08017;08012;Treball;..
Barcelona;08017;08013;Treball;..
Barcelona;08017;08014;Treball;161
Barcelona;08017;08015;Treball;174
Barcelona;08017;08016;Treball;..
Barcelona;08017;08017;Treball;2863
Barcelona;08017;08018;Treball;242
Barcelona;08017;08019;Treball;..
Barcelona;08017;08020;Treball;..
Barcelona;08017;08021;Treball;504
Barcelona;08017;08022;Treball;671
Barcelona;08017;08023;Treball;..
Barcelona;08017;08024;Treball;..
Barcelona;08017;08025;Treball;..
Barcelona;08017;08026;Treball;..
Barcelona;08017;08027;Treball;..
Barcelona;08017;08028;Treball;406
Barcelona;08017;08029;Treball;319
Barcelona;08017;08030;Treball;..
Barcelona;08017;08032;Treball;..
Barcelona;08017;08034;Treball;498
Barcelona;08017;08035;Treball;..
Barcelona;08017;08036;Treball;393
Barcelona;08017;08037;Treball;154
Barcelona;08017;08038;Treball;..
Barcelona;08017;08039;Treball;..
Barcelona;08017;08040;Treball;..
Barcelona;08017;08042;Treball;..
Barcelona;08017;Barcelona;Treball;9960
Barcelona;08017;Hospitalet de Llobregat, l';Treball;259
Barcelona;08017;Sant Cugat del Vallès;Treball;217
Barcelona;08017;Diversos municipis;Treball;814
Barcelona;08017;Altres municipis;Treball;1911
Barcelona;08017;Total;Treball;13160
Barcelona;08018;08001;Treball;495
Barcelona;08018;08002;Treball;282
Barcelona;08018;08003;Treball;685
Barcelona;08018;08004;Treball;..
Barcelona;08018;08005;Treball;1020
Barcelona;08018;08006;Treball;416
Barcelona;08018;08007;Treball;323
Barcelona;08018;08008;Treball;276
Barcelona;08018;08009;Treball;323
Barcelona;08018;08010;Treball;364
Barcelona;08018;08011;Treball;159
Barcelona;08018;08012;Treball;197
Barcelona;08018;08013;Treball;615
Barcelona;08018;08014;Treball;132
Barcelona;08018;08015;Treball;210
Barcelona;08018;08016;Treball;..
Barcelona;08018;08017;Treball;581
Barcelona;08018;08018;Treball;3207
Barcelona;08018;08019;Treball;525
Barcelona;08018;08020;Treball;705
Barcelona;08018;08021;Treball;276
Barcelona;08018;08022;Treball;..
Barcelona;08018;08023;Treball;..
Barcelona;08018;08024;Treball;..
Barcelona;08018;08025;Treball;532
Barcelona;08018;08026;Treball;380
Barcelona;08018;08027;Treball;126
Barcelona;08018;08028;Treball;346
Barcelona;08018;08029;Treball;285
Barcelona;08018;08030;Treball;259
Barcelona;08018;08031;Treball;..
Barcelona;08018;08032;Treball;..
Barcelona;08018;08034;Treball;206
Barcelona;08018;08035;Treball;211
Barcelona;08018;08036;Treball;332
Barcelona;08018;08037;Treball;136
Barcelona;08018;08038;Treball;117
Barcelona;08018;08039;Treball;..
Barcelona;08018;08040;Treball;366
Barcelona;08018;08041;Treball;..
Barcelona;08018;08042;Treball;..
Barcelona;08018;Barcelona;Treball;14979
Barcelona;08018;Hospitalet de Llobregat, l';Treball;481
Barcelona;08018;Badalona;Treball;351
Barcelona;08018;Prat de Llobregat, el;Treball;215
Barcelona;08018;Cornellà de Llobregat;Treball;204
Barcelona;08018;Sant Cugat del Vallès;Treball;236
Barcelona;08018;Cerdanyola del Vallès;Treball;184
Barcelona;08018;Martorell;Treball;107
Barcelona;08018;Diversos municipis;Treball;1149
Barcelona;08018;Altres municipis;Treball;2302
Barcelona;08018;Total;Treball;20208
Barcelona;08019;08001;Treball;241
Barcelona;08019;08002;Treball;155
Barcelona;08019;08003;Treball;321
Barcelona;08019;08004;Treball;..
Barcelona;08019;08005;Treball;779
Barcelona;08019;08006;Treball;191
Barcelona;08019;08007;Treball;248
Barcelona;08019;08008;Treball;..
Barcelona;08019;08009;Treball;182
Barcelona;08019;08010;Treball;331
Barcelona;08019;08011;Treball;..
Barcelona;08019;08012;Treball;..
Barcelona;08019;08013;Treball;232
Barcelona;08019;08014;Treball;..
Barcelona;08019;08015;Treball;136
Barcelona;08019;08016;Treball;..
Barcelona;08019;08017;Treball;247
Barcelona;08019;08018;Treball;481
Barcelona;08019;08019;Treball;2335
Barcelona;08019;08020;Treball;519
Barcelona;08019;08021;Treball;..
Barcelona;08019;08022;Treball;..
Barcelona;08019;08023;Treball;..
Barcelona;08019;08024;Treball;..
Barcelona;08019;08025;Treball;291
Barcelona;08019;08026;Treball;189
Barcelona;08019;08027;Treball;..
Barcelona;08019;08028;Treball;209
Barcelona;08019;08029;Treball;201
Barcelona;08019;08030;Treball;200
Barcelona;08019;08031;Treball;..
Barcelona;08019;08032;Treball;..
Barcelona;08019;08033;Treball;..
Barcelona;08019;08034;Treball;..
Barcelona;08019;08035;Treball;..
Barcelona;08019;08036;Treball;195
Barcelona;08019;08037;Treball;..
Barcelona;08019;08038;Treball;..
Barcelona;08019;08039;Treball;..
Barcelona;08019;08040;Treball;345
Barcelona;08019;08041;Treball;..
Barcelona;08019;08042;Treball;..
Barcelona;08019;Barcelona;Treball;9801
Barcelona;08019;Hospitalet de Llobregat, l';Treball;301
Barcelona;08019;Badalona;Treball;341
Barcelona;08019;Prat de Llobregat, el;Treball;145
Barcelona;08019;Diversos municipis;Treball;808
Barcelona;08019;Altres municipis;Treball;2121
Barcelona;08019;Total;Treball;13517
Barcelona;08020;08001;Treball;372
Barcelona;08020;08002;Treball;351
Barcelona;08020;08003;Treball;431
Barcelona;08020;08004;Treball;..
Barcelona;08020;08005;Treball;1314
Barcelona;08020;08006;Treball;579
Barcelona;08020;08007;Treball;516
Barcelona;08020;08008;Treball;251
Barcelona;08020;08009;Treball;269
Barcelona;08020;08010;Treball;502
Barcelona;08020;08011;Treball;182
Barcelona;08020;08012;Treball;..
Barcelona;08020;08013;Treball;506
Barcelona;08020;08014;Treball;352
Barcelona;08020;08015;Treball;316
Barcelona;08020;08016;Treball;94
Barcelona;08020;08017;Treball;277
Barcelona;08020;08018;Treball;967
Barcelona;08020;08019;Treball;850
Barcelona;08020;08020;Treball;4305
Barcelona;08020;08021;Treball;298
Barcelona;08020;08022;Treball;281
Barcelona;08020;08023;Treball;191
Barcelona;08020;08024;Treball;195
Barcelona;08020;08025;Treball;446
Barcelona;08020;08026;Treball;289
Barcelona;08020;08027;Treball;324
Barcelona;08020;08028;Treball;400
Barcelona;08020;08029;Treball;366
Barcelona;08020;08030;Treball;427
Barcelona;08020;08031;Treball;..
Barcelona;08020;08032;Treball;..
Barcelona;08020;08033;Treball;..
Barcelona;08020;08034;Treball;315
Barcelona;08020;08035;Treball;153
Barcelona;08020;08036;Treball;334
Barcelona;08020;08037;Treball;284
Barcelona;08020;08038;Treball;217
Barcelona;08020;08039;Treball;100
Barcelona;08020;08040;Treball;367
Barcelona;08020;08041;Treball;126
Barcelona;08020;08042;Treball;..
Barcelona;08020;Barcelona;Treball;17920
Barcelona;08020;Badalona;Treball;583
Barcelona;08020;Hospitalet de Llobregat, l';Treball;648
Barcelona;08020;Prat de Llobregat, el;Treball;322
Barcelona;08020;Sant Adrià de Besòs;Treball;267
Barcelona;08020;Cornellà de Llobregat;Treball;196
Barcelona;08020;Sant Cugat del Vallès;Treball;180
Barcelona;08020;Martorell;Treball;159
Barcelona;08020;Montcada i Reixac;Treball;131
Barcelona;08020;Rubí;Treball;138
Barcelona;08020;Santa Coloma de Gramenet;Treball;159
Barcelona;08020;Sabadell;Treball;111
Barcelona;08020;Terrassa;Treball;126
Barcelona;08020;Diversos municipis;Treball;1656
Barcelona;08020;Altres municipis;Treball;2174
Barcelona;08020;Total;Treball;24771
Barcelona;08021;08001;Treball;222
Barcelona;08021;08002;Treball;188
Barcelona;08021;08003;Treball;..
Barcelona;08021;08004;Treball;..
Barcelona;08021;08005;Treball;..
Barcelona;08021;08006;Treball;613
Barcelona;08021;08007;Treball;264
Barcelona;08021;08008;Treball;372
Barcelona;08021;08009;Treball;189
Barcelona;08021;08010;Treball;..
Barcelona;08021;08011;Treball;..
Barcelona;08021;08012;Treball;..
Barcelona;08021;08013;Treball;..
Barcelona;08021;08014;Treball;..
Barcelona;08021;08015;Treball;178
Barcelona;08021;08017;Treball;560
Barcelona;08021;08018;Treball;186
Barcelona;08021;08019;Treball;..
Barcelona;08021;08020;Treball;..
Barcelona;08021;08021;Treball;2381
Barcelona;08021;08022;Treball;212
Barcelona;08021;08023;Treball;..
Barcelona;08021;08024;Treball;..
Barcelona;08021;08025;Treball;..
Barcelona;08021;08026;Treball;..
Barcelona;08021;08027;Treball;..
Barcelona;08021;08028;Treball;316
Barcelona;08021;08029;Treball;310
Barcelona;08021;08030;Treball;..
Barcelona;08021;08032;Treball;..
Barcelona;08021;08033;Treball;..
Barcelona;08021;08034;Treball;398
Barcelona;08021;08035;Treball;167
Barcelona;08021;08036;Treball;398
Barcelona;08021;08037;Treball;173
Barcelona;08021;08038;Treball;..
Barcelona;08021;08039;Treball;..
Barcelona;08021;08040;Treball;165
Barcelona;08021;08041;Treball;..
Barcelona;08021;Barcelona;Treball;8599
Barcelona;08021;Hospitalet de Llobregat, l';Treball;250
Barcelona;08021;Sant Cugat del Vallès;Treball;154
Barcelona;08021;Diversos municipis;Treball;392
Barcelona;08021;Altres municipis;Treball;1397
Barcelona;08021;Total;Treball;10792
Barcelona;08022;08001;Treball;166
Barcelona;08022;08002;Treball;197
Barcelona;08022;08003;Treball;..
Barcelona;08022;08004;Treball;..
Barcelona;08022;08005;Treball;176
Barcelona;08022;08006;Treball;887
Barcelona;08022;08007;Treball;613
Barcelona;08022;08008;Treball;278
Barcelona;08022;08009;Treball;234
Barcelona;08022;08010;Treball;139
Barcelona;08022;08011;Treball;..
Barcelona;08022;08012;Treball;180
Barcelona;08022;08013;Treball;..
Barcelona;08022;08014;Treball;227
Barcelona;08022;08015;Treball;..
Barcelona;08022;08016;Treball;..
Barcelona;08022;08017;Treball;550
Barcelona;08022;08018;Treball;189
Barcelona;08022;08019;Treball;..
Barcelona;08022;08020;Treball;..
Barcelona;08022;08021;Treball;381
Barcelona;08022;08022;Treball;2492
Barcelona;08022;08023;Treball;..
Barcelona;08022;08024;Treball;..
Barcelona;08022;08025;Treball;247
Barcelona;08022;08026;Treball;..
Barcelona;08022;08027;Treball;..
Barcelona;08022;08028;Treball;431
Barcelona;08022;08029;Treball;286
Barcelona;08022;08030;Treball;..
Barcelona;08022;08031;Treball;..
Barcelona;08022;08032;Treball;..
Barcelona;08022;08033;Treball;..
Barcelona;08022;08034;Treball;476
Barcelona;08022;08035;Treball;242
Barcelona;08022;08036;Treball;361
Barcelona;08022;08037;Treball;..
Barcelona;08022;08038;Treball;..
Barcelona;08022;08039;Treball;..
Barcelona;08022;08040;Treball;..
Barcelona;08022;08041;Treball;..
Barcelona;08022;08042;Treball;..
Barcelona;08022;Barcelona;Treball;10167
Barcelona;08022;Sant Cugat del Vallès;Treball;257
Barcelona;08022;Hospitalet de Llobregat, l';Treball;327
Barcelona;08022;Diversos municipis;Treball;607
Barcelona;08022;Altres municipis;Treball;1684
Barcelona;08022;Total;Treball;13042
Barcelona;08023;08001;Treball;358
Barcelona;08023;08002;Treball;263
Barcelona;08023;08003;Treball;383
Barcelona;08023;08004;Treball;..
Barcelona;08023;08005;Treball;167
Barcelona;08023;08006;Treball;1345
Barcelona;08023;08007;Treball;672
Barcelona;08023;08008;Treball;372
Barcelona;08023;08009;Treball;205
Barcelona;08023;08010;Treball;245
Barcelona;08023;08011;Treball;161
Barcelona;08023;08012;Treball;190
Barcelona;08023;08013;Treball;124
Barcelona;08023;08014;Treball;..
Barcelona;08023;08015;Treball;310
Barcelona;08023;08016;Treball;..
Barcelona;08023;08017;Treball;439
Barcelona;08023;08018;Treball;282
Barcelona;08023;08019;Treball;192
Barcelona;08023;08020;Treball;..
Barcelona;08023;08021;Treball;381
Barcelona;08023;08022;Treball;431
Barcelona;08023;08023;Treball;2531
Barcelona;08023;08024;Treball;377
Barcelona;08023;08025;Treball;450
Barcelona;08023;08026;Treball;..
Barcelona;08023;08027;Treball;..
Barcelona;08023;08028;Treball;533
Barcelona;08023;08029;Treball;246
Barcelona;08023;08030;Treball;..
Barcelona;08023;08031;Treball;..
Barcelona;08023;08032;Treball;108
Barcelona;08023;08034;Treball;284
Barcelona;08023;08035;Treball;446
Barcelona;08023;08036;Treball;242
Barcelona;08023;08037;Treball;214
Barcelona;08023;08038;Treball;..
Barcelona;08023;08039;Treball;..
Barcelona;08023;08040;Treball;258
Barcelona;08023;08041;Treball;..
Barcelona;08023;08042;Treball;..
Barcelona;08023;Barcelona;Treball;13024
Barcelona;08023;Hospitalet de Llobregat, l';Treball;328
Barcelona;08023;Prat de Llobregat, el;Treball;185
Barcelona;08023;Sant Cugat del Vallès;Treball;258
Barcelona;08023;Cerdanyola del Vallès;Treball;128
Barcelona;08023;Diversos municipis;Treball;896
Barcelona;08023;Altres municipis;Treball;1785
Barcelona;08023;Total;Treball;16604
Barcelona;08024;08001;Treball;602
Barcelona;08024;08002;Treball;296
Barcelona;08024;08003;Treball;494
Barcelona;08024;08004;Treball;148
Barcelona;08024;08005;Treball;376
Barcelona;08024;08006;Treball;615
Barcelona;08024;08007;Treball;505
Barcelona;08024;08008;Treball;602
Barcelona;08024;08009;Treball;301
Barcelona;08024;08010;Treball;386
Barcelona;08024;08011;Treball;278
Barcelona;08024;08012;Treball;671
Barcelona;08024;08013;Treball;368
Barcelona;08024;08014;Treball;519
Barcelona;08024;08015;Treball;258
Barcelona;08024;08016;Treball;..
Barcelona;08024;08017;Treball;372
Barcelona;08024;08018;Treball;502
Barcelona;08024;08019;Treball;172
Barcelona;08024;08020;Treball;..
Barcelona;08024;08021;Treball;260
Barcelona;08024;08022;Treball;283
Barcelona;08024;08023;Treball;456
Barcelona;08024;08024;Treball;4356
Barcelona;08024;08025;Treball;918
Barcelona;08024;08026;Treball;..
Barcelona;08024;08027;Treball;131
Barcelona;08024;08028;Treball;450
Barcelona;08024;08029;Treball;393
Barcelona;08024;08030;Treball;..
Barcelona;08024;08031;Treball;..
Barcelona;08024;08032;Treball;336
Barcelona;08024;08033;Treball;..
Barcelona;08024;08034;Treball;475
Barcelona;08024;08035;Treball;505
Barcelona;08024;08036;Treball;466
Barcelona;08024;08037;Treball;362
Barcelona;08024;08038;Treball;120
Barcelona;08024;08039;Treball;..
Barcelona;08024;08040;Treball;221
Barcelona;08024;08041;Treball;301
Barcelona;08024;08042;Treball;..
Barcelona;08024;Barcelona;Treball;17979
Barcelona;08024;Hospitalet de Llobregat, l';Treball;470
Barcelona;08024;Badalona;Treball;369
Barcelona;08024;Sant Cugat del Vallès;Treball;290
Barcelona;08024;Prat de Llobregat, el;Treball;249
Barcelona;08024;Cornellà de Llobregat;Treball;132
Barcelona;08024;Esplugues de Llobregat;Treball;110
Barcelona;08024;Cerdanyola del Vallès;Treball;155
Barcelona;08024;Diversos municipis;Treball;1496
Barcelona;08024;Altres municipis;Treball;2313
Barcelona;08024;Total;Treball;23562
Barcelona;08025;08001;Treball;645
Barcelona;08025;08002;Treball;363
Barcelona;08025;08003;Treball;712
Barcelona;08025;08004;Treball;145
Barcelona;08025;08005;Treball;444
Barcelona;08025;08006;Treball;921
Barcelona;08025;08007;Treball;707
Barcelona;08025;08008;Treball;518
Barcelona;08025;08009;Treball;531
Barcelona;08025;08010;Treball;513
Barcelona;08025;08011;Treball;201
Barcelona;08025;08012;Treball;457
Barcelona;08025;08013;Treball;657
Barcelona;08025;08014;Treball;372
Barcelona;08025;08015;Treball;528
Barcelona;08025;08016;Treball;102
Barcelona;08025;08017;Treball;524
Barcelona;08025;08018;Treball;583
Barcelona;08025;08019;Treball;383
Barcelona;08025;08020;Treball;352
Barcelona;08025;08021;Treball;489
Barcelona;08025;08022;Treball;305
Barcelona;08025;08023;Treball;276
Barcelona;08025;08024;Treball;522
Barcelona;08025;08025;Treball;5004
Barcelona;08025;08026;Treball;239
Barcelona;08025;08027;Treball;262
Barcelona;08025;08028;Treball;781
Barcelona;08025;08029;Treball;472
Barcelona;08025;08030;Treball;275
Barcelona;08025;08031;Treball;263
Barcelona;08025;08032;Treball;297
Barcelona;08025;08033;Treball;..
Barcelona;08025;08034;Treball;485
Barcelona;08025;08035;Treball;517
Barcelona;08025;08036;Treball;597
Barcelona;08025;08037;Treball;458
Barcelona;08025;08038;Treball;193
Barcelona;08025;08039;Treball;..
Barcelona;08025;08040;Treball;288
Barcelona;08025;08041;Treball;399
Barcelona;08025;08042;Treball;..
Barcelona;08025;Barcelona;Treball;21985
Barcelona;08025;Hospitalet de Llobregat, l';Treball;578
Barcelona;08025;Badalona;Treball;397
Barcelona;08025;Sant Cugat del Vallès;Treball;313
Barcelona;08025;Cornellà de Llobregat;Treball;315
Barcelona;08025;Prat de Llobregat, el;Treball;300
Barcelona;08025;Sant Joan Despí;Treball;206
Barcelona;08025;Mollet del Vallès;Treball;223
Barcelona;08025;Cerdanyola del Vallès;Treball;168
Barcelona;08025;Terrassa;Treball;129
Barcelona;08025;Rubí;Treball;123
Barcelona;08025;Diversos municipis;Treball;1577
Barcelona;08025;Altres municipis;Treball;2308
Barcelona;08025;Total;Treball;28621
Barcelona;08026;08001;Treball;408
Barcelona;08026;08002;Treball;300
Barcelona;08026;08003;Treball;387
Barcelona;08026;08004;Treball;..
Barcelona;08026;08005;Treball;899
Barcelona;08026;08006;Treball;344
Barcelona;08026;08007;Treball;404
Barcelona;08026;08008;Treball;209
Barcelona;08026;08009;Treball;171
Barcelona;08026;08010;Treball;345
Barcelona;08026;08011;Treball;100
Barcelona;08026;08012;Treball;..
Barcelona;08026;08013;Treball;412
Barcelona;08026;08014;Treball;..
Barcelona;08026;08015;Treball;372
Barcelona;08026;08016;Treball;..
Barcelona;08026;08017;Treball;182
Barcelona;08026;08018;Treball;763
Barcelona;08026;08019;Treball;516
Barcelona;08026;08020;Treball;638
Barcelona;08026;08021;Treball;192
Barcelona;08026;08022;Treball;..
Barcelona;08026;08023;Treball;..
Barcelona;08026;08024;Treball;116
Barcelona;08026;08025;Treball;496
Barcelona;08026;08026;Treball;2177
Barcelona;08026;08027;Treball;206
Barcelona;08026;08028;Treball;467
Barcelona;08026;08029;Treball;328
Barcelona;08026;08030;Treball;203
Barcelona;08026;08031;Treball;..
Barcelona;08026;08032;Treball;..
Barcelona;08026;08033;Treball;200
Barcelona;08026;08034;Treball;171
Barcelona;08026;08035;Treball;291
Barcelona;08026;08036;Treball;210
Barcelona;08026;08037;Treball;..
Barcelona;08026;08038;Treball;..
Barcelona;08026;08039;Treball;196
Barcelona;08026;08040;Treball;204
Barcelona;08026;08041;Treball;..
Barcelona;08026;Barcelona;Treball;12978
Barcelona;08026;Hospitalet de Llobregat, l';Treball;500
Barcelona;08026;Badalona;Treball;292
Barcelona;08026;Cornellà de Llobregat;Treball;193
Barcelona;08026;Sant Cugat del Vallès;Treball;181
Barcelona;08026;Prat de Llobregat, el;Treball;144
Barcelona;08026;Cerdanyola del Vallès;Treball;113
Barcelona;08026;Diversos municipis;Treball;712
Barcelona;08026;Altres municipis;Treball;1892
Barcelona;08026;Total;Treball;17005
Barcelona;08027;08001;Treball;495
Barcelona;08027;08002;Treball;407
Barcelona;08027;08003;Treball;664
Barcelona;08027;08004;Treball;124
Barcelona;08027;08005;Treball;341
Barcelona;08027;08006;Treball;552
Barcelona;08027;08007;Treball;557
Barcelona;08027;08008;Treball;324
Barcelona;08027;08009;Treball;412
Barcelona;08027;08010;Treball;500
Barcelona;08027;08011;Treball;327
Barcelona;08027;08012;Treball;170
Barcelona;08027;08013;Treball;430
Barcelona;08027;08014;Treball;363
Barcelona;08027;08015;Treball;424
Barcelona;08027;08016;Treball;193
Barcelona;08027;08017;Treball;389
Barcelona;08027;08018;Treball;823
Barcelona;08027;08019;Treball;346
Barcelona;08027;08020;Treball;344
Barcelona;08027;08021;Treball;391
Barcelona;08027;08022;Treball;170
Barcelona;08027;08023;Treball;195
Barcelona;08027;08024;Treball;237
Barcelona;08027;08025;Treball;564
Barcelona;08027;08026;Treball;259
Barcelona;08027;08027;Treball;4392
Barcelona;08027;08028;Treball;592
Barcelona;08027;08029;Treball;444
Barcelona;08027;08030;Treball;2087
Barcelona;08027;08031;Treball;159
Barcelona;08027;08032;Treball;111
Barcelona;08027;08033;Treball;229
Barcelona;08027;08034;Treball;310
Barcelona;08027;08035;Treball;299
Barcelona;08027;08036;Treball;503
Barcelona;08027;08037;Treball;293
Barcelona;08027;08038;Treball;191
Barcelona;08027;08039;Treball;..
Barcelona;08027;08040;Treball;412
Barcelona;08027;08041;Treball;126
Barcelona;08027;08042;Treball;233
Barcelona;08027;Barcelona;Treball;20494
Barcelona;08027;Hospitalet de Llobregat, l';Treball;746
Barcelona;08027;Badalona;Treball;439
Barcelona;08027;Prat de Llobregat, el;Treball;441
Barcelona;08027;Sant Cugat del Vallès;Treball;440
Barcelona;08027;Sabadell;Treball;306
Barcelona;08027;Santa Coloma de Gramenet;Treball;250
Barcelona;08027;Montcada i Reixac;Treball;207
Barcelona;08027;Cornellà de Llobregat;Treball;223
Barcelona;08027;Cerdanyola del Vallès;Treball;152
Barcelona;08027;Barberà del Vallès;Treball;143
Barcelona;08027;Martorell;Treball;108
Barcelona;08027;Ripollet;Treball;100
Barcelona;08027;Sant Joan Despí;Treball;103
Barcelona;08027;Diversos municipis;Treball;1704
Barcelona;08027;Altres municipis;Treball;2641
Barcelona;08027;Total;Treball;28497
Barcelona;08028;08001;Treball;596
Barcelona;08028;08002;Treball;567
Barcelona;08028;08003;Treball;671
Barcelona;08028;08004;Treball;685
Barcelona;08028;08005;Treball;456
Barcelona;08028;08006;Treball;765
Barcelona;08028;08007;Treball;872
Barcelona;08028;08008;Treball;384
Barcelona;08028;08009;Treball;322
Barcelona;08028;08010;Treball;384
Barcelona;08028;08011;Treball;377
Barcelona;08028;08012;Treball;261
Barcelona;08028;08013;Treball;395
Barcelona;08028;08014;Treball;1618
Barcelona;08028;08015;Treball;551
Barcelona;08028;08016;Treball;..
Barcelona;08028;08017;Treball;611
Barcelona;08028;08018;Treball;406
Barcelona;08028;08019;Treball;381
Barcelona;08028;08020;Treball;..
Barcelona;08028;08021;Treball;580
Barcelona;08028;08022;Treball;525
Barcelona;08028;08023;Treball;230
Barcelona;08028;08024;Treball;171
Barcelona;08028;08025;Treball;281
Barcelona;08028;08026;Treball;..
Barcelona;08028;08027;Treball;175
Barcelona;08028;08028;Treball;7194
Barcelona;08028;08029;Treball;1233
Barcelona;08028;08030;Treball;158
Barcelona;08028;08031;Treball;..
Barcelona;08028;08032;Treball;..
Barcelona;08028;08033;Treball;..
Barcelona;08028;08034;Treball;1028
Barcelona;08028;08035;Treball;361
Barcelona;08028;08036;Treball;733
Barcelona;08028;08037;Treball;289
Barcelona;08028;08038;Treball;577
Barcelona;08028;08039;Treball;..
Barcelona;08028;08040;Treball;466
Barcelona;08028;08041;Treball;..
Barcelona;08028;08042;Treball;..
Barcelona;08028;Barcelona;Treball;24848
Barcelona;08028;Hospitalet de Llobregat, l';Treball;1651
Barcelona;08028;Sant Cugat del Vallès;Treball;499
Barcelona;08028;Prat de Llobregat, el;Treball;392
Barcelona;08028;Cornellà de Llobregat;Treball;434
Barcelona;08028;Esplugues de Llobregat;Treball;244
Barcelona;08028;Martorell;Treball;355
Barcelona;08028;Sant Boi de Llobregat;Treball;271
Barcelona;08028;Sant Joan Despí;Treball;302
Barcelona;08028;Badalona;Treball;244
Barcelona;08028;Cerdanyola del Vallès;Treball;166
Barcelona;08028;Sant Feliu de Llobregat;Treball;143
Barcelona;08028;Sant Just Desvern;Treball;146
Barcelona;08028;Santa Coloma de Gramenet;Treball;142
Barcelona;08028;Viladecans;Treball;179
Barcelona;08028;Terrassa;Treball;147
Barcelona;08028;Diversos municipis;Treball;2177
Barcelona;08028;Altres municipis;Treball;2893
Barcelona;08028;Total;Treball;35235
Barcelona;08029;08001;Treball;776
Barcelona;08029;08002;Treball;385
Barcelona;08029;08003;Treball;381
Barcelona;08029;08004;Treball;244
Barcelona;08029;08005;Treball;313
Barcelona;08029;08006;Treball;572
Barcelona;08029;08007;Treball;405
Barcelona;08029;08008;Treball;451
Barcelona;08029;08009;Treball;626
Barcelona;08029;08010;Treball;403
Barcelona;08029;08011;Treball;282
Barcelona;08029;08012;Treball;138
Barcelona;08029;08013;Treball;587
Barcelona;08029;08014;Treball;524
Barcelona;08029;08015;Treball;740
Barcelona;08029;08016;Treball;..
Barcelona;08029;08017;Treball;531
Barcelona;08029;08018;Treball;387
Barcelona;08029;08019;Treball;254
Barcelona;08029;08020;Treball;..
Barcelona;08029;08021;Treball;387
Barcelona;08029;08022;Treball;231
Barcelona;08029;08023;Treball;..
Barcelona;08029;08024;Treball;..
Barcelona;08029;08025;Treball;418
Barcelona;08029;08026;Treball;..
Barcelona;08029;08027;Treball;..
Barcelona;08029;08028;Treball;1316
Barcelona;08029;08029;Treball;4418
Barcelona;08029;08030;Treball;115
Barcelona;08029;08031;Treball;..
Barcelona;08029;08032;Treball;..
Barcelona;08029;08033;Treball;..
Barcelona;08029;08034;Treball;728
Barcelona;08029;08035;Treball;220
Barcelona;08029;08036;Treball;575
Barcelona;08029;08037;Treball;189
Barcelona;08029;08038;Treball;223
Barcelona;08029;08039;Treball;..
Barcelona;08029;08040;Treball;131
Barcelona;08029;08041;Treball;..
Barcelona;08029;08042;Treball;..
Barcelona;08029;Barcelona;Treball;17979
Barcelona;08029;Hospitalet de Llobregat, l';Treball;405
Barcelona;08029;Sant Cugat del Vallès;Treball;357
Barcelona;08029;Cornellà de Llobregat;Treball;283
Barcelona;08029;Badalona;Treball;298
Barcelona;08029;Esplugues de Llobregat;Treball;249
Barcelona;08029;Sant Joan Despí;Treball;204
Barcelona;08029;Cerdanyola del Vallès;Treball;186
Barcelona;08029;Prat de Llobregat, el;Treball;211
Barcelona;08029;Sabadell;Treball;117
Barcelona;08029;Diversos municipis;Treball;1337
Barcelona;08029;Altres municipis;Treball;2177
Barcelona;08029;Total;Treball;23804
Barcelona;08030;08001;Treball;525
Barcelona;08030;08002;Treball;505
Barcelona;08030;08003;Treball;425
Barcelona;08030;08004;Treball;113
Barcelona;08030;08005;Treball;430
Barcelona;08030;08006;Treball;762
Barcelona;08030;08007;Treball;567
Barcelona;08030;08008;Treball;395
Barcelona;08030;08009;Treball;372
Barcelona;08030;08010;Treball;542
Barcelona;08030;08011;Treball;237
Barcelona;08030;08012;Treball;101
Barcelona;08030;08013;Treball;402
Barcelona;08030;08014;Treball;339
Barcelona;08030;08015;Treball;266
Barcelona;08030;08016;Treball;346
Barcelona;08030;08017;Treball;305
Barcelona;08030;08018;Treball;706
Barcelona;08030;08019;Treball;284
Barcelona;08030;08020;Treball;457
Barcelona;08030;08021;Treball;344
Barcelona;08030;08022;Treball;198
Barcelona;08030;08023;Treball;128
Barcelona;08030;08024;Treball;173
Barcelona;08030;08025;Treball;429
Barcelona;08030;08026;Treball;147
Barcelona;08030;08027;Treball;1185
Barcelona;08030;08028;Treball;528
Barcelona;08030;08029;Treball;439
Barcelona;08030;08030;Treball;6714
Barcelona;08030;08031;Treball;267
Barcelona;08030;08032;Treball;114
Barcelona;08030;08033;Treball;284
Barcelona;08030;08034;Treball;489
Barcelona;08030;08035;Treball;500
Barcelona;08030;08036;Treball;409
Barcelona;08030;08037;Treball;156
Barcelona;08030;08038;Treball;283
Barcelona;08030;08039;Treball;167
Barcelona;08030;08040;Treball;220
Barcelona;08030;08041;Treball;186
Barcelona;08030;08042;Treball;154
Barcelona;08030;Barcelona;Treball;21594
Barcelona;08030;Hospitalet de Llobregat, l';Treball;693
Barcelona;08030;Badalona;Treball;634
Barcelona;08030;Prat de Llobregat, el;Treball;445
Barcelona;08030;Santa Coloma de Gramenet;Treball;384
Barcelona;08030;Sant Cugat del Vallès;Treball;370
Barcelona;08030;Montcada i Reixac;Treball;251
Barcelona;08030;Cornellà de Llobregat;Treball;219
Barcelona;08030;Sant Adrià de Besòs;Treball;219
Barcelona;08030;Santa Perpètua de Mogoda;Treball;160
Barcelona;08030;Cerdanyola del Vallès;Treball;197
Barcelona;08030;Terrassa;Treball;225
Barcelona;08030;Martorell;Treball;189
Barcelona;08030;Sabadell;Treball;173
Barcelona;08030;Granollers;Treball;158
Barcelona;08030;Parets del Vallès;Treball;124
Barcelona;08030;Barberà del Vallès;Treball;122
Barcelona;08030;Mollet del Vallès;Treball;131
Barcelona;08030;Sant Joan Despí;Treball;115
Barcelona;08030;Diversos municipis;Treball;2452
Barcelona;08030;Altres municipis;Treball;2447
Barcelona;08030;Total;Treball;31303
Barcelona;08031;08001;Treball;382
Barcelona;08031;08002;Treball;273
Barcelona;08031;08003;Treball;208
Barcelona;08031;08004;Treball;125
Barcelona;08031;08005;Treball;358
Barcelona;08031;08006;Treball;398
Barcelona;08031;08007;Treball;285
Barcelona;08031;08008;Treball;158
Barcelona;08031;08009;Treball;327
Barcelona;08031;08010;Treball;307
Barcelona;08031;08011;Treball;..
Barcelona;08031;08012;Treball;165
Barcelona;08031;08013;Treball;297
Barcelona;08031;08014;Treball;220
Barcelona;08031;08015;Treball;230
Barcelona;08031;08016;Treball;808
Barcelona;08031;08017;Treball;203
Barcelona;08031;08018;Treball;306
Barcelona;08031;08019;Treball;183
Barcelona;08031;08020;Treball;..
Barcelona;08031;08021;Treball;238
Barcelona;08031;08022;Treball;125
Barcelona;08031;08023;Treball;..
Barcelona;08031;08024;Treball;481
Barcelona;08031;08025;Treball;397
Barcelona;08031;08026;Treball;..
Barcelona;08031;08027;Treball;446
Barcelona;08031;08028;Treball;429
Barcelona;08031;08029;Treball;371
Barcelona;08031;08030;Treball;342
Barcelona;08031;08031;Treball;2838
Barcelona;08031;08032;Treball;643
Barcelona;08031;08033;Treball;134
Barcelona;08031;08034;Treball;194
Barcelona;08031;08035;Treball;539
Barcelona;08031;08036;Treball;294
Barcelona;08031;08037;Treball;..
Barcelona;08031;08038;Treball;..
Barcelona;08031;08039;Treball;..
Barcelona;08031;08040;Treball;229
Barcelona;08031;08041;Treball;447
Barcelona;08031;08042;Treball;422
Barcelona;08031;Barcelona;Treball;14407
Barcelona;08031;Hospitalet de Llobregat, l';Treball;375
Barcelona;08031;Badalona;Treball;215
Barcelona;08031;Sant Cugat del Vallès;Treball;271
Barcelona;08031;Prat de Llobregat, el;Treball;196
Barcelona;08031;Sant Joan Despí;Treball;107
Barcelona;08031;Diversos municipis;Treball;1083
Barcelona;08031;Altres municipis;Treball;2459
Barcelona;08031;Total;Treball;19113
Barcelona;08032;08001;Treball;303
Barcelona;08032;08002;Treball;347
Barcelona;08032;08003;Treball;311
Barcelona;08032;08004;Treball;130
Barcelona;08032;08005;Treball;284
Barcelona;08032;08006;Treball;365
Barcelona;08032;08007;Treball;358
Barcelona;08032;08008;Treball;300
Barcelona;08032;08009;Treball;405
Barcelona;08032;08010;Treball;312
Barcelona;08032;08011;Treball;169
Barcelona;08032;08012;Treball;166
Barcelona;08032;08013;Treball;379
Barcelona;08032;08014;Treball;232
Barcelona;08032;08015;Treball;309
Barcelona;08032;08016;Treball;197
Barcelona;08032;08017;Treball;300
Barcelona;08032;08018;Treball;389
Barcelona;08032;08019;Treball;181
Barcelona;08032;08020;Treball;284
Barcelona;08032;08021;Treball;268
Barcelona;08032;08022;Treball;222
Barcelona;08032;08023;Treball;320
Barcelona;08032;08024;Treball;432
Barcelona;08032;08025;Treball;709
Barcelona;08032;08026;Treball;..
Barcelona;08032;08027;Treball;441
Barcelona;08032;08028;Treball;795
Barcelona;08032;08029;Treball;404
Barcelona;08032;08030;Treball;246
Barcelona;08032;08031;Treball;524
Barcelona;08032;08032;Treball;4382
Barcelona;08032;08033;Treball;..
Barcelona;08032;08034;Treball;291
Barcelona;08032;08035;Treball;956
Barcelona;08032;08036;Treball;249
Barcelona;08032;08037;Treball;188
Barcelona;08032;08038;Treball;..
Barcelona;08032;08039;Treball;..
Barcelona;08032;08040;Treball;136
Barcelona;08032;08041;Treball;400
Barcelona;08032;08042;Treball;186
Barcelona;08032;Barcelona;Treball;17191
Barcelona;08032;Hospitalet de Llobregat, l';Treball;489
Barcelona;08032;Badalona;Treball;273
Barcelona;08032;Prat de Llobregat, el;Treball;327
Barcelona;08032;Montcada i Reixac;Treball;270
Barcelona;08032;Sant Cugat del Vallès;Treball;200
Barcelona;08032;Cornellà de Llobregat;Treball;165
Barcelona;08032;Rubí;Treball;140
Barcelona;08032;Diversos municipis;Treball;1877
Barcelona;08032;Altres municipis;Treball;2265
Barcelona;08032;Total;Treball;23195
Barcelona;08033;08001;Treball;..
Barcelona;08033;08002;Treball;..
Barcelona;08033;08003;Treball;..
Barcelona;08033;08004;Treball;..
Barcelona;08033;08005;Treball;200
Barcelona;08033;08006;Treball;..
Barcelona;08033;08007;Treball;..
Barcelona;08033;08008;Treball;..
Barcelona;08033;08009;Treball;..
Barcelona;08033;08010;Treball;..
Barcelona;08033;08011;Treball;..
Barcelona;08033;08012;Treball;..
Barcelona;08033;08013;Treball;..
Barcelona;08033;08014;Treball;..
Barcelona;08033;08015;Treball;..
Barcelona;08033;08016;Treball;292
Barcelona;08033;08017;Treball;..
Barcelona;08033;08018;Treball;..
Barcelona;08033;08019;Treball;..
Barcelona;08033;08020;Treball;..
Barcelona;08033;08021;Treball;..
Barcelona;08033;08022;Treball;..
Barcelona;08033;08023;Treball;..
Barcelona;08033;08024;Treball;..
Barcelona;08033;08025;Treball;127
Barcelona;08033;08026;Treball;..
Barcelona;08033;08027;Treball;265
Barcelona;08033;08028;Treball;..
Barcelona;08033;08029;Treball;..
Barcelona;08033;08030;Treball;272
Barcelona;08033;08031;Treball;406
Barcelona;08033;08032;Treball;..
Barcelona;08033;08033;Treball;1377
Barcelona;08033;08034;Treball;..
Barcelona;08033;08035;Treball;..
Barcelona;08033;08036;Treball;..
Barcelona;08033;08037;Treball;..
Barcelona;08033;08038;Treball;..
Barcelona;08033;08039;Treball;..
Barcelona;08033;08040;Treball;..
Barcelona;08033;08041;Treball;..
Barcelona;08033;08042;Treball;..
Barcelona;08033;Barcelona;Treball;6030
Barcelona;08033;Diversos municipis;Treball;675
Barcelona;08033;Altres municipis;Treball;2286
Barcelona;08033;Total;Treball;8991
Barcelona;08034;08001;Treball;192
Barcelona;08034;08002;Treball;140
Barcelona;08034;08003;Treball;145
Barcelona;08034;08004;Treball;..
Barcelona;08034;08005;Treball;143
Barcelona;08034;08006;Treball;759
Barcelona;08034;08007;Treball;218
Barcelona;08034;08008;Treball;261
Barcelona;08034;08009;Treball;241
Barcelona;08034;08010;Treball;..
Barcelona;08034;08011;Treball;118
Barcelona;08034;08012;Treball;211
Barcelona;08034;08013;Treball;..
Barcelona;08034;08014;Treball;142
Barcelona;08034;08015;Treball;..
Barcelona;08034;08016;Treball;..
Barcelona;08034;08017;Treball;425
Barcelona;08034;08018;Treball;..
Barcelona;08034;08019;Treball;..
Barcelona;08034;08020;Treball;..
Barcelona;08034;08021;Treball;266
Barcelona;08034;08022;Treball;274
Barcelona;08034;08023;Treball;..
Barcelona;08034;08024;Treball;..
Barcelona;08034;08025;Treball;..
Barcelona;08034;08026;Treball;..
Barcelona;08034;08027;Treball;..
Barcelona;08034;08028;Treball;663
Barcelona;08034;08029;Treball;213
Barcelona;08034;08030;Treball;..
Barcelona;08034;08031;Treball;..
Barcelona;08034;08033;Treball;..
Barcelona;08034;08034;Treball;2751
Barcelona;08034;08035;Treball;..
Barcelona;08034;08036;Treball;229
Barcelona;08034;08037;Treball;..
Barcelona;08034;08038;Treball;..
Barcelona;08034;08039;Treball;..
Barcelona;08034;08040;Treball;..
Barcelona;08034;08041;Treball;..
Barcelona;08034;08042;Treball;..
Barcelona;08034;Barcelona;Treball;8735
Barcelona;08034;Hospitalet de Llobregat, l';Treball;201
Barcelona;08034;Sant Cugat del Vallès;Treball;156
Barcelona;08034;Diversos municipis;Treball;760
Barcelona;08034;Altres municipis;Treball;1918
Barcelona;08034;Total;Treball;11771
Barcelona;08035;08001;Treball;121
Barcelona;08035;08002;Treball;181
Barcelona;08035;08003;Treball;204
Barcelona;08035;08004;Treball;..
Barcelona;08035;08005;Treball;..
Barcelona;08035;08006;Treball;252
Barcelona;08035;08007;Treball;332
Barcelona;08035;08008;Treball;..
Barcelona;08035;08009;Treball;..
Barcelona;08035;08010;Treball;..
Barcelona;08035;08011;Treball;..
Barcelona;08035;08012;Treball;..
Barcelona;08035;08013;Treball;..
Barcelona;08035;08014;Treball;..
Barcelona;08035;08015;Treball;169
Barcelona;08035;08016;Treball;..
Barcelona;08035;08017;Treball;209
Barcelona;08035;08018;Treball;322
Barcelona;08035;08019;Treball;140
Barcelona;08035;08020;Treball;..
Barcelona;08035;08021;Treball;162
Barcelona;08035;08022;Treball;324
Barcelona;08035;08023;Treball;102
Barcelona;08035;08024;Treball;179
Barcelona;08035;08025;Treball;444
Barcelona;08035;08026;Treball;..
Barcelona;08035;08027;Treball;..
Barcelona;08035;08028;Treball;272
Barcelona;08035;08029;Treball;199
Barcelona;08035;08030;Treball;..
Barcelona;08035;08031;Treball;180
Barcelona;08035;08032;Treball;460
Barcelona;08035;08033;Treball;..
Barcelona;08035;08034;Treball;209
Barcelona;08035;08035;Treball;2529
Barcelona;08035;08036;Treball;268
Barcelona;08035;08037;Treball;..
Barcelona;08035;08038;Treball;..
Barcelona;08035;08039;Treball;..
Barcelona;08035;08040;Treball;..
Barcelona;08035;08041;Treball;252
Barcelona;08035;08042;Treball;..
Barcelona;08035;Barcelona;Treball;9162
Barcelona;08035;Hospitalet de Llobregat, l';Treball;372
Barcelona;08035;Diversos municipis;Treball;799
Barcelona;08035;Altres municipis;Treball;1559
Barcelona;08035;Total;Treball;11892
Barcelona;08036;08001;Treball;282
Barcelona;08036;08002;Treball;207
Barcelona;08036;08003;Treball;363
Barcelona;08036;08004;Treball;..
Barcelona;08036;08005;Treball;..
Barcelona;08036;08006;Treball;176
Barcelona;08036;08007;Treball;217
Barcelona;08036;08008;Treball;225
Barcelona;08036;08009;Treball;245
Barcelona;08036;08010;Treball;168
Barcelona;08036;08011;Treball;230
Barcelona;08036;08012;Treball;..
Barcelona;08036;08013;Treball;220
Barcelona;08036;08014;Treball;..
Barcelona;08036;08015;Treball;218
Barcelona;08036;08016;Treball;..
Barcelona;08036;08017;Treball;171
Barcelona;08036;08018;Treball;246
Barcelona;08036;08019;Treball;..
Barcelona;08036;08020;Treball;..
Barcelona;08036;08021;Treball;159
Barcelona;08036;08022;Treball;..
Barcelona;08036;08023;Treball;..
Barcelona;08036;08024;Treball;..
Barcelona;08036;08025;Treball;281
Barcelona;08036;08026;Treball;..
Barcelona;08036;08027;Treball;..
Barcelona;08036;08028;Treball;338
Barcelona;08036;08029;Treball;402
Barcelona;08036;08030;Treball;..
Barcelona;08036;08031;Treball;..
Barcelona;08036;08032;Treball;..
Barcelona;08036;08033;Treball;..
Barcelona;08036;08034;Treball;249
Barcelona;08036;08035;Treball;..
Barcelona;08036;08036;Treball;1867
Barcelona;08036;08037;Treball;..
Barcelona;08036;08038;Treball;..
Barcelona;08036;08040;Treball;..
Barcelona;08036;08041;Treball;..
Barcelona;08036;08042;Treball;..
Barcelona;08036;Barcelona;Treball;7671
Barcelona;08036;Cerdanyola del Vallès;Treball;208
Barcelona;08036;Hospitalet de Llobregat, l';Treball;112
Barcelona;08036;Diversos municipis;Treball;534
Barcelona;08036;Altres municipis;Treball;1655
Barcelona;08036;Total;Treball;10180
Barcelona;08037;08001;Treball;281
Barcelona;08037;08002;Treball;..
Barcelona;08037;08003;Treball;218
Barcelona;08037;08004;Treball;..
Barcelona;08037;08005;Treball;115
Barcelona;08037;08006;Treball;202
Barcelona;08037;08007;Treball;187
Barcelona;08037;08008;Treball;..
Barcelona;08037;08009;Treball;226
Barcelona;08037;08010;Treball;122
Barcelona;08037;08011;Treball;..
Barcelona;08037;08012;Treball;..
Barcelona;08037;08013;Treball;..
Barcelona;08037;08014;Treball;..
Barcelona;08037;08015;Treball;..
Barcelona;08037;08016;Treball;..
Barcelona;08037;08017;Treball;..
Barcelona;08037;08018;Treball;..
Barcelona;08037;08019;Treball;..
Barcelona;08037;08020;Treball;..
Barcelona;08037;08021;Treball;..
Barcelona;08037;08022;Treball;..
Barcelona;08037;08023;Treball;..
Barcelona;08037;08024;Treball;..
Barcelona;08037;08025;Treball;..
Barcelona;08037;08026;Treball;..
Barcelona;08037;08027;Treball;..
Barcelona;08037;08028;Treball;202
Barcelona;08037;08029;Treball;159
Barcelona;08037;08030;Treball;..
Barcelona;08037;08031;Treball;..
Barcelona;08037;08032;Treball;..
Barcelona;08037;08034;Treball;..
Barcelona;08037;08035;Treball;..
Barcelona;08037;08036;Treball;166
Barcelona;08037;08037;Treball;1220
Barcelona;08037;08038;Treball;..
Barcelona;08037;08039;Treball;..
Barcelona;08037;08040;Treball;..
Barcelona;08037;08041;Treball;..
Barcelona;08037;08042;Treball;..
Barcelona;08037;Barcelona;Treball;5052
Barcelona;08037;Diversos municipis;Treball;387
Barcelona;08037;Altres municipis;Treball;1476
Barcelona;08037;Total;Treball;6915
Barcelona;08038;08001;Treball;330
Barcelona;08038;08002;Treball;132
Barcelona;08038;08003;Treball;230
Barcelona;08038;08004;Treball;430
Barcelona;08038;08005;Treball;..
Barcelona;08038;08006;Treball;247
Barcelona;08038;08007;Treball;167
Barcelona;08038;08008;Treball;..
Barcelona;08038;08009;Treball;..
Barcelona;08038;08010;Treball;..
Barcelona;08038;08011;Treball;..
Barcelona;08038;08012;Treball;..
Barcelona;08038;08013;Treball;193
Barcelona;08038;08014;Treball;868
Barcelona;08038;08015;Treball;317
Barcelona;08038;08016;Treball;..
Barcelona;08038;08017;Treball;..
Barcelona;08038;08018;Treball;228
Barcelona;08038;08019;Treball;176
Barcelona;08038;08020;Treball;..
Barcelona;08038;08021;Treball;223
Barcelona;08038;08022;Treball;..
Barcelona;08038;08023;Treball;..
Barcelona;08038;08024;Treball;..
Barcelona;08038;08025;Treball;..
Barcelona;08038;08027;Treball;..
Barcelona;08038;08028;Treball;549
Barcelona;08038;08029;Treball;294
Barcelona;08038;08030;Treball;..
Barcelona;08038;08031;Treball;..
Barcelona;08038;08032;Treball;..
Barcelona;08038;08034;Treball;169
Barcelona;08038;08035;Treball;..
Barcelona;08038;08036;Treball;143
Barcelona;08038;08037;Treball;..
Barcelona;08038;08038;Treball;2235
Barcelona;08038;08039;Treball;206
Barcelona;08038;08040;Treball;277
Barcelona;08038;08041;Treball;..
Barcelona;08038;08042;Treball;..
Barcelona;08038;Barcelona;Treball;9130
Barcelona;08038;Hospitalet de Llobregat, l';Treball;687
Barcelona;08038;Prat de Llobregat, el;Treball;370
Barcelona;08038;Cornellà de Llobregat;Treball;202
Barcelona;08038;Martorell;Treball;207
Barcelona;08038;Sant Boi de Llobregat;Treball;182
Barcelona;08038;Sant Cugat del Vallès;Treball;167
Barcelona;08038;Diversos municipis;Treball;838
Barcelona;08038;Altres municipis;Treball;1605
Barcelona;08038;Total;Treball;13388
Barcelona;08039;08002;Treball;..
Barcelona;08039;08007;Treball;..
Barcelona;08039;08010;Treball;..
Barcelona;08039;08018;Treball;..
Barcelona;08039;08029;Treball;..
Barcelona;08039;08040;Treball;..
Barcelona;08039;Diversos municipis;Treball;..
Barcelona;08039;Altres municipis;Treball;..
Barcelona;08039;Total;Treball;..
Barcelona;08040;08039;Treball;..
Barcelona;08040;Diversos municipis;Treball;..
Barcelona;08040;Altres municipis;Treball;..
Barcelona;08040;Total;Treball;..
Barcelona;08041;08001;Treball;260
Barcelona;08041;08002;Treball;171
Barcelona;08041;08003;Treball;286
Barcelona;08041;08004;Treball;..
Barcelona;08041;08005;Treball;219
Barcelona;08041;08006;Treball;286
Barcelona;08041;08007;Treball;409
Barcelona;08041;08008;Treball;376
Barcelona;08041;08009;Treball;163
Barcelona;08041;08010;Treball;381
Barcelona;08041;08011;Treball;..
Barcelona;08041;08012;Treball;241
Barcelona;08041;08013;Treball;179
Barcelona;08041;08014;Treball;181
Barcelona;08041;08015;Treball;211
Barcelona;08041;08016;Treball;..
Barcelona;08041;08017;Treball;193
Barcelona;08041;08018;Treball;459
Barcelona;08041;08019;Treball;174
Barcelona;08041;08020;Treball;152
Barcelona;08041;08021;Treball;318
Barcelona;08041;08022;Treball;..
Barcelona;08041;08023;Treball;153
Barcelona;08041;08024;Treball;218
Barcelona;08041;08025;Treball;402
Barcelona;08041;08026;Treball;119
Barcelona;08041;08027;Treball;248
Barcelona;08041;08028;Treball;192
Barcelona;08041;08029;Treball;292
Barcelona;08041;08030;Treball;349
Barcelona;08041;08031;Treball;..
Barcelona;08041;08032;Treball;466
Barcelona;08041;08033;Treball;..
Barcelona;08041;08034;Treball;259
Barcelona;08041;08035;Treball;541
Barcelona;08041;08036;Treball;272
Barcelona;08041;08037;Treball;317
Barcelona;08041;08038;Treball;..
Barcelona;08041;08039;Treball;..
Barcelona;08041;08040;Treball;166
Barcelona;08041;08041;Treball;2223
Barcelona;08041;08042;Treball;..
Barcelona;08041;Barcelona;Treball;11662
Barcelona;08041;Hospitalet de Llobregat, l';Treball;460
Barcelona;08041;Badalona;Treball;278
Barcelona;08041;Sant Cugat del Vallès;Treball;293
Barcelona;08041;Prat de Llobregat, el;Treball;258
Barcelona;08041;Diversos municipis;Treball;994
Barcelona;08041;Altres municipis;Treball;1902
Barcelona;08041;Total;Treball;15847
Barcelona;08042;08001;Treball;241
Barcelona;08042;08002;Treball;320
Barcelona;08042;08003;Treball;431
Barcelona;08042;08004;Treball;106
Barcelona;08042;08005;Treball;377
Barcelona;08042;08006;Treball;255
Barcelona;08042;08007;Treball;404
Barcelona;08042;08008;Treball;236
Barcelona;08042;08009;Treball;234
Barcelona;08042;08010;Treball;179
Barcelona;08042;08011;Treball;..
Barcelona;08042;08012;Treball;240
Barcelona;08042;08013;Treball;227
Barcelona;08042;08014;Treball;169
Barcelona;08042;08015;Treball;..
Barcelona;08042;08016;Treball;1166
Barcelona;08042;08017;Treball;164
Barcelona;08042;08018;Treball;360
Barcelona;08042;08019;Treball;..
Barcelona;08042;08020;Treball;167
Barcelona;08042;08021;Treball;363
Barcelona;08042;08022;Treball;187
Barcelona;08042;08023;Treball;..
Barcelona;08042;08024;Treball;..
Barcelona;08042;08025;Treball;360
Barcelona;08042;08026;Treball;..
Barcelona;08042;08027;Treball;491
Barcelona;08042;08028;Treball;455
Barcelona;08042;08029;Treball;516
Barcelona;08042;08030;Treball;428
Barcelona;08042;08031;Treball;393
Barcelona;08042;08032;Treball;178
Barcelona;08042;08033;Treball;265
Barcelona;08042;08034;Treball;225
Barcelona;08042;08035;Treball;349
Barcelona;08042;08036;Treball;375
Barcelona;08042;08037;Treball;181
Barcelona;08042;08038;Treball;105
Barcelona;08042;08039;Treball;..
Barcelona;08042;08040;Treball;377
Barcelona;08042;08041;Treball;..
Barcelona;08042;08042;Treball;2930
Barcelona;08042;Barcelona;Treball;14231
Barcelona;08042;Badalona;Treball;414
Barcelona;08042;Hospitalet de Llobregat, l';Treball;280
Barcelona;08042;Sant Cugat del Vallès;Treball;296
Barcelona;08042;Prat de Llobregat, el;Treball;346
Barcelona;08042;Sabadell;Treball;168
Barcelona;08042;Martorell;Treball;177
Barcelona;08042;Montcada i Reixac;Treball;148
Barcelona;08042;Cornellà de Llobregat;Treball;139
Barcelona;08042;Cerdanyola del Vallès;Treball;202
Barcelona;08042;Diversos municipis;Treball;1676
Barcelona;08042;Altres municipis;Treball;1809
Barcelona;08042;Total;Treball;19886
Barcelona;0Barcelona;Total;Treball;681377
Hospitalet de Llobregat, l';08901;08901;Treball;5280
Hospitalet de Llobregat, l';08901;08902;Treball;440
Hospitalet de Llobregat, l';08901;08903;Treball;166
Hospitalet de Llobregat, l';08901;08904;Treball;149
Hospitalet de Llobregat, l';08901;08905;Treball;390
Hospitalet de Llobregat, l';08901;08906;Treball;651
Hospitalet de Llobregat, l';08901;08907;Treball;830
Hospitalet de Llobregat, l';08901;08908;Treball;548
Hospitalet de Llobregat, l';08901;Hospitalet de Llobregat, l';Treball;8453
Hospitalet de Llobregat, l';08901;Barcelona;Treball;6706
Hospitalet de Llobregat, l';08901;Cornellà de Llobregat;Treball;1158
Hospitalet de Llobregat, l';08901;Prat de Llobregat, el;Treball;586
Hospitalet de Llobregat, l';08901;Esplugues de Llobregat;Treball;353
Hospitalet de Llobregat, l';08901;Martorell;Treball;238
Hospitalet de Llobregat, l';08901;Sant Joan Despí;Treball;235
Hospitalet de Llobregat, l';08901;Sant Boi de Llobregat;Treball;204
Hospitalet de Llobregat, l';08901;Diversos municipis;Treball;1495
Hospitalet de Llobregat, l';08901;Altres municipis;Treball;2024
Hospitalet de Llobregat, l';08901;Total;Treball;21453
Hospitalet de Llobregat, l';08902;08901;Treball;714
Hospitalet de Llobregat, l';08902;08902;Treball;4166
Hospitalet de Llobregat, l';08902;08903;Treball;..
Hospitalet de Llobregat, l';08902;08904;Treball;..
Hospitalet de Llobregat, l';08902;08905;Treball;..
Hospitalet de Llobregat, l';08902;08906;Treball;..
Hospitalet de Llobregat, l';08902;08907;Treball;965
Hospitalet de Llobregat, l';08902;08908;Treball;524
Hospitalet de Llobregat, l';08902;Barcelona;Treball;6470
Hospitalet de Llobregat, l';08902;Hospitalet de Llobregat, l';Treball;6600
Hospitalet de Llobregat, l';08902;Cornellà de Llobregat;Treball;415
Hospitalet de Llobregat, l';08902;Prat de Llobregat, el;Treball;477
Hospitalet de Llobregat, l';08902;Sant Boi de Llobregat;Treball;399
Hospitalet de Llobregat, l';08902;Martorell;Treball;257
Hospitalet de Llobregat, l';08902;Sant Cugat del Vallès;Treball;239
Hospitalet de Llobregat, l';08902;Sant Joan Despí;Treball;175
Hospitalet de Llobregat, l';08902;Diversos municipis;Treball;1632
Hospitalet de Llobregat, l';08902;Altres municipis;Treball;2257
Hospitalet de Llobregat, l';08902;Total;Treball;18922
Hospitalet de Llobregat, l';08903;08901;Treball;..
Hospitalet de Llobregat, l';08903;08902;Treball;..
Hospitalet de Llobregat, l';08903;08903;Treball;1145
Hospitalet de Llobregat, l';08903;08904;Treball;314
Hospitalet de Llobregat, l';08903;08905;Treball;135
Hospitalet de Llobregat, l';08903;08906;Treball;..
Hospitalet de Llobregat, l';08903;08907;Treball;239
Hospitalet de Llobregat, l';08903;08908;Treball;..
Hospitalet de Llobregat, l';08903;Barcelona;Treball;3563
Hospitalet de Llobregat, l';08903;Hospitalet de Llobregat, l';Treball;2258
Hospitalet de Llobregat, l';08903;Cornellà de Llobregat;Treball;181
Hospitalet de Llobregat, l';08903;Diversos municipis;Treball;336
Hospitalet de Llobregat, l';08903;Altres municipis;Treball;1096
Hospitalet de Llobregat, l';08903;Total;Treball;7435
Hospitalet de Llobregat, l';08904;08901;Treball;180
Hospitalet de Llobregat, l';08904;08902;Treball;..
Hospitalet de Llobregat, l';08904;08903;Treball;782
Hospitalet de Llobregat, l';08904;08904;Treball;1864
Hospitalet de Llobregat, l';08904;08905;Treball;261
Hospitalet de Llobregat, l';08904;08906;Treball;257
Hospitalet de Llobregat, l';08904;08907;Treball;325
Hospitalet de Llobregat, l';08904;08908;Treball;192
Hospitalet de Llobregat, l';08904;Barcelona;Treball;4571
Hospitalet de Llobregat, l';08904;Hospitalet de Llobregat, l';Treball;3889
Hospitalet de Llobregat, l';08904;Cornellà de Llobregat;Treball;214
Hospitalet de Llobregat, l';08904;Sant Boi de Llobregat;Treball;164
Hospitalet de Llobregat, l';08904;Diversos municipis;Treball;581
Hospitalet de Llobregat, l';08904;Altres municipis;Treball;1215
Hospitalet de Llobregat, l';08904;Total;Treball;10633
Hospitalet de Llobregat, l';08905;08901;Treball;272
Hospitalet de Llobregat, l';08905;08902;Treball;267
Hospitalet de Llobregat, l';08905;08903;Treball;229
Hospitalet de Llobregat, l';08905;08904;Treball;..
Hospitalet de Llobregat, l';08905;08905;Treball;2368
Hospitalet de Llobregat, l';08905;08906;Treball;257
Hospitalet de Llobregat, l';08905;08907;Treball;600
Hospitalet de Llobregat, l';08905;08908;Treball;..
Hospitalet de Llobregat, l';08905;Barcelona;Treball;5086
Hospitalet de Llobregat, l';08905;Hospitalet de Llobregat, l';Treball;4187
Hospitalet de Llobregat, l';08905;Prat de Llobregat, el;Treball;460
Hospitalet de Llobregat, l';08905;Cornellà de Llobregat;Treball;386
Hospitalet de Llobregat, l';08905;Martorell;Treball;218
Hospitalet de Llobregat, l';08905;Esplugues de Llobregat;Treball;186
Hospitalet de Llobregat, l';08905;Diversos municipis;Treball;1208
Hospitalet de Llobregat, l';08905;Altres municipis;Treball;1434
Hospitalet de Llobregat, l';08905;Total;Treball;13165
Hospitalet de Llobregat, l';08906;08901;Treball;808
Hospitalet de Llobregat, l';08906;08902;Treball;314
Hospitalet de Llobregat, l';08906;08904;Treball;..
Hospitalet de Llobregat, l';08906;08905;Treball;190
Hospitalet de Llobregat, l';08906;08906;Treball;2952
Hospitalet de Llobregat, l';08906;08907;Treball;342
Hospitalet de Llobregat, l';08906;08908;Treball;..
Hospitalet de Llobregat, l';08906;Barcelona;Treball;6395
Hospitalet de Llobregat, l';08906;Hospitalet de Llobregat, l';Treball;4825
Hospitalet de Llobregat, l';08906;Esplugues de Llobregat;Treball;454
Hospitalet de Llobregat, l';08906;Prat de Llobregat, el;Treball;409
Hospitalet de Llobregat, l';08906;Cornellà de Llobregat;Treball;382
Hospitalet de Llobregat, l';08906;Martorell;Treball;361
Hospitalet de Llobregat, l';08906;Diversos municipis;Treball;1017
Hospitalet de Llobregat, l';08906;Altres municipis;Treball;1942
Hospitalet de Llobregat, l';08906;Total;Treball;15785
Hospitalet de Llobregat, l';08907;08901;Treball;465
Hospitalet de Llobregat, l';08907;08902;Treball;412
Hospitalet de Llobregat, l';08907;08903;Treball;..
Hospitalet de Llobregat, l';08907;08904;Treball;..
Hospitalet de Llobregat, l';08907;08905;Treball;..
Hospitalet de Llobregat, l';08907;08906;Treball;2589
Hospitalet de Llobregat, l';08907;08907;Treball;205
Hospitalet de Llobregat, l';08907;Hospitalet de Llobregat, l';Treball;3881
Hospitalet de Llobregat, l';08907;Barcelona;Treball;2897
Hospitalet de Llobregat, l';08907;Prat de Llobregat, el;Treball;408
Hospitalet de Llobregat, l';08907;Cornellà de Llobregat;Treball;306
Hospitalet de Llobregat, l';08907;Sant Boi de Llobregat;Treball;184
Hospitalet de Llobregat, l';08907;Martorell;Treball;153
Hospitalet de Llobregat, l';08907;Diversos municipis;Treball;773
Hospitalet de Llobregat, l';08907;Altres municipis;Treball;1145
Hospitalet de Llobregat, l';08907;Total;Treball;9747
Hospitalet de Llobregat, l';08908;08901;Treball;..
Hospitalet de Llobregat, l';08908;08902;Treball;..
Hospitalet de Llobregat, l';08908;08907;Treball;..
Hospitalet de Llobregat, l';08908;08908;Treball;299
Hospitalet de Llobregat, l';08908;Barcelona;Treball;649
Hospitalet de Llobregat, l';08908;Hospitalet de Llobregat, l';Treball;636
Hospitalet de Llobregat, l';08908;Diversos municipis;Treball;..
Hospitalet de Llobregat, l';08908;Altres municipis;Treball;257
Hospitalet de Llobregat, l';08908;Total;Treball;1612
Hospitalet de Llobregat, l';0Hospitalet de Llobregat, l';Total;Treball;98752
Sabadell;08201;08201;Treball;1660
Sabadell;08201;08202;Treball;661
Sabadell;08201;08203;Treball;231
Sabadell;08201;08204;Treball;..
Sabadell;08201;08205;Treball;354
Sabadell;08201;08206;Treball;..
Sabadell;08201;08207;Treball;..
Sabadell;08201;08208;Treball;445
Sabadell;08201;Sabadell;Treball;3596
Sabadell;08201;Barcelona;Treball;960
Sabadell;08201;Sant Cugat del Vallès;Treball;439
Sabadell;08201;Terrassa;Treball;200
Sabadell;08201;Cerdanyola del Vallès;Treball;193
Sabadell;08201;Diversos municipis;Treball;551
Sabadell;08201;Altres municipis;Treball;1206
Sabadell;08201;Total;Treball;7145
Sabadell;08202;08201;Treball;860
Sabadell;08202;08202;Treball;1798
Sabadell;08202;08203;Treball;453
Sabadell;08202;08204;Treball;297
Sabadell;08202;08205;Treball;347
Sabadell;08202;08206;Treball;196
Sabadell;08202;08207;Treball;..
Sabadell;08202;08208;Treball;291
Sabadell;08202;Sabadell;Treball;4295
Sabadell;08202;Barcelona;Treball;1073
Sabadell;08202;Sant Cugat del Vallès;Treball;345
Sabadell;08202;Barberà del Vallès;Treball;386
Sabadell;08202;Terrassa;Treball;327
Sabadell;08202;Polinyà;Treball;279
Sabadell;08202;Sant Quirze del Vallès;Treball;182
Sabadell;08202;Cerdanyola del Vallès;Treball;181
Sabadell;08202;Diversos municipis;Treball;505
Sabadell;08202;Altres municipis;Treball;1332
Sabadell;08202;Total;Treball;8905
Sabadell;08203;08201;Treball;837
Sabadell;08203;08202;Treball;544
Sabadell;08203;08203;Treball;1595
Sabadell;08203;08204;Treball;245
Sabadell;08203;08205;Treball;548
Sabadell;08203;08206;Treball;357
Sabadell;08203;08207;Treball;..
Sabadell;08203;08208;Treball;380
Sabadell;08203;Sabadell;Treball;4606
Sabadell;08203;Barcelona;Treball;1312
Sabadell;08203;Terrassa;Treball;431
Sabadell;08203;Sant Cugat del Vallès;Treball;406
Sabadell;08203;Barberà del Vallès;Treball;372
Sabadell;08203;Sant Quirze del Vallès;Treball;282
Sabadell;08203;Cerdanyola del Vallès;Treball;251
Sabadell;08203;Santa Perpètua de Mogoda;Treball;254
Sabadell;08203;Diversos municipis;Treball;793
Sabadell;08203;Altres municipis;Treball;1562
Sabadell;08203;Total;Treball;10270
Sabadell;08204;08201;Treball;322
Sabadell;08204;08202;Treball;275
Sabadell;08204;08203;Treball;438
Sabadell;08204;08204;Treball;2453
Sabadell;08204;08205;Treball;430
Sabadell;08204;08206;Treball;..
Sabadell;08204;08207;Treball;192
Sabadell;08204;08208;Treball;453
Sabadell;08204;Sabadell;Treball;4690
Sabadell;08204;Barcelona;Treball;938
Sabadell;08204;Barberà del Vallès;Treball;626
Sabadell;08204;Cerdanyola del Vallès;Treball;450
Sabadell;08204;Terrassa;Treball;271
Sabadell;08204;Sant Cugat del Vallès;Treball;240
Sabadell;08204;Sant Quirze del Vallès;Treball;210
Sabadell;08204;Diversos municipis;Treball;1207
Sabadell;08204;Altres municipis;Treball;1585
Sabadell;08204;Total;Treball;10219
Sabadell;08205;08201;Treball;584
Sabadell;08205;08202;Treball;..
Sabadell;08205;08203;Treball;225
Sabadell;08205;08204;Treball;..
Sabadell;08205;08205;Treball;935
Sabadell;08205;08206;Treball;316
Sabadell;08205;08207;Treball;..
Sabadell;08205;08208;Treball;247
Sabadell;08205;Sabadell;Treball;2575
Sabadell;08205;Barcelona;Treball;755
Sabadell;08205;Sant Cugat del Vallès;Treball;287
Sabadell;08205;Barberà del Vallès;Treball;188
Sabadell;08205;Cerdanyola del Vallès;Treball;202
Sabadell;08205;Terrassa;Treball;141
Sabadell;08205;Diversos municipis;Treball;499
Sabadell;08205;Altres municipis;Treball;1137
Sabadell;08205;Total;Treball;5785
Sabadell;08206;08201;Treball;1207
Sabadell;08206;08202;Treball;699
Sabadell;08206;08203;Treball;480
Sabadell;08206;08204;Treball;313
Sabadell;08206;08205;Treball;916
Sabadell;08206;08206;Treball;3673
Sabadell;08206;08207;Treball;544
Sabadell;08206;08208;Treball;527
Sabadell;08206;Sabadell;Treball;8357
Sabadell;08206;Barcelona;Treball;1775
Sabadell;08206;Terrassa;Treball;984
Sabadell;08206;Barberà del Vallès;Treball;918
Sabadell;08206;Sant Quirze del Vallès;Treball;605
Sabadell;08206;Sant Cugat del Vallès;Treball;581
Sabadell;08206;Castellar del Vallès;Treball;362
Sabadell;08206;Cerdanyola del Vallès;Treball;352
Sabadell;08206;Santa Perpètua de Mogoda;Treball;299
Sabadell;08206;Polinyà;Treball;179
Sabadell;08206;Granollers;Treball;179
Sabadell;08206;Palau-solità i Plegamans;Treball;170
Sabadell;08206;Diversos municipis;Treball;1650
Sabadell;08206;Altres municipis;Treball;1911
Sabadell;08206;Total;Treball;18322
Sabadell;08207;08201;Treball;817
Sabadell;08207;08202;Treball;275
Sabadell;08207;08203;Treball;231
Sabadell;08207;08204;Treball;226
Sabadell;08207;08205;Treball;414
Sabadell;08207;08206;Treball;478
Sabadell;08207;08207;Treball;3016
Sabadell;08207;08208;Treball;413
Sabadell;08207;Sabadell;Treball;5871
Sabadell;08207;Barcelona;Treball;643
Sabadell;08207;Terrassa;Treball;532
Sabadell;08207;Sant Cugat del Vallès;Treball;324
Sabadell;08207;Castellar del Vallès;Treball;341
Sabadell;08207;Barberà del Vallès;Treball;319
Sabadell;08207;Sant Quirze del Vallès;Treball;244
Sabadell;08207;Polinyà;Treball;200
Sabadell;08207;Cerdanyola del Vallès;Treball;185
Sabadell;08207;Diversos municipis;Treball;728
Sabadell;08207;Altres municipis;Treball;1217
Sabadell;08207;Total;Treball;10604
Sabadell;08208;08201;Treball;769
Sabadell;08208;08202;Treball;238
Sabadell;08208;08203;Treball;370
Sabadell;08208;08204;Treball;..
Sabadell;08208;08205;Treball;392
Sabadell;08208;08206;Treball;304
Sabadell;08208;08207;Treball;238
Sabadell;08208;08208;Treball;1816
Sabadell;08208;Sabadell;Treball;4243
Sabadell;08208;Barcelona;Treball;1128
Sabadell;08208;Sant Cugat del Vallès;Treball;451
Sabadell;08208;Cerdanyola del Vallès;Treball;317
Sabadell;08208;Terrassa;Treball;285
Sabadell;08208;Sant Quirze del Vallès;Treball;289
Sabadell;08208;Barberà del Vallès;Treball;256
Sabadell;08208;Castellar del Vallès;Treball;187
Sabadell;08208;Polinyà;Treball;176
Sabadell;08208;Diversos municipis;Treball;759
Sabadell;08208;Altres municipis;Treball;1043
Sabadell;08208;Total;Treball;9133
Sabadell;0Sabadell;Total;Treball;80382
Terrassa;08221;08221;Treball;2448
Terrassa;08221;08222;Treball;250
Terrassa;08221;08223;Treball;405
Terrassa;08221;08224;Treball;496
Terrassa;08221;08225;Treball;278
Terrassa;08221;08226;Treball;..
Terrassa;08221;08227;Treball;185
Terrassa;08221;08228;Treball;..
Terrassa;08221;Terrassa;Treball;4211
Terrassa;08221;Barcelona;Treball;1233
Terrassa;08221;Sabadell;Treball;351
Terrassa;08221;Sant Cugat del Vallès;Treball;357
Terrassa;08221;Rubí;Treball;148
Terrassa;08221;Diversos municipis;Treball;704
Terrassa;08221;Altres municipis;Treball;1513
Terrassa;08221;Total;Treball;8516
Terrassa;08222;08221;Treball;1156
Terrassa;08222;08222;Treball;2330
Terrassa;08222;08223;Treball;401
Terrassa;08222;08224;Treball;470
Terrassa;08222;08225;Treball;302
Terrassa;08222;08226;Treball;461
Terrassa;08222;08227;Treball;251
Terrassa;08222;08228;Treball;226
Terrassa;08222;Terrassa;Treball;5597
Terrassa;08222;Barcelona;Treball;976
Terrassa;08222;Sant Cugat del Vallès;Treball;470
Terrassa;08222;Sabadell;Treball;452
Terrassa;08222;Rubí;Treball;435
Terrassa;08222;Diversos municipis;Treball;673
Terrassa;08222;Altres municipis;Treball;1385
Terrassa;08222;Total;Treball;9988
Terrassa;08223;08221;Treball;801
Terrassa;08223;08222;Treball;280
Terrassa;08223;08223;Treball;2076
Terrassa;08223;08224;Treball;439
Terrassa;08223;08225;Treball;186
Terrassa;08223;08226;Treball;209
Terrassa;08223;08227;Treball;438
Terrassa;08223;08228;Treball;334
Terrassa;08223;Terrassa;Treball;4763
Terrassa;08223;Barcelona;Treball;1023
Terrassa;08223;Sant Cugat del Vallès;Treball;380
Terrassa;08223;Sabadell;Treball;320
Terrassa;08223;Rubí;Treball;300
Terrassa;08223;Viladecavalls;Treball;163
Terrassa;08223;Diversos municipis;Treball;614
Terrassa;08223;Altres municipis;Treball;1329
Terrassa;08223;Total;Treball;8892
Terrassa;08224;08221;Treball;1358
Terrassa;08224;08222;Treball;340
Terrassa;08224;08223;Treball;824
Terrassa;08224;08224;Treball;3596
Terrassa;08224;08225;Treball;838
Terrassa;08224;08226;Treball;365
Terrassa;08224;08227;Treball;495
Terrassa;08224;08228;Treball;321
Terrassa;08224;Terrassa;Treball;8135
Terrassa;08224;Barcelona;Treball;1953
Terrassa;08224;Sabadell;Treball;661
Terrassa;08224;Sant Cugat del Vallès;Treball;676
Terrassa;08224;Rubí;Treball;541
Terrassa;08224;Viladecavalls;Treball;290
Terrassa;08224;Sant Quirze del Vallès;Treball;187
Terrassa;08224;Barberà del Vallès;Treball;160
Terrassa;08224;Diversos municipis;Treball;1782
Terrassa;08224;Altres municipis;Treball;1944
Terrassa;08224;Total;Treball;16328
Terrassa;08225;08221;Treball;1447
Terrassa;08225;08222;Treball;403
Terrassa;08225;08223;Treball;695
Terrassa;08225;08224;Treball;887
Terrassa;08225;08225;Treball;3940
Terrassa;08225;08226;Treball;617
Terrassa;08225;08227;Treball;823
Terrassa;08225;08228;Treball;303
Terrassa;08225;Terrassa;Treball;9116
Terrassa;08225;Barcelona;Treball;1694
Terrassa;08225;Sabadell;Treball;842
Terrassa;08225;Sant Cugat del Vallès;Treball;498
Terrassa;08225;Rubí;Treball;390
Terrassa;08225;Cerdanyola del Vallès;Treball;337
Terrassa;08225;Viladecavalls;Treball;229
Terrassa;08225;Sant Quirze del Vallès;Treball;199
Terrassa;08225;Barberà del Vallès;Treball;169
Terrassa;08225;Castellbisbal;Treball;148
Terrassa;08225;Diversos municipis;Treball;1503
Terrassa;08225;Altres municipis;Treball;2183
Terrassa;08225;Total;Treball;17307
Terrassa;08226;08221;Treball;784
Terrassa;08226;08222;Treball;321
Terrassa;08226;08223;Treball;594
Terrassa;08226;08224;Treball;464
Terrassa;08226;08225;Treball;482
Terrassa;08226;08226;Treball;1784
Terrassa;08226;08227;Treball;704
Terrassa;08226;08228;Treball;274
Terrassa;08226;Terrassa;Treball;5406
Terrassa;08226;Barcelona;Treball;759
Terrassa;08226;Sabadell;Treball;474
Terrassa;08226;Sant Cugat del Vallès;Treball;300
Terrassa;08226;Rubí;Treball;299
Terrassa;08226;Diversos municipis;Treball;1178
Terrassa;09226;Altres municipis;Treball;1188
Terrassa;08226;Total;Treball;9603
Terrassa;08227;08221;Treball;526
Terrassa;08227;08222;Treball;249
Terrassa;08227;08223;Treball;401
Terrassa;08227;08224;Treball;292
Terrassa;08227;08225;Treball;293
Terrassa;08227;08226;Treball;720
Terrassa;08227;08227;Treball;1859
Terrassa;08227;08228;Treball;413
Terrassa;08227;Terrassa;Treball;4753
Terrassa;08227;Barcelona;Treball;1144
Terrassa;08227;Sabadell;Treball;610
Terrassa;08227;Rubí;Treball;469
Terrassa;08227;Sant Cugat del Vallès;Treball;295
Terrassa;08227;Diversos municipis;Treball;1204
Terrassa;08227;Altres municipis;Treball;1745
Terrassa;08227;Total;Treball;10220
Terrassa;08228;08221;Treball;184
Terrassa;08228;08222;Treball;..
Terrassa;08228;08223;Treball;258
Terrassa;08228;08224;Treball;..
Terrassa;08228;08225;Treball;..
Terrassa;08228;08226;Treball;..
Terrassa;08228;08227;Treball;..
Terrassa;08228;08228;Treball;435
Terrassa;08228;Terrassa;Treball;1154
Terrassa;08228;Barcelona;Treball;341
Terrassa;08228;Rubí;Treball;200
Terrassa;08228;Diversos municipis;Treball;486
Terrassa;08228;Altres municipis;Treball;763
Terrassa;08228;Total;Treball;2944
Terrassa;0Terrassa;Total;Treball;83799
Badalona;08911;08911;Estudi;2548
Badalona;08911;08912;Estudi;561
Badalona;08911;08913;Estudi;..
Badalona;08911;08914;Estudi;..
Badalona;08911;08915;Estudi;137
Badalona;08911;08916;Estudi;..
Badalona;08911;08917;Estudi;..
Badalona;08911;Badalona;Estudi;3349
Badalona;08911;Barcelona;Estudi;605
Badalona;08911;Diversos municipis;Estudi;..
Badalona;08911;Altres municipis;Estudi;183
Badalona;08911;Total;Estudi;4222
Badalona;08912;08911;Estudi;625
Badalona;08912;08912;Estudi;3547
Badalona;08912;08913;Estudi;..
Badalona;08912;08914;Estudi;180
Badalona;08912;08915;Estudi;167
Badalona;08912;08916;Estudi;..
Badalona;08912;08917;Estudi;268
Badalona;08912;08918;Estudi;233
Badalona;08912;Badalona;Estudi;5235
Badalona;08912;Barcelona;Estudi;543
Badalona;08912;Diversos municipis;Estudi;..
Badalona;08912;Altres municipis;Estudi;290
Badalona;08912;Total;Estudi;6155
Badalona;08913;08911;Estudi;290
Badalona;08913;08912;Estudi;..
Badalona;08913;08913;Estudi;3623
Badalona;08913;08914;Estudi;875
Badalona;08913;08915;Estudi;207
Badalona;08913;08917;Estudi;..
Badalona;08913;08918;Estudi;464
Badalona;08913;Badalona;Estudi;5694
Badalona;08913;Barcelona;Estudi;547
Badalona;08913;Sant Adrià de Besòs;Estudi;163
Badalona;08913;Diversos municipis;Estudi;..
Badalona;08913;Altres municipis;Estudi;101
Badalona;08913;Total;Estudi;6581
Badalona;08914;08911;Estudi;255
Badalona;08914;08912;Estudi;444
Badalona;08914;08913;Estudi;332
Badalona;08914;08914;Estudi;2308
Badalona;08914;08915;Estudi;..
Badalona;08914;08917;Estudi;178
Badalona;08914;08918;Estudi;300
Badalona;08914;Badalona;Estudi;3923
Badalona;08914;Barcelona;Estudi;432
Badalona;08914;Diversos municipis;Estudi;218
Badalona;08914;Altres municipis;Estudi;357
Badalona;08914;Total;Estudi;4929
Badalona;08915;08911;Estudi;764
Badalona;08915;08912;Estudi;346
Badalona;08915;08913;Estudi;..
Badalona;08915;08914;Estudi;134
Badalona;08915;08915;Estudi;3207
Badalona;08915;08916;Estudi;..
Badalona;08915;08917;Estudi;253
Badalona;08915;08918;Estudi;..
Badalona;08915;Badalona;Estudi;4773
Badalona;08915;Barcelona;Estudi;274
Badalona;08915;Diversos municipis;Estudi;142
Badalona;08915;Altres municipis;Estudi;232
Badalona;08915;Total;Estudi;5421
Badalona;08916;08911;Estudi;..
Badalona;08916;08912;Estudi;..
Badalona;08916;08914;Estudi;..
Badalona;08916;08915;Estudi;192
Badalona;08916;08916;Estudi;..
Badalona;08916;08917;Estudi;..
Badalona;08916;Badalona;Estudi;381
Badalona;08916;Altres municipis;Estudi;143
Badalona;08916;Total;Estudi;524
Badalona;08917;08911;Estudi;1221
Badalona;08917;08912;Estudi;1242
Badalona;08917;08913;Estudi;..
Badalona;08917;08914;Estudi;1024
Badalona;08917;08915;Estudi;840
Badalona;08917;08916;Estudi;..
Badalona;08917;08917;Estudi;5729
Badalona;08917;08918;Estudi;..
Badalona;08917;Badalona;Estudi;10374
Badalona;08917;Barcelona;Estudi;1180
Badalona;08917;Santa Coloma de Gramenet;Estudi;473
Badalona;08917;Diversos municipis;Estudi;398
Badalona;08917;Altres municipis;Estudi;249
Badalona;08917;Total;Estudi;12674
Badalona;08918;08911;Estudi;140
Badalona;08918;08912;Estudi;317
Badalona;08918;08913;Estudi;624
Badalona;08918;08914;Estudi;235
Badalona;08918;08915;Estudi;..
Badalona;08918;08916;Estudi;..
Badalona;08918;08917;Estudi;..
Badalona;08918;08918;Estudi;2183
Badalona;08918;Badalona;Estudi;3586
Badalona;08918;Barcelona;Estudi;247
Badalona;08918;Sant Adrià de Besòs;Estudi;198
Badalona;08918;Diversos municipis;Estudi;..
Badalona;08918;Altres municipis;Estudi;82
Badalona;08918;Total;Estudi;4200
Badalona;0Badalona;Total;Estudi;44707
Barcelona;08001;08001;Estudi;3654
Barcelona;08001;08002;Estudi;525
Barcelona;08001;08003;Estudi;583
Barcelona;08001;08004;Estudi;..
Barcelona;08001;08005;Estudi;..
Barcelona;08001;08006;Estudi;..
Barcelona;08001;08007;Estudi;..
Barcelona;08001;08008;Estudi;..
Barcelona;08001;08009;Estudi;..
Barcelona;08001;08010;Estudi;..
Barcelona;08001;08011;Estudi;..
Barcelona;08001;08014;Estudi;..
Barcelona;08001;08015;Estudi;..
Barcelona;08001;08016;Estudi;..
Barcelona;08001;08018;Estudi;..
Barcelona;08001;08019;Estudi;..
Barcelona;08001;08020;Estudi;..
Barcelona;08001;08021;Estudi;..
Barcelona;08001;08022;Estudi;..
Barcelona;08001;08023;Estudi;..
Barcelona;08001;08024;Estudi;..
Barcelona;08001;08028;Estudi;..
Barcelona;08001;08029;Estudi;..
Barcelona;08001;08032;Estudi;..
Barcelona;08001;08034;Estudi;..
Barcelona;08001;08036;Estudi;..
Barcelona;08001;08040;Estudi;..
Barcelona;08001;Barcelona;Estudi;5979
Barcelona;08001;Diversos municipis;Estudi;449
Barcelona;08001;Altres municipis;Estudi;203
Barcelona;08001;Total;Estudi;6632
Barcelona;08002;08001;Estudi;337
Barcelona;08002;08002;Estudi;1165
Barcelona;08002;08003;Estudi;233
Barcelona;08002;08004;Estudi;..
Barcelona;08002;08005;Estudi;..
Barcelona;08002;08006;Estudi;..
Barcelona;08002;08007;Estudi;..
Barcelona;08002;08010;Estudi;..
Barcelona;08002;08011;Estudi;..
Barcelona;08002;08014;Estudi;..
Barcelona;08002;08015;Estudi;..
Barcelona;08002;08016;Estudi;..
Barcelona;08002;08018;Estudi;..
Barcelona;08002;08021;Estudi;..
Barcelona;08002;08022;Estudi;..
Barcelona;08002;08024;Estudi;..
Barcelona;08002;08028;Estudi;..
Barcelona;08002;08032;Estudi;..
Barcelona;08002;08034;Estudi;..
Barcelona;08002;08036;Estudi;..
Barcelona;08002;08037;Estudi;..
Barcelona;08002;Barcelona;Estudi;2414
Barcelona;08002;Diversos municipis;Estudi;..
Barcelona;08002;Altres municipis;Estudi;261
Barcelona;08002;Total;Estudi;2770
Barcelona;08003;08001;Estudi;1070
Barcelona;08003;08002;Estudi;391
Barcelona;08003;08003;Estudi;3326
Barcelona;08003;08004;Estudi;..
Barcelona;08003;08005;Estudi;..
Barcelona;08003;08006;Estudi;..
Barcelona;08003;08007;Estudi;..
Barcelona;08003;08008;Estudi;..
Barcelona;08003;08009;Estudi;..
Barcelona;08003;08010;Estudi;158
Barcelona;08003;08012;Estudi;..
Barcelona;08003;08013;Estudi;..
Barcelona;08003;08014;Estudi;..
Barcelona;08003;08015;Estudi;..
Barcelona;08003;08016;Estudi;..
Barcelona;08003;08018;Estudi;..
Barcelona;08003;08019;Estudi;..
Barcelona;08003;08021;Estudi;..
Barcelona;08003;08022;Estudi;..
Barcelona;08003;08023;Estudi;..
Barcelona;08003;08024;Estudi;..
Barcelona;08003;08025;Estudi;..
Barcelona;08003;08027;Estudi;..
Barcelona;08003;08028;Estudi;..
Barcelona;08003;08030;Estudi;..
Barcelona;08003;08032;Estudi;..
Barcelona;08003;08034;Estudi;..
Barcelona;08003;08036;Estudi;..
Barcelona;08003;08042;Estudi;..
Barcelona;08003;Barcelona;Estudi;6172
Barcelona;08003;Diversos municipis;Estudi;..
Barcelona;08003;Altres municipis;Estudi;195
Barcelona;08003;Total;Estudi;6497
Barcelona;08004;08001;Estudi;613
Barcelona;08004;08002;Estudi;..
Barcelona;08004;08003;Estudi;..
Barcelona;08004;08004;Estudi;3988
Barcelona;08004;08005;Estudi;..
Barcelona;08004;08006;Estudi;..
Barcelona;08004;08007;Estudi;..
Barcelona;08004;08008;Estudi;..
Barcelona;08004;08009;Estudi;..
Barcelona;08004;08010;Estudi;..
Barcelona;08004;08011;Estudi;..
Barcelona;08004;08012;Estudi;..
Barcelona;08004;08013;Estudi;..
Barcelona;08004;08014;Estudi;974
Barcelona;08004;08015;Estudi;367
Barcelona;08004;08016;Estudi;..
Barcelona;08004;08017;Estudi;..
Barcelona;08004;08018;Estudi;..
Barcelona;08004;08019;Estudi;..
Barcelona;08004;08020;Estudi;..
Barcelona;08004;08021;Estudi;..
Barcelona;08004;08022;Estudi;..
Barcelona;08004;08023;Estudi;..
Barcelona;08004;08024;Estudi;..
Barcelona;08004;08025;Estudi;..
Barcelona;08004;08026;Estudi;..
Barcelona;08004;08028;Estudi;362
Barcelona;08004;08029;Estudi;..
Barcelona;08004;08030;Estudi;..
Barcelona;08004;08031;Estudi;..
Barcelona;08004;08032;Estudi;..
Barcelona;08004;08033;Estudi;..
Barcelona;08004;08034;Estudi;232
Barcelona;08004;08035;Estudi;..
Barcelona;08004;08036;Estudi;141
Barcelona;08004;08038;Estudi;449
Barcelona;08004;08040;Estudi;..
Barcelona;08004;08041;Estudi;..
Barcelona;08004;08042;Estudi;..
Barcelona;08004;Barcelona;Estudi;8579
Barcelona;08004;Diversos municipis;Estudi;376
Barcelona;08004;Altres municipis;Estudi;579
Barcelona;08004;Total;Estudi;9534
Barcelona;08005;08001;Estudi;183
Barcelona;08005;08002;Estudi;..
Barcelona;08005;08003;Estudi;..
Barcelona;08005;08004;Estudi;..
Barcelona;08005;08005;Estudi;5339
Barcelona;08005;08006;Estudi;..
Barcelona;08005;08007;Estudi;..
Barcelona;08005;08009;Estudi;136
Barcelona;08005;08010;Estudi;154
Barcelona;08005;08011;Estudi;..
Barcelona;08005;08012;Estudi;..
Barcelona;08005;08013;Estudi;..
Barcelona;08005;08014;Estudi;..
Barcelona;08005;08015;Estudi;..
Barcelona;08005;08016;Estudi;..
Barcelona;08005;08017;Estudi;..
Barcelona;08005;08018;Estudi;422
Barcelona;08005;08019;Estudi;728
Barcelona;08005;08020;Estudi;276
Barcelona;08005;08022;Estudi;..
Barcelona;08005;08024;Estudi;..
Barcelona;08005;08025;Estudi;..
Barcelona;08005;08026;Estudi;194
Barcelona;08005;08027;Estudi;187
Barcelona;08005;08028;Estudi;..
Barcelona;08005;08029;Estudi;..
Barcelona;08005;08030;Estudi;..
Barcelona;08005;08031;Estudi;..
Barcelona;08005;08032;Estudi;..
Barcelona;08005;08034;Estudi;107
Barcelona;08005;08035;Estudi;..
Barcelona;08005;08038;Estudi;..
Barcelona;08005;08039;Estudi;..
Barcelona;08005;08040;Estudi;..
Barcelona;08005;08041;Estudi;..
Barcelona;08005;08042;Estudi;..
Barcelona;08005;Barcelona;Estudi;9212
Barcelona;08005;Diversos municipis;Estudi;167
Barcelona;08005;Altres municipis;Estudi;528
Barcelona;08005;Total;Estudi;9906
Barcelona;08006;08001;Estudi;..
Barcelona;08006;08002;Estudi;..
Barcelona;08006;08003;Estudi;..
Barcelona;08006;08005;Estudi;..
Barcelona;08006;08006;Estudi;2611
Barcelona;08006;08007;Estudi;..
Barcelona;08006;08008;Estudi;..
Barcelona;08006;08009;Estudi;..
Barcelona;08006;08010;Estudi;..
Barcelona;08006;08011;Estudi;..
Barcelona;08006;08012;Estudi;..
Barcelona;08006;08014;Estudi;..
Barcelona;08006;08015;Estudi;..
Barcelona;08006;08017;Estudi;926
Barcelona;08006;08018;Estudi;..
Barcelona;08006;08021;Estudi;223
Barcelona;08006;08022;Estudi;832
Barcelona;08006;08023;Estudi;..
Barcelona;08006;08024;Estudi;..
Barcelona;08006;08025;Estudi;..
Barcelona;08006;08026;Estudi;..
Barcelona;08006;08028;Estudi;..
Barcelona;08006;08029;Estudi;..
Barcelona;08006;08032;Estudi;..
Barcelona;08006;08034;Estudi;579
Barcelona;08006;08035;Estudi;..
Barcelona;08006;08036;Estudi;..
Barcelona;08006;08038;Estudi;..
Barcelona;08006;08040;Estudi;..
Barcelona;08006;Barcelona;Estudi;6389
Barcelona;08006;Diversos municipis;Estudi;..
Barcelona;08006;Altres municipis;Estudi;512
Barcelona;08006;Total;Estudi;6999
Barcelona;08007;08001;Estudi;..
Barcelona;08007;08003;Estudi;..
Barcelona;08007;08005;Estudi;..
Barcelona;08007;08006;Estudi;..
Barcelona;08007;08007;Estudi;326
Barcelona;08007;08008;Estudi;..
Barcelona;08007;08009;Estudi;..
Barcelona;08007;08013;Estudi;..
Barcelona;08007;08015;Estudi;..
Barcelona;08007;08017;Estudi;..
Barcelona;08007;08021;Estudi;..
Barcelona;08007;08024;Estudi;..
Barcelona;08007;08025;Estudi;..
Barcelona;08007;08029;Estudi;..
Barcelona;08007;08034;Estudi;..
Barcelona;08007;08035;Estudi;..
Barcelona;08007;08036;Estudi;..
Barcelona;08007;08037;Estudi;..
Barcelona;08007;Barcelona;Estudi;831
Barcelona;08007;Diversos municipis;Estudi;..
Barcelona;08007;Altres municipis;Estudi;44
Barcelona;08007;Total;Estudi;884
Barcelona;08008;08001;Estudi;..
Barcelona;08008;08002;Estudi;..
Barcelona;08008;08003;Estudi;..
Barcelona;08008;08006;Estudi;..
Barcelona;08008;08007;Estudi;..
Barcelona;08008;08008;Estudi;312
Barcelona;08008;08009;Estudi;..
Barcelona;08008;08010;Estudi;..
Barcelona;08008;08011;Estudi;..
Barcelona;08008;08013;Estudi;..
Barcelona;08008;08014;Estudi;..
Barcelona;08008;08015;Estudi;..
Barcelona;08008;08017;Estudi;..
Barcelona;08008;08021;Estudi;..
Barcelona;08008;08022;Estudi;..
Barcelona;08008;08025;Estudi;..
Barcelona;08008;08026;Estudi;..
Barcelona;08008;08028;Estudi;..
Barcelona;08008;08034;Estudi;..
Barcelona;08008;08035;Estudi;..
Barcelona;08008;08036;Estudi;..
Barcelona;08008;Barcelona;Estudi;902
Barcelona;08008;Diversos municipis;Estudi;..
Barcelona;08008;Altres municipis;Estudi;47
Barcelona;08008;Total;Estudi;995
Barcelona;08009;08001;Estudi;..
Barcelona;08009;08002;Estudi;..
Barcelona;08009;08003;Estudi;..
Barcelona;08009;08005;Estudi;..
Barcelona;08009;08006;Estudi;..
Barcelona;08009;08007;Estudi;..
Barcelona;08009;08009;Estudi;832
Barcelona;08009;08010;Estudi;..
Barcelona;08009;08011;Estudi;..
Barcelona;08009;08012;Estudi;..
Barcelona;08009;08013;Estudi;163
Barcelona;08009;08014;Estudi;..
Barcelona;08009;08015;Estudi;..
Barcelona;08009;08017;Estudi;..
Barcelona;08009;08018;Estudi;..
Barcelona;08009;08022;Estudi;..
Barcelona;08009;08023;Estudi;..
Barcelona;08009;08024;Estudi;..
Barcelona;08009;08025;Estudi;..
Barcelona;08009;08028;Estudi;..
Barcelona;08009;08029;Estudi;..
Barcelona;08009;08031;Estudi;..
Barcelona;08009;08033;Estudi;..
Barcelona;08009;08034;Estudi;158
Barcelona;08009;08036;Estudi;..
Barcelona;08009;08037;Estudi;..
Barcelona;08009;08042;Estudi;..
Barcelona;08009;Barcelona;Estudi;1980
Barcelona;08009;Diversos municipis;Estudi;..
Barcelona;08009;Altres municipis;Estudi;302
Barcelona;08009;Total;Estudi;2293
Barcelona;08010;08001;Estudi;..
Barcelona;08010;08002;Estudi;..
Barcelona;08010;08003;Estudi;..
Barcelona;08010;08006;Estudi;..
Barcelona;08010;08007;Estudi;..
Barcelona;08010;08009;Estudi;131
Barcelona;08010;08010;Estudi;694
Barcelona;08010;08011;Estudi;..
Barcelona;08010;08013;Estudi;124
Barcelona;08010;08014;Estudi;..
Barcelona;08010;08015;Estudi;..
Barcelona;08010;08016;Estudi;..
Barcelona;08010;08017;Estudi;..
Barcelona;08010;08018;Estudi;..
Barcelona;08010;08025;Estudi;..
Barcelona;08010;08028;Estudi;..
Barcelona;08010;08034;Estudi;..
Barcelona;08010;08035;Estudi;..
Barcelona;08010;08036;Estudi;..
Barcelona;08010;08037;Estudi;..
Barcelona;08010;08040;Estudi;..
Barcelona;08010;Barcelona;Estudi;1530
Barcelona;08010;Diversos municipis;Estudi;..
Barcelona;08010;Altres municipis;Estudi;142
Barcelona;08010;Total;Estudi;1775
Barcelona;08011;08001;Estudi;160
Barcelona;08011;08002;Estudi;..
Barcelona;08011;08003;Estudi;..
Barcelona;08011;08004;Estudi;..
Barcelona;08011;08005;Estudi;..
Barcelona;08011;08006;Estudi;..
Barcelona;08011;08007;Estudi;..
Barcelona;08011;08008;Estudi;..
Barcelona;08011;08009;Estudi;153
Barcelona;08011;08010;Estudi;..
Barcelona;08011;08011;Estudi;1023
Barcelona;08011;08013;Estudi;194
Barcelona;08011;08014;Estudi;..
Barcelona;08011;08015;Estudi;456
Barcelona;08011;08017;Estudi;107
Barcelona;08011;08018;Estudi;..
Barcelona;08011;08019;Estudi;..
Barcelona;08011;08021;Estudi;..
Barcelona;08011;08022;Estudi;..
Barcelona;08011;08025;Estudi;..
Barcelona;08011;08026;Estudi;..
Barcelona;08011;08028;Estudi;..
Barcelona;08011;08029;Estudi;258
Barcelona;08011;08031;Estudi;..
Barcelona;08011;08032;Estudi;..
Barcelona;08011;08034;Estudi;..
Barcelona;08011;08035;Estudi;..
Barcelona;08011;08036;Estudi;226
Barcelona;08011;08037;Estudi;..
Barcelona;08011;08039;Estudi;..
Barcelona;08011;Barcelona;Estudi;3400
Barcelona;08011;Diversos municipis;Estudi;..
Barcelona;08011;Altres municipis;Estudi;184
Barcelona;08011;Total;Estudi;3628
Barcelona;08012;08001;Estudi;..
Barcelona;08012;08002;Estudi;..
Barcelona;08012;08003;Estudi;..
Barcelona;08012;08004;Estudi;..
Barcelona;08012;08005;Estudi;..
Barcelona;08012;08006;Estudi;471
Barcelona;08012;08007;Estudi;..
Barcelona;08012;08008;Estudi;..
Barcelona;08012;08009;Estudi;..
Barcelona;08012;08010;Estudi;..
Barcelona;08012;08012;Estudi;1955
Barcelona;08012;08014;Estudi;..
Barcelona;08012;08015;Estudi;..
Barcelona;08012;08017;Estudi;245
Barcelona;08012;08018;Estudi;..
Barcelona;08012;08019;Estudi;..
Barcelona;08012;08021;Estudi;..
Barcelona;08012;08022;Estudi;218
Barcelona;08012;08023;Estudi;182
Barcelona;08012;08024;Estudi;367
Barcelona;08012;08025;Estudi;247
Barcelona;08012;08026;Estudi;..
Barcelona;08012;08028;Estudi;..
Barcelona;08012;08029;Estudi;..
Barcelona;08012;08030;Estudi;..
Barcelona;08012;08031;Estudi;..
Barcelona;08012;08032;Estudi;..
Barcelona;08012;08034;Estudi;165
Barcelona;08012;08035;Estudi;..
Barcelona;08012;08036;Estudi;..
Barcelona;08012;08037;Estudi;..
Barcelona;08012;08040;Estudi;..
Barcelona;08012;08042;Estudi;..
Barcelona;08012;Barcelona;Estudi;4821
Barcelona;08012;Diversos municipis;Estudi;176
Barcelona;08012;Altres municipis;Estudi;404
Barcelona;08012;Total;Estudi;5402
Barcelona;08013;08001;Estudi;458
Barcelona;08013;08002;Estudi;..
Barcelona;08013;08003;Estudi;..
Barcelona;08013;08004;Estudi;..
Barcelona;08013;08005;Estudi;188
Barcelona;08013;08006;Estudi;..
Barcelona;08013;08007;Estudi;129
Barcelona;08013;08008;Estudi;..
Barcelona;08013;08009;Estudi;730
Barcelona;08013;08010;Estudi;508
Barcelona;08013;08011;Estudi;160
Barcelona;08013;08013;Estudi;4152
Barcelona;08013;08014;Estudi;..
Barcelona;08013;08015;Estudi;612
Barcelona;08013;08016;Estudi;..
Barcelona;08013;08017;Estudi;142
Barcelona;08013;08018;Estudi;193
Barcelona;08013;08019;Estudi;..
Barcelona;08013;08020;Estudi;..
Barcelona;08013;08021;Estudi;..
Barcelona;08013;08022;Estudi;146
Barcelona;08013;08023;Estudi;..
Barcelona;08013;08024;Estudi;..
Barcelona;08013;08025;Estudi;759
Barcelona;08013;08026;Estudi;111
Barcelona;08013;08027;Estudi;..
Barcelona;08013;08028;Estudi;193
Barcelona;08013;08029;Estudi;253
Barcelona;08013;08030;Estudi;..
Barcelona;08013;08031;Estudi;..
Barcelona;08013;08032;Estudi;..
Barcelona;08013;08034;Estudi;412
Barcelona;08013;08035;Estudi;134
Barcelona;08013;08036;Estudi;432
Barcelona;08013;08037;Estudi;..
Barcelona;08013;08038;Estudi;..
Barcelona;08013;08039;Estudi;..
Barcelona;08013;08040;Estudi;..
Barcelona;08013;08041;Estudi;..
Barcelona;08013;Barcelona;Estudi;11197
Barcelona;08013;Diversos municipis;Estudi;190
Barcelona;08013;Altres municipis;Estudi;639
Barcelona;08013;Total;Estudi;12025
Barcelona;08014;08001;Estudi;..
Barcelona;08014;08002;Estudi;..
Barcelona;08014;08003;Estudi;..
Barcelona;08014;08004;Estudi;445
Barcelona;08014;08005;Estudi;..
Barcelona;08014;08006;Estudi;..
Barcelona;08014;08007;Estudi;..
Barcelona;08014;08008;Estudi;..
Barcelona;08014;08009;Estudi;117
Barcelona;08014;08010;Estudi;..
Barcelona;08014;08011;Estudi;..
Barcelona;08014;08013;Estudi;..
Barcelona;08014;08014;Estudi;5312
Barcelona;08014;08015;Estudi;390
Barcelona;08014;08016;Estudi;..
Barcelona;08014;08017;Estudi;331
Barcelona;08014;08018;Estudi;..
Barcelona;08014;08019;Estudi;..
Barcelona;08014;08021;Estudi;..
Barcelona;08014;08022;Estudi;176
Barcelona;08014;08023;Estudi;..
Barcelona;08014;08024;Estudi;..
Barcelona;08014;08025;Estudi;..
Barcelona;08014;08027;Estudi;..
Barcelona;08014;08028;Estudi;1155
Barcelona;08014;08029;Estudi;274
Barcelona;08014;08030;Estudi;..
Barcelona;08014;08034;Estudi;384
Barcelona;08014;08035;Estudi;..
Barcelona;08014;08036;Estudi;145
Barcelona;08014;08037;Estudi;..
Barcelona;08014;08038;Estudi;352
Barcelona;08014;08040;Estudi;..
Barcelona;08014;08041;Estudi;..
Barcelona;08014;Barcelona;Estudi;10242
Barcelona;08014;Hospitalet de Llobregat, l';Estudi;186
Barcelona;08014;Diversos municipis;Estudi;281
Barcelona;08014;Altres municipis;Estudi;712
Barcelona;08014;Total;Estudi;11421
Barcelona;08015;08001;Estudi;427
Barcelona;08015;08002;Estudi;122
Barcelona;08015;08003;Estudi;..
Barcelona;08015;08004;Estudi;149
Barcelona;08015;08005;Estudi;..
Barcelona;08015;08006;Estudi;..
Barcelona;08015;08007;Estudi;187
Barcelona;08015;08008;Estudi;..
Barcelona;08015;08009;Estudi;327
Barcelona;08015;08010;Estudi;343
Barcelona;08015;08011;Estudi;425
Barcelona;08015;08012;Estudi;..
Barcelona;08015;08013;Estudi;379
Barcelona;08015;08014;Estudi;189
Barcelona;08015;08015;Estudi;4391
Barcelona;08015;08017;Estudi;175
Barcelona;08015;08018;Estudi;..
Barcelona;08015;08019;Estudi;..
Barcelona;08015;08020;Estudi;..
Barcelona;08015;08021;Estudi;..
Barcelona;08015;08022;Estudi;..
Barcelona;08015;08023;Estudi;..
Barcelona;08015;08024;Estudi;..
Barcelona;08015;08025;Estudi;364
Barcelona;08015;08026;Estudi;..
Barcelona;08015;08028;Estudi;399
Barcelona;08015;08029;Estudi;551
Barcelona;08015;08031;Estudi;..
Barcelona;08015;08032;Estudi;..
Barcelona;08015;08033;Estudi;..
Barcelona;08015;08034;Estudi;364
Barcelona;08015;08035;Estudi;116
Barcelona;08015;08036;Estudi;459
Barcelona;08015;08037;Estudi;..
Barcelona;08015;08038;Estudi;..
Barcelona;08015;08040;Estudi;..
Barcelona;08015;08041;Estudi;..
Barcelona;08015;08042;Estudi;..
Barcelona;08015;Barcelona;Estudi;10610
Barcelona;08015;Diversos municipis;Estudi;289
Barcelona;08015;Altres municipis;Estudi;551
Barcelona;08015;Total;Estudi;11450
Barcelona;08016;08001;Estudi;107
Barcelona;08016;08002;Estudi;..
Barcelona;08016;08003;Estudi;..
Barcelona;08016;08004;Estudi;..
Barcelona;08016;08005;Estudi;..
Barcelona;08016;08006;Estudi;..
Barcelona;08016;08007;Estudi;..
Barcelona;08016;08008;Estudi;..
Barcelona;08016;08009;Estudi;..
Barcelona;08016;08010;Estudi;..
Barcelona;08016;08011;Estudi;..
Barcelona;08016;08012;Estudi;..
Barcelona;08016;08013;Estudi;..
Barcelona;08016;08015;Estudi;..
Barcelona;08016;08016;Estudi;5247
Barcelona;08016;08017;Estudi;..
Barcelona;08016;08018;Estudi;..
Barcelona;08016;08019;Estudi;..
Barcelona;08016;08022;Estudi;..
Barcelona;08016;08023;Estudi;..
Barcelona;08016;08024;Estudi;120
Barcelona;08016;08025;Estudi;..
Barcelona;08016;08026;Estudi;..
Barcelona;08016;08027;Estudi;238
Barcelona;08016;08028;Estudi;147
Barcelona;08016;08030;Estudi;359
Barcelona;08016;08031;Estudi;788
Barcelona;08016;08032;Estudi;..
Barcelona;08016;08033;Estudi;132
Barcelona;08016;08034;Estudi;..
Barcelona;08016;08035;Estudi;221
Barcelona;08016;08036;Estudi;..
Barcelona;08016;08037;Estudi;..
Barcelona;08016;08039;Estudi;..
Barcelona;08016;08040;Estudi;..
Barcelona;08016;08041;Estudi;..
Barcelona;08016;08042;Estudi;987
Barcelona;08016;Barcelona;Estudi;9526
Barcelona;08016;Cerdanyola del Vallès;Estudi;236
Barcelona;08016;Diversos municipis;Estudi;368
Barcelona;08016;Altres municipis;Estudi;464
Barcelona;08016;Total;Estudi;10595
Barcelona;08017;08001;Estudi;104
Barcelona;08017;08002;Estudi;..
Barcelona;08017;08003;Estudi;..
Barcelona;08017;08005;Estudi;..
Barcelona;08017;08006;Estudi;397
Barcelona;08017;08007;Estudi;..
Barcelona;08017;08008;Estudi;..
Barcelona;08017;08009;Estudi;..
Barcelona;08017;08010;Estudi;..
Barcelona;08017;08011;Estudi;..
Barcelona;08017;08012;Estudi;..
Barcelona;08017;08013;Estudi;..
Barcelona;08017;08015;Estudi;..
Barcelona;08017;08017;Estudi;3127
Barcelona;08017;08018;Estudi;..
Barcelona;08017;08021;Estudi;154
Barcelona;08017;08022;Estudi;811
Barcelona;08017;08023;Estudi;..
Barcelona;08017;08024;Estudi;..
Barcelona;08017;08026;Estudi;..
Barcelona;08017;08028;Estudi;147
Barcelona;08017;08029;Estudi;..
Barcelona;08017;08033;Estudi;..
Barcelona;08017;08034;Estudi;938
Barcelona;08017;08035;Estudi;..
Barcelona;08017;08036;Estudi;..
Barcelona;08017;08037;Estudi;..
Barcelona;08017;08040;Estudi;..
Barcelona;08017;Barcelona;Estudi;6503
Barcelona;08017;Sant Cugat del Vallès;Estudi;219
Barcelona;08017;Diversos municipis;Estudi;246
Barcelona;08017;Altres municipis;Estudi;613
Barcelona;08017;Total;Estudi;7581
Barcelona;08018;08001;Estudi;155
Barcelona;08018;08002;Estudi;..
Barcelona;08018;08003;Estudi;..
Barcelona;08018;08004;Estudi;..
Barcelona;08018;08005;Estudi;1107
Barcelona;08018;08006;Estudi;..
Barcelona;08018;08007;Estudi;177
Barcelona;08018;08008;Estudi;..
Barcelona;08018;08009;Estudi;214
Barcelona;08018;08010;Estudi;131
Barcelona;08018;08011;Estudi;..
Barcelona;08018;08012;Estudi;..
Barcelona;08018;08013;Estudi;205
Barcelona;08018;08014;Estudi;..
Barcelona;08018;08015;Estudi;..
Barcelona;08018;08016;Estudi;..
Barcelona;08018;08017;Estudi;..
Barcelona;08018;08018;Estudi;3400
Barcelona;08018;08019;Estudi;230
Barcelona;08018;08020;Estudi;774
Barcelona;08018;08021;Estudi;..
Barcelona;08018;08022;Estudi;..
Barcelona;08018;08023;Estudi;..
Barcelona;08018;08024;Estudi;..
Barcelona;08018;08025;Estudi;148
Barcelona;08018;08026;Estudi;419
Barcelona;08018;08027;Estudi;164
Barcelona;08018;08028;Estudi;..
Barcelona;08018;08029;Estudi;..
Barcelona;08018;08030;Estudi;..
Barcelona;08018;08031;Estudi;..
Barcelona;08018;08033;Estudi;..
Barcelona;08018;08034;Estudi;..
Barcelona;08018;08035;Estudi;..
Barcelona;08018;08036;Estudi;..
Barcelona;08018;08037;Estudi;..
Barcelona;08018;08038;Estudi;..
Barcelona;08018;08039;Estudi;..
Barcelona;08018;08040;Estudi;..
Barcelona;08018;08041;Estudi;..
Barcelona;08018;08042;Estudi;..
Barcelona;08018;Barcelona;Estudi;8308
Barcelona;08018;Diversos municipis;Estudi;280
Barcelona;08018;Altres municipis;Estudi;437
Barcelona;08018;Total;Estudi;9024
Barcelona;08019;08001;Estudi;..
Barcelona;08019;08003;Estudi;..
Barcelona;08019;08005;Estudi;578
Barcelona;08019;08006;Estudi;..
Barcelona;08019;08009;Estudi;..
Barcelona;08019;08010;Estudi;..
Barcelona;08019;08011;Estudi;..
Barcelona;08019;08012;Estudi;..
Barcelona;08019;08013;Estudi;..
Barcelona;08019;08014;Estudi;..
Barcelona;08019;08015;Estudi;..
Barcelona;08019;08016;Estudi;..
Barcelona;08019;08017;Estudi;..
Barcelona;08019;08018;Estudi;302
Barcelona;08019;08019;Estudi;2932
Barcelona;08019;08020;Estudi;505
Barcelona;08019;08022;Estudi;..
Barcelona;08019;08023;Estudi;..
Barcelona;08019;08024;Estudi;..
Barcelona;08019;08025;Estudi;..
Barcelona;08019;08026;Estudi;..
Barcelona;08019;08027;Estudi;..
Barcelona;08019;08028;Estudi;..
Barcelona;08019;08029;Estudi;..
Barcelona;08019;08030;Estudi;..
Barcelona;08019;08031;Estudi;..
Barcelona;08019;08034;Estudi;..
Barcelona;08019;08035;Estudi;..
Barcelona;08019;08036;Estudi;..
Barcelona;08019;08039;Estudi;..
Barcelona;08019;08041;Estudi;..
Barcelona;08019;Barcelona;Estudi;5576
Barcelona;08019;Diversos municipis;Estudi;141
Barcelona;08019;Altres municipis;Estudi;312
Barcelona;08019;Total;Estudi;6029
Barcelona;08020;08001;Estudi;98
Barcelona;08020;08002;Estudi;..
Barcelona;08020;08003;Estudi;..
Barcelona;08020;08004;Estudi;..
Barcelona;08020;08005;Estudi;641
Barcelona;08020;08006;Estudi;..
Barcelona;08020;08007;Estudi;..
Barcelona;08020;08008;Estudi;..
Barcelona;08020;08009;Estudi;..
Barcelona;08020;08010;Estudi;..
Barcelona;08020;08011;Estudi;..
Barcelona;08020;08012;Estudi;..
Barcelona;08020;08013;Estudi;..
Barcelona;08020;08014;Estudi;..
Barcelona;08020;08015;Estudi;..
Barcelona;08020;08016;Estudi;..
Barcelona;08020;08017;Estudi;..
Barcelona;08020;08018;Estudi;692
Barcelona;08020;08019;Estudi;659
Barcelona;08020;08020;Estudi;5318
Barcelona;08020;08021;Estudi;..
Barcelona;08020;08022;Estudi;..
Barcelona;08020;08024;Estudi;..
Barcelona;08020;08025;Estudi;135
Barcelona;08020;08026;Estudi;298
Barcelona;08020;08027;Estudi;301
Barcelona;08020;08028;Estudi;138
Barcelona;08020;08030;Estudi;..
Barcelona;08020;08031;Estudi;..
Barcelona;08020;08032;Estudi;..
Barcelona;08020;08033;Estudi;..
Barcelona;08020;08034;Estudi;..
Barcelona;08020;08035;Estudi;..
Barcelona;08020;08036;Estudi;..
Barcelona;08020;08038;Estudi;..
Barcelona;08020;08040;Estudi;..
Barcelona;08020;08041;Estudi;..
Barcelona;08020;08042;Estudi;..
Barcelona;08020;Barcelona;Estudi;9635
Barcelona;08020;Sant Adrià de Besòs;Estudi;260
Barcelona;08020;Diversos municipis;Estudi;202
Barcelona;08020;Altres municipis;Estudi;592
Barcelona;08020;Total;Estudi;10689
Barcelona;08021;08001;Estudi;..
Barcelona;08021;08002;Estudi;..
Barcelona;08021;08003;Estudi;..
Barcelona;08021;08005;Estudi;..
Barcelona;08021;08006;Estudi;670
Barcelona;08021;08007;Estudi;..
Barcelona;08021;08008;Estudi;..
Barcelona;08021;08009;Estudi;..
Barcelona;08021;08010;Estudi;..
Barcelona;08021;08011;Estudi;..
Barcelona;08021;08012;Estudi;..
Barcelona;08021;08013;Estudi;..
Barcelona;08021;08014;Estudi;..
Barcelona;08021;08015;Estudi;..
Barcelona;08021;08017;Estudi;1067
Barcelona;08021;08018;Estudi;..
Barcelona;08021;08021;Estudi;1593
Barcelona;08021;08022;Estudi;581
Barcelona;08021;08023;Estudi;..
Barcelona;08021;08024;Estudi;..
Barcelona;08021;08025;Estudi;..
Barcelona;08021;08026;Estudi;..
Barcelona;08021;08027;Estudi;..
Barcelona;08021;08028;Estudi;134
Barcelona;08021;08029;Estudi;..
Barcelona;08021;08031;Estudi;..
Barcelona;08021;08034;Estudi;868
Barcelona;08021;08035;Estudi;..
Barcelona;08021;08036;Estudi;..
Barcelona;08021;08037;Estudi;..
Barcelona;08021;08040;Estudi;..
Barcelona;08021;Barcelona;Estudi;5801
Barcelona;08021;Sant Cugat del Vallès;Estudi;217
Barcelona;08021;Diversos municipis;Estudi;..
Barcelona;08021;Altres municipis;Estudi;250
Barcelona;08021;Total;Estudi;6351
Barcelona;08022;08001;Estudi;..
Barcelona;08022;08002;Estudi;..
Barcelona;08022;08004;Estudi;..
Barcelona;08022;08005;Estudi;..
Barcelona;08022;08006;Estudi;341
Barcelona;08022;08007;Estudi;..
Barcelona;08022;08008;Estudi;..
Barcelona;08022;08009;Estudi;..
Barcelona;08022;08010;Estudi;..
Barcelona;08022;08011;Estudi;..
Barcelona;08022;08012;Estudi;..
Barcelona;08022;08014;Estudi;..
Barcelona;08022;08017;Estudi;860
Barcelona;08022;08018;Estudi;..
Barcelona;08022;08021;Estudi;199
Barcelona;08022;08022;Estudi;3254
Barcelona;08022;08023;Estudi;..
Barcelona;08022;08024;Estudi;..
Barcelona;08022;08025;Estudi;..
Barcelona;08022;08028;Estudi;134
Barcelona;08022;08029;Estudi;..
Barcelona;08022;08033;Estudi;..
Barcelona;08022;08034;Estudi;876
Barcelona;08022;08035;Estudi;180
Barcelona;08022;08036;Estudi;..
Barcelona;08022;08037;Estudi;..
Barcelona;08022;08038;Estudi;..
Barcelona;08022;08039;Estudi;..
Barcelona;08022;08040;Estudi;..
Barcelona;08022;Barcelona;Estudi;6620
Barcelona;08022;Sant Cugat del Vallès;Estudi;163
Barcelona;08022;Diversos municipis;Estudi;157
Barcelona;08022;Altres municipis;Estudi;338
Barcelona;08022;Total;Estudi;7277
Barcelona;08023;08001;Estudi;..
Barcelona;08023;08002;Estudi;..
Barcelona;08023;08003;Estudi;..
Barcelona;08023;08004;Estudi;..
Barcelona;08023;08005;Estudi;..
Barcelona;08023;08006;Estudi;486
Barcelona;08023;08007;Estudi;..
Barcelona;08023;08008;Estudi;..
Barcelona;08023;08009;Estudi;181
Barcelona;08023;08010;Estudi;..
Barcelona;08023;08012;Estudi;311
Barcelona;08023;08014;Estudi;..
Barcelona;08023;08015;Estudi;..
Barcelona;08023;08016;Estudi;..
Barcelona;08023;08017;Estudi;613
Barcelona;08023;08018;Estudi;..
Barcelona;08023;08019;Estudi;..
Barcelona;08023;08021;Estudi;218
Barcelona;08023;08022;Estudi;851
Barcelona;08023;08023;Estudi;1943
Barcelona;08023;08024;Estudi;221
Barcelona;08023;08025;Estudi;223
Barcelona;08023;08028;Estudi;101
Barcelona;08023;08029;Estudi;..
Barcelona;08023;08031;Estudi;..
Barcelona;08023;08032;Estudi;110
Barcelona;08023;08034;Estudi;547
Barcelona;08023;08035;Estudi;458
Barcelona;08023;08036;Estudi;..
Barcelona;08023;08037;Estudi;..
Barcelona;08023;08040;Estudi;..
Barcelona;08023;08042;Estudi;..
Barcelona;08023;Barcelona;Estudi;7197
Barcelona;08023;Diversos municipis;Estudi;322
Barcelona;08023;Altres municipis;Estudi;602
Barcelona;08023;Total;Estudi;8122
Barcelona;08024;08001;Estudi;147
Barcelona;08024;08002;Estudi;..
Barcelona;08024;08003;Estudi;..
Barcelona;08024;08004;Estudi;..
Barcelona;08024;08005;Estudi;..
Barcelona;08024;08006;Estudi;352
Barcelona;08024;08007;Estudi;..
Barcelona;08024;08008;Estudi;..
Barcelona;08024;08009;Estudi;..
Barcelona;08024;08010;Estudi;..
Barcelona;08024;08012;Estudi;652
Barcelona;08024;08013;Estudi;..
Barcelona;08024;08014;Estudi;..
Barcelona;08024;08015;Estudi;..
Barcelona;08024;08016;Estudi;..
Barcelona;08024;08017;Estudi;290
Barcelona;08024;08018;Estudi;..
Barcelona;08024;08019;Estudi;..
Barcelona;08024;08021;Estudi;..
Barcelona;08024;08022;Estudi;348
Barcelona;08024;08023;Estudi;277
Barcelona;08024;08024;Estudi;4005
Barcelona;08024;08025;Estudi;834
Barcelona;08024;08026;Estudi;..
Barcelona;08024;08027;Estudi;..
Barcelona;08024;08028;Estudi;..
Barcelona;08024;08029;Estudi;..
Barcelona;08024;08030;Estudi;..
Barcelona;08024;08031;Estudi;114
Barcelona;08024;08032;Estudi;342
Barcelona;08024;08033;Estudi;..
Barcelona;08024;08034;Estudi;317
Barcelona;08024;08035;Estudi;370
Barcelona;08024;08036;Estudi;..
Barcelona;08024;08037;Estudi;..
Barcelona;08024;08039;Estudi;..
Barcelona;08024;08040;Estudi;..
Barcelona;08024;08041;Estudi;299
Barcelona;08024;08042;Estudi;..
Barcelona;08024;Barcelona;Estudi;9891
Barcelona;08024;Cerdanyola del Vallès;Estudi;242
Barcelona;08024;Diversos municipis;Estudi;153
Barcelona;08024;Altres municipis;Estudi;478
Barcelona;08024;Total;Estudi;10763
Barcelona;08025;08001;Estudi;247
Barcelona;08025;08002;Estudi;..
Barcelona;08025;08003;Estudi;116
Barcelona;08025;08004;Estudi;..
Barcelona;08025;08005;Estudi;182
Barcelona;08025;08006;Estudi;283
Barcelona;08025;08007;Estudi;..
Barcelona;08025;08008;Estudi;..
Barcelona;08025;08009;Estudi;342
Barcelona;08025;08010;Estudi;213
Barcelona;08025;08011;Estudi;..
Barcelona;08025;08012;Estudi;211
Barcelona;08025;08013;Estudi;711
Barcelona;08025;08014;Estudi;..
Barcelona;08025;08015;Estudi;277
Barcelona;08025;08016;Estudi;..
Barcelona;08025;08017;Estudi;204
Barcelona;08025;08018;Estudi;..
Barcelona;08025;08020;Estudi;..
Barcelona;08025;08021;Estudi;..
Barcelona;08025;08022;Estudi;..
Barcelona;08025;08023;Estudi;139
Barcelona;08025;08024;Estudi;396
Barcelona;08025;08025;Estudi;5213
Barcelona;08025;08026;Estudi;..
Barcelona;08025;08027;Estudi;..
Barcelona;08025;08028;Estudi;200
Barcelona;08025;08029;Estudi;148
Barcelona;08025;08030;Estudi;..
Barcelona;08025;08031;Estudi;187
Barcelona;08025;08032;Estudi;405
Barcelona;08025;08034;Estudi;207
Barcelona;08025;08035;Estudi;122
Barcelona;08025;08036;Estudi;260
Barcelona;08025;08037;Estudi;..
Barcelona;08025;08040;Estudi;..
Barcelona;08025;08041;Estudi;331
Barcelona;08025;08042;Estudi;..
Barcelona;08025;Barcelona;Estudi;11308
Barcelona;08025;Cerdanyola del Vallès;Estudi;140
Barcelona;08025;Diversos municipis;Estudi;250
Barcelona;08025;Altres municipis;Estudi;542
Barcelona;08025;Total;Estudi;12240
Barcelona;08026;08001;Estudi;..
Barcelona;08026;08002;Estudi;..
Barcelona;08026;08003;Estudi;..
Barcelona;08026;08004;Estudi;..
Barcelona;08026;08005;Estudi;396
Barcelona;08026;08006;Estudi;..
Barcelona;08026;08007;Estudi;..
Barcelona;08026;08008;Estudi;..
Barcelona;08026;08009;Estudi;124
Barcelona;08026;08010;Estudi;..
Barcelona;08026;08011;Estudi;..
Barcelona;08026;08012;Estudi;..
Barcelona;08026;08013;Estudi;176
Barcelona;08026;08014;Estudi;..
Barcelona;08026;08015;Estudi;..
Barcelona;08026;08016;Estudi;..
Barcelona;08026;08017;Estudi;..
Barcelona;08026;08018;Estudi;550
Barcelona;08026;08019;Estudi;229
Barcelona;08026;08020;Estudi;542
Barcelona;08026;08021;Estudi;..
Barcelona;08026;08022;Estudi;..
Barcelona;08026;08023;Estudi;..
Barcelona;08026;08024;Estudi;..
Barcelona;08026;08025;Estudi;362
Barcelona;08026;08026;Estudi;2731
Barcelona;08026;08027;Estudi;234
Barcelona;08026;08028;Estudi;..
Barcelona;08026;08029;Estudi;..
Barcelona;08026;08030;Estudi;..
Barcelona;08026;08031;Estudi;..
Barcelona;08026;08032;Estudi;121
Barcelona;08026;08034;Estudi;..
Barcelona;08026;08035;Estudi;..
Barcelona;08026;08036;Estudi;..
Barcelona;08026;08037;Estudi;..
Barcelona;08026;08038;Estudi;..
Barcelona;08026;08040;Estudi;..
Barcelona;08026;08041;Estudi;117
Barcelona;08026;Barcelona;Estudi;6957
Barcelona;08026;Diversos municipis;Estudi;140
Barcelona;08026;Altres municipis;Estudi;620
Barcelona;08026;Total;Estudi;7717
Barcelona;08027;08001;Estudi;..
Barcelona;08027;08002;Estudi;..
Barcelona;08027;08003;Estudi;..
Barcelona;08027;08004;Estudi;..
Barcelona;08027;08005;Estudi;..
Barcelona;08027;08006;Estudi;..
Barcelona;08027;08007;Estudi;..
Barcelona;08027;08008;Estudi;..
Barcelona;08027;08009;Estudi;..
Barcelona;08027;08010;Estudi;..
Barcelona;08027;08011;Estudi;..
Barcelona;08027;08012;Estudi;..
Barcelona;08027;08013;Estudi;..
Barcelona;08027;08014;Estudi;..
Barcelona;08027;08015;Estudi;..
Barcelona;08027;08016;Estudi;109
Barcelona;08027;08017;Estudi;126
Barcelona;08027;08018;Estudi;157
Barcelona;08027;08020;Estudi;127
Barcelona;08027;08021;Estudi;..
Barcelona;08027;08022;Estudi;119
Barcelona;08027;08023;Estudi;..
Barcelona;08027;08024;Estudi;..
Barcelona;08027;08025;Estudi;..
Barcelona;08027;08026;Estudi;226
Barcelona;08027;08027;Estudi;5705
Barcelona;08027;08028;Estudi;193
Barcelona;08027;08029;Estudi;..
Barcelona;08027;08030;Estudi;1779
Barcelona;08027;08031;Estudi;..
Barcelona;08027;08032;Estudi;141
Barcelona;08027;08033;Estudi;195
Barcelona;08027;08034;Estudi;..
Barcelona;08027;08035;Estudi;167
Barcelona;08027;08036;Estudi;183
Barcelona;08027;08037;Estudi;..
Barcelona;08027;08038;Estudi;..
Barcelona;08027;08039;Estudi;..
Barcelona;08027;08040;Estudi;..
Barcelona;08027;08041;Estudi;271
Barcelona;08027;Barcelona;Estudi;10764
Barcelona;08027;Cerdanyola del Vallès;Estudi;196
Barcelona;08027;Diversos municipis;Estudi;238
Barcelona;08027;Altres municipis;Estudi;736
Barcelona;08027;Total;Estudi;11934
Barcelona;08028;08001;Estudi;408
Barcelona;08028;08002;Estudi;..
Barcelona;08028;08003;Estudi;150
Barcelona;08028;08004;Estudi;441
Barcelona;08028;08005;Estudi;..
Barcelona;08028;08006;Estudi;..
Barcelona;08028;08007;Estudi;..
Barcelona;08028;08008;Estudi;..
Barcelona;08028;08009;Estudi;..
Barcelona;08028;08010;Estudi;..
Barcelona;08028;08011;Estudi;..
Barcelona;08028;08012;Estudi;..
Barcelona;08028;08013;Estudi;..
Barcelona;08028;08014;Estudi;1498
Barcelona;08028;08015;Estudi;..
Barcelona;08028;08016;Estudi;..
Barcelona;08028;08017;Estudi;533
Barcelona;08028;08018;Estudi;..
Barcelona;08028;08019;Estudi;..
Barcelona;08028;08021;Estudi;..
Barcelona;08028;08022;Estudi;160
Barcelona;08028;08023;Estudi;..
Barcelona;08028;08024;Estudi;..
Barcelona;08028;08025;Estudi;..
Barcelona;08028;08027;Estudi;..
Barcelona;08028;08028;Estudi;6245
Barcelona;08028;08029;Estudi;724
Barcelona;08028;08030;Estudi;..
Barcelona;08028;08031;Estudi;..
Barcelona;08028;08034;Estudi;1550
Barcelona;08028;08035;Estudi;142
Barcelona;08028;08036;Estudi;243
Barcelona;08028;08037;Estudi;..
Barcelona;08028;08038;Estudi;323
Barcelona;08028;08039;Estudi;..
Barcelona;08028;08040;Estudi;..
Barcelona;08028;08041;Estudi;..
Barcelona;08028;08042;Estudi;..
Barcelona;08028;Barcelona;Estudi;13843
Barcelona;08028;Hospitalet de Llobregat, l';Estudi;358
Barcelona;08028;Esplugues de Llobregat;Estudi;115
Barcelona;08028;Diversos municipis;Estudi;190
Barcelona;08028;Altres municipis;Estudi;859
Barcelona;08028;Total;Estudi;15365
Barcelona;08029;08001;Estudi;247
Barcelona;08029;08002;Estudi;..
Barcelona;08029;08003;Estudi;..
Barcelona;08029;08004;Estudi;..
Barcelona;08029;08005;Estudi;..
Barcelona;08029;08006;Estudi;152
Barcelona;08029;08007;Estudi;99
Barcelona;08029;08008;Estudi;..
Barcelona;08029;08009;Estudi;..
Barcelona;08029;08010;Estudi;..
Barcelona;08029;08011;Estudi;..
Barcelona;08029;08012;Estudi;..
Barcelona;08029;08013;Estudi;199
Barcelona;08029;08014;Estudi;359
Barcelona;08029;08015;Estudi;386
Barcelona;08029;08016;Estudi;..
Barcelona;08029;08017;Estudi;517
Barcelona;08029;08018;Estudi;..
Barcelona;08029;08019;Estudi;..
Barcelona;08029;08021;Estudi;..
Barcelona;08029;08022;Estudi;238
Barcelona;08029;08023;Estudi;..
Barcelona;08029;08024;Estudi;..
Barcelona;08029;08025;Estudi;266
Barcelona;08029;08026;Estudi;..
Barcelona;08029;08027;Estudi;..
Barcelona;08029;08028;Estudi;464
Barcelona;08029;08029;Estudi;3918
Barcelona;08029;08030;Estudi;..
Barcelona;08029;08031;Estudi;..
Barcelona;08029;08032;Estudi;..
Barcelona;08029;08034;Estudi;632
Barcelona;08029;08035;Estudi;210
Barcelona;08029;08036;Estudi;562
Barcelona;08029;08037;Estudi;..
Barcelona;08029;08038;Estudi;..
Barcelona;08029;08042;Estudi;..
Barcelona;08029;Barcelona;Estudi;9520
Barcelona;08029;Hospitalet de Llobregat, l';Estudi;204
Barcelona;08029;Diversos municipis;Estudi;220
Barcelona;08029;Altres municipis;Estudi;672
Barcelona;08029;Total;Estudi;10616
Barcelona;08030;08001;Estudi;112
Barcelona;08030;08002;Estudi;..
Barcelona;08030;08003;Estudi;..
Barcelona;08030;08004;Estudi;..
Barcelona;08030;08005;Estudi;..
Barcelona;08030;08006;Estudi;..
Barcelona;08030;08007;Estudi;..
Barcelona;08030;08008;Estudi;..
Barcelona;08030;08009;Estudi;..
Barcelona;08030;08010;Estudi;..
Barcelona;08030;08011;Estudi;..
Barcelona;08030;08012;Estudi;..
Barcelona;08030;08013;Estudi;..
Barcelona;08030;08014;Estudi;..
Barcelona;08030;08015;Estudi;..
Barcelona;08030;08016;Estudi;170
Barcelona;08030;08017;Estudi;..
Barcelona;08030;08018;Estudi;..
Barcelona;08030;08019;Estudi;..
Barcelona;08030;08020;Estudi;..
Barcelona;08030;08021;Estudi;..
Barcelona;08030;08022;Estudi;..
Barcelona;08030;08023;Estudi;..
Barcelona;08030;08024;Estudi;..
Barcelona;08030;08025;Estudi;..
Barcelona;08030;08026;Estudi;..
Barcelona;08030;08027;Estudi;1197
Barcelona;08030;08028;Estudi;133
Barcelona;08030;08029;Estudi;..
Barcelona;08030;08030;Estudi;8903
Barcelona;08030;08031;Estudi;140
Barcelona;08030;08032;Estudi;..
Barcelona;08030;08033;Estudi;..
Barcelona;08030;08034;Estudi;225
Barcelona;08030;08035;Estudi;147
Barcelona;08030;08036;Estudi;113
Barcelona;08030;08037;Estudi;..
Barcelona;08030;08038;Estudi;..
Barcelona;08030;08040;Estudi;..
Barcelona;08030;08041;Estudi;..
Barcelona;08030;08042;Estudi;..
Barcelona;08030;Barcelona;Estudi;12728
Barcelona;08030;Diversos municipis;Estudi;295
Barcelona;08030;Altres municipis;Estudi;832
Barcelona;08030;Total;Estudi;13855
Barcelona;08031;08001;Estudi;165
Barcelona;08031;08002;Estudi;..
Barcelona;08031;08003;Estudi;..
Barcelona;08031;08004;Estudi;..
Barcelona;08031;08005;Estudi;..
Barcelona;08031;08006;Estudi;..
Barcelona;08031;08007;Estudi;..
Barcelona;08031;08009;Estudi;..
Barcelona;08031;08010;Estudi;..
Barcelona;08031;08011;Estudi;..
Barcelona;08031;08012;Estudi;..
Barcelona;08031;08013;Estudi;..
Barcelona;08031;08014;Estudi;..
Barcelona;08031;08015;Estudi;..
Barcelona;08031;08016;Estudi;704
Barcelona;08031;08017;Estudi;..
Barcelona;08031;08018;Estudi;..
Barcelona;08031;08019;Estudi;..
Barcelona;08031;08020;Estudi;..
Barcelona;08031;08021;Estudi;..
Barcelona;08031;08022;Estudi;..
Barcelona;08031;08023;Estudi;..
Barcelona;08031;08024;Estudi;131
Barcelona;08031;08025;Estudi;..
Barcelona;08031;08027;Estudi;194
Barcelona;08031;08028;Estudi;127
Barcelona;08031;08029;Estudi;..
Barcelona;08031;08030;Estudi;..
Barcelona;08031;08031;Estudi;4123
Barcelona;08031;08032;Estudi;648
Barcelona;08031;08033;Estudi;..
Barcelona;08031;08034;Estudi;..
Barcelona;08031;08035;Estudi;284
Barcelona;08031;08036;Estudi;..
Barcelona;08031;08037;Estudi;..
Barcelona;08031;08039;Estudi;..
Barcelona;08031;08040;Estudi;..
Barcelona;08031;08041;Estudi;..
Barcelona;08031;08042;Estudi;421
Barcelona;08031;Barcelona;Estudi;8263
Barcelona;08031;Diversos municipis;Estudi;..
Barcelona;08031;Altres municipis;Estudi;444
Barcelona;08031;Total;Estudi;8816
Barcelona;08032;08001;Estudi;..
Barcelona;08032;08002;Estudi;..
Barcelona;08032;08003;Estudi;..
Barcelona;08032;08004;Estudi;..
Barcelona;08032;08005;Estudi;..
Barcelona;08032;08006;Estudi;146
Barcelona;08032;08007;Estudi;..
Barcelona;08032;08009;Estudi;..
Barcelona;08032;08010;Estudi;..
Barcelona;08032;08011;Estudi;..
Barcelona;08032;08012;Estudi;..
Barcelona;08032;08013;Estudi;..
Barcelona;08032;08014;Estudi;..
Barcelona;08032;08015;Estudi;..
Barcelona;08032;08016;Estudi;..
Barcelona;08032;08017;Estudi;..
Barcelona;08032;08020;Estudi;..
Barcelona;08032;08021;Estudi;..
Barcelona;08032;08022;Estudi;220
Barcelona;08032;08023;Estudi;184
Barcelona;08032;08024;Estudi;400
Barcelona;08032;08025;Estudi;323
Barcelona;08032;08027;Estudi;..
Barcelona;08032;08028;Estudi;134
Barcelona;08032;08029;Estudi;..
Barcelona;08032;08030;Estudi;..
Barcelona;08032;08031;Estudi;446
Barcelona;08032;08032;Estudi;5263
Barcelona;08032;08033;Estudi;..
Barcelona;08032;08034;Estudi;..
Barcelona;08032;08035;Estudi;637
Barcelona;08032;08036;Estudi;..
Barcelona;08032;08037;Estudi;..
Barcelona;08032;08038;Estudi;..
Barcelona;08032;08039;Estudi;629
Barcelona;08032;08040;Estudi;..
Barcelona;08032;Barcelona;Estudi;9628
Barcelona;08032;Diversos municipis;Estudi;326
Barcelona;08032;Altres municipis;Estudi;641
Barcelona;08032;Total;Estudi;10594
Barcelona;08033;08001;Estudi;..
Barcelona;08033;08002;Estudi;..
Barcelona;08033;08003;Estudi;..
Barcelona;08033;08005;Estudi;..
Barcelona;08033;08006;Estudi;..
Barcelona;08033;08007;Estudi;..
Barcelona;08033;08008;Estudi;..
Barcelona;08033;08009;Estudi;..
Barcelona;08033;08010;Estudi;..
Barcelona;08033;08012;Estudi;..
Barcelona;08033;08013;Estudi;..
Barcelona;08033;08014;Estudi;..
Barcelona;08033;08016;Estudi;607
Barcelona;08033;08017;Estudi;..
Barcelona;08033;08018;Estudi;..
Barcelona;08033;08020;Estudi;..
Barcelona;08033;08021;Estudi;..
Barcelona;08033;08022;Estudi;..
Barcelona;08033;08024;Estudi;..
Barcelona;08033;08025;Estudi;..
Barcelona;08033;08026;Estudi;..
Barcelona;08033;08027;Estudi;157
Barcelona;08033;08028;Estudi;..
Barcelona;08033;08030;Estudi;491
Barcelona;08033;08031;Estudi;304
Barcelona;08033;08033;Estudi;2137
Barcelona;08033;08034;Estudi;..
Barcelona;08033;08035;Estudi;124
Barcelona;08033;08036;Estudi;..
Barcelona;08033;08040;Estudi;..
Barcelona;08033;08041;Estudi;..
Barcelona;08033;08042;Estudi;337
Barcelona;08033;Barcelona;Estudi;4750
Barcelona;08033;Diversos municipis;Estudi;..
Barcelona;08033;Altres municipis;Estudi;360
Barcelona;08033;Total;Estudi;5248
Barcelona;08034;08001;Estudi;..
Barcelona;08034;08005;Estudi;..
Barcelona;08034;08006;Estudi;194
Barcelona;08034;08007;Estudi;..
Barcelona;08034;08008;Estudi;..
Barcelona;08034;08009;Estudi;..
Barcelona;08034;08010;Estudi;..
Barcelona;08034;08011;Estudi;..
Barcelona;08034;08012;Estudi;..
Barcelona;08034;08014;Estudi;190
Barcelona;08034;08017;Estudi;656
Barcelona;08034;08018;Estudi;..
Barcelona;08034;08019;Estudi;..
Barcelona;08034;08021;Estudi;176
Barcelona;08034;08022;Estudi;527
Barcelona;08034;08023;Estudi;..
Barcelona;08034;08024;Estudi;..
Barcelona;08034;08025;Estudi;..
Barcelona;08034;08027;Estudi;..
Barcelona;08034;08028;Estudi;255
Barcelona;08034;08029;Estudi;246
Barcelona;08034;08034;Estudi;4046
Barcelona;08034;08035;Estudi;..
Barcelona;08034;08036;Estudi;..
Barcelona;08034;08038;Estudi;..
Barcelona;08034;08040;Estudi;..
Barcelona;08034;08041;Estudi;..
Barcelona;08034;Barcelona;Estudi;6944
Barcelona;08034;Sant Cugat del Vallès;Estudi;213
Barcelona;08034;Diversos municipis;Estudi;166
Barcelona;08034;Altres municipis;Estudi;366
Barcelona;08034;Total;Estudi;7688
Barcelona;08035;08001;Estudi;..
Barcelona;08035;08003;Estudi;..
Barcelona;08035;08005;Estudi;..
Barcelona;08035;08006;Estudi;159
Barcelona;08035;08007;Estudi;..
Barcelona;08035;08009;Estudi;..
Barcelona;08035;08010;Estudi;..
Barcelona;08035;08012;Estudi;..
Barcelona;08035;08014;Estudi;..
Barcelona;08035;08015;Estudi;..
Barcelona;08035;08016;Estudi;..
Barcelona;08035;08017;Estudi;..
Barcelona;08035;08018;Estudi;..
Barcelona;08035;08019;Estudi;..
Barcelona;08035;08021;Estudi;..
Barcelona;08035;08022;Estudi;206
Barcelona;08035;08023;Estudi;288
Barcelona;08035;08024;Estudi;227
Barcelona;08035;08025;Estudi;..
Barcelona;08035;08027;Estudi;..
Barcelona;08035;08028;Estudi;..
Barcelona;08035;08029;Estudi;..
Barcelona;08035;08030;Estudi;..
Barcelona;08035;08031;Estudi;342
Barcelona;08035;08032;Estudi;388
Barcelona;08035;08033;Estudi;..
Barcelona;08035;08034;Estudi;104
Barcelona;08035;08035;Estudi;3057
Barcelona;08035;08036;Estudi;..
Barcelona;08035;08037;Estudi;..
Barcelona;08035;08040;Estudi;..
Barcelona;08035;08041;Estudi;353
Barcelona;08035;08042;Estudi;..
Barcelona;08035;Barcelona;Estudi;5830
Barcelona;08035;Diversos municipis;Estudi;255
Barcelona;08035;Altres municipis;Estudi;201
Barcelona;08035;Total;Estudi;6286
Barcelona;08036;08001;Estudi;..
Barcelona;08036;08002;Estudi;..
Barcelona;08036;08003;Estudi;..
Barcelona;08036;08004;Estudi;..
Barcelona;08036;08005;Estudi;..
Barcelona;08036;08006;Estudi;153
Barcelona;08036;08007;Estudi;..
Barcelona;08036;08008;Estudi;..
Barcelona;08036;08009;Estudi;149
Barcelona;08036;08010;Estudi;..
Barcelona;08036;08011;Estudi;..
Barcelona;08036;08012;Estudi;..
Barcelona;08036;08013;Estudi;..
Barcelona;08036;08014;Estudi;..
Barcelona;08036;08015;Estudi;212
Barcelona;08036;08017;Estudi;138
Barcelona;08036;08018;Estudi;..
Barcelona;08036;08020;Estudi;..
Barcelona;08036;08021;Estudi;..
Barcelona;08036;08022;Estudi;183
Barcelona;08036;08023;Estudi;..
Barcelona;08036;08024;Estudi;..
Barcelona;08036;08025;Estudi;..
Barcelona;08036;08028;Estudi;153
Barcelona;08036;08029;Estudi;234
Barcelona;08036;08030;Estudi;..
Barcelona;08036;08031;Estudi;..
Barcelona;08036;08034;Estudi;318
Barcelona;08036;08035;Estudi;..
Barcelona;08036;08036;Estudi;1638
Barcelona;08036;08037;Estudi;..
Barcelona;08036;08038;Estudi;..
Barcelona;08036;Barcelona;Estudi;3878
Barcelona;08036;Diversos municipis;Estudi;..
Barcelona;08036;Altres municipis;Estudi;259
Barcelona;08036;Total;Estudi;4245
Barcelona;08037;08001;Estudi;..
Barcelona;08037;08002;Estudi;..
Barcelona;08037;08003;Estudi;..
Barcelona;08037;08004;Estudi;..
Barcelona;08037;08005;Estudi;..
Barcelona;08037;08006;Estudi;..
Barcelona;08037;08007;Estudi;..
Barcelona;08037;08008;Estudi;..
Barcelona;08037;08009;Estudi;156
Barcelona;08037;08010;Estudi;..
Barcelona;08037;08012;Estudi;181
Barcelona;08037;08013;Estudi;..
Barcelona;08037;08014;Estudi;..
Barcelona;08037;08015;Estudi;..
Barcelona;08037;08017;Estudi;..
Barcelona;08037;08018;Estudi;..
Barcelona;08037;08021;Estudi;..
Barcelona;08037;08022;Estudi;..
Barcelona;08037;08023;Estudi;..
Barcelona;08037;08024;Estudi;111
Barcelona;08037;08025;Estudi;190
Barcelona;08037;08026;Estudi;..
Barcelona;08037;08028;Estudi;..
Barcelona;08037;08029;Estudi;..
Barcelona;08037;08030;Estudi;..
Barcelona;08037;08031;Estudi;..
Barcelona;08037;08034;Estudi;..
Barcelona;08037;08035;Estudi;..
Barcelona;08037;08036;Estudi;..
Barcelona;08037;08037;Estudi;924
Barcelona;08037;08040;Estudi;..
Barcelona;08037;08041;Estudi;..
Barcelona;08037;Barcelona;Estudi;2888
Barcelona;08037;Diversos municipis;Estudi;148
Barcelona;08037;Altres municipis;Estudi;422
Barcelona;08037;Total;Estudi;3459
Barcelona;08038;08001;Estudi;92
Barcelona;08038;08002;Estudi;..
Barcelona;08038;08004;Estudi;350
Barcelona;08038;08005;Estudi;..
Barcelona;08038;08006;Estudi;..
Barcelona;08038;08007;Estudi;..
Barcelona;08038;08008;Estudi;..
Barcelona;08038;08009;Estudi;..
Barcelona;08038;08010;Estudi;..
Barcelona;08038;08011;Estudi;..
Barcelona;08038;08012;Estudi;..
Barcelona;08038;08014;Estudi;1205
Barcelona;08038;08015;Estudi;..
Barcelona;08038;08016;Estudi;..
Barcelona;08038;08017;Estudi;110
Barcelona;08038;08018;Estudi;..
Barcelona;08038;08019;Estudi;..
Barcelona;08038;08021;Estudi;..
Barcelona;08038;08022;Estudi;..
Barcelona;08038;08025;Estudi;..
Barcelona;08038;08027;Estudi;..
Barcelona;08038;08028;Estudi;538
Barcelona;08038;08029;Estudi;..
Barcelona;08038;08030;Estudi;..
Barcelona;08038;08034;Estudi;..
Barcelona;08038;08035;Estudi;..
Barcelona;08038;08036;Estudi;..
Barcelona;08038;08037;Estudi;..
Barcelona;08038;08038;Estudi;2796
Barcelona;08038;08039;Estudi;..
Barcelona;08038;08040;Estudi;..
Barcelona;08038;08042;Estudi;..
Barcelona;08038;Barcelona;Estudi;5999
Barcelona;08038;Hospitalet de Llobregat, l';Estudi;269
Barcelona;08038;Diversos municipis;Estudi;166
Barcelona;08038;Altres municipis;Estudi;408
Barcelona;08038;Total;Estudi;6843
Barcelona;08039;Total;Estudi;..
Barcelona;08040;08028;Estudi;..
Barcelona;08040;08040;Estudi;..
Barcelona;08040;Altres municipis;Estudi;..
Barcelona;08040;Total;Estudi;..
Barcelona;08041;08001;Estudi;..
Barcelona;08041;08002;Estudi;..
Barcelona;08041;08003;Estudi;..
Barcelona;08041;08004;Estudi;..
Barcelona;08041;08005;Estudi;..
Barcelona;08041;08006;Estudi;..
Barcelona;08041;08007;Estudi;..
Barcelona;08041;08008;Estudi;..
Barcelona;08041;08009;Estudi;..
Barcelona;08041;08010;Estudi;..
Barcelona;08041;08011;Estudi;..
Barcelona;08041;08012;Estudi;..
Barcelona;08041;08013;Estudi;..
Barcelona;08041;08014;Estudi;..
Barcelona;08041;08015;Estudi;..
Barcelona;08041;08016;Estudi;..
Barcelona;08041;08017;Estudi;..
Barcelona;08041;08018;Estudi;..
Barcelona;08041;08019;Estudi;..
Barcelona;08041;08020;Estudi;..
Barcelona;08041;08021;Estudi;..
Barcelona;08041;08022;Estudi;..
Barcelona;08041;08023;Estudi;..
Barcelona;08041;08024;Estudi;238
Barcelona;08041;08025;Estudi;555
Barcelona;08041;08026;Estudi;..
Barcelona;08041;08027;Estudi;248
Barcelona;08041;08028;Estudi;..
Barcelona;08041;08030;Estudi;..
Barcelona;08041;08031;Estudi;200
Barcelona;08041;08032;Estudi;356
Barcelona;08041;08034;Estudi;142
Barcelona;08041;08035;Estudi;349
Barcelona;08041;08036;Estudi;..
Barcelona;08041;08037;Estudi;..
Barcelona;08041;08038;Estudi;..
Barcelona;08041;08041;Estudi;2433
Barcelona;08041;08042;Estudi;..
Barcelona;08041;Barcelona;Estudi;6150
Barcelona;08041;Diversos municipis;Estudi;145
Barcelona;08041;Altres municipis;Estudi;440
Barcelona;08041;Total;Estudi;6735
Barcelona;08042;08001;Estudi;136
Barcelona;08042;08002;Estudi;..
Barcelona;08042;08003;Estudi;..
Barcelona;08042;08004;Estudi;..
Barcelona;08042;08005;Estudi;..
Barcelona;08042;08006;Estudi;..
Barcelona;08042;08007;Estudi;..
Barcelona;08042;08008;Estudi;..
Barcelona;08042;08009;Estudi;..
Barcelona;08042;08010;Estudi;..
Barcelona;08042;08012;Estudi;..
Barcelona;08042;08013;Estudi;..
Barcelona;08042;08014;Estudi;..
Barcelona;08042;08015;Estudi;..
Barcelona;08042;08016;Estudi;1124
Barcelona;08042;08017;Estudi;..
Barcelona;08042;08018;Estudi;..
Barcelona;08042;08019;Estudi;..
Barcelona;08042;08020;Estudi;..
Barcelona;08042;08023;Estudi;..
Barcelona;08042;08024;Estudi;..
Barcelona;08042;08025;Estudi;..
Barcelona;08042;08027;Estudi;153
Barcelona;08042;08028;Estudi;..
Barcelona;08042;08029;Estudi;..
Barcelona;08042;08030;Estudi;159
Barcelona;08042;08031;Estudi;941
Barcelona;08042;08032;Estudi;170
Barcelona;08042;08033;Estudi;..
Barcelona;08042;08034;Estudi;..
Barcelona;08042;08035;Estudi;599
Barcelona;08042;08036;Estudi;..
Barcelona;08042;08037;Estudi;..
Barcelona;08042;08040;Estudi;..
Barcelona;08042;08041;Estudi;..
Barcelona;08042;08042;Estudi;4551
Barcelona;08042;Barcelona;Estudi;9357
Barcelona;08042;Cerdanyola del Vallès;Estudi;101
Barcelona;08042;Diversos municipis;Estudi;180
Barcelona;08042;Altres municipis;Estudi;314
Barcelona;08042;Total;Estudi;9953
Barcelona;0Barcelona;Total;Estudi;310255
Hospitalet de Llobregat, l';08901;08901;Estudi;5785
Hospitalet de Llobregat, l';08901;08902;Estudi;334
Hospitalet de Llobregat, l';08901;08903;Estudi;..
Hospitalet de Llobregat, l';08901;08904;Estudi;..
Hospitalet de Llobregat, l';08901;08905;Estudi;262
Hospitalet de Llobregat, l';08901;08906;Estudi;535
Hospitalet de Llobregat, l';08901;08907;Estudi;484
Hospitalet de Llobregat, l';08901;08908;Estudi;..
Hospitalet de Llobregat, l';08901;Hospitalet de Llobregat, l';Estudi;7520
Hospitalet de Llobregat, l';08901;Barcelona;Estudi;1312
Hospitalet de Llobregat, l';08901;Diversos municipis;Estudi;..
Hospitalet de Llobregat, l';08901;Altres municipis;Estudi;407
Hospitalet de Llobregat, l';08901;Total;Estudi;9409
Hospitalet de Llobregat, l';08902;08901;Estudi;217
Hospitalet de Llobregat, l';08902;08902;Estudi;4939
Hospitalet de Llobregat, l';08902;08903;Estudi;..
Hospitalet de Llobregat, l';08902;08905;Estudi;..
Hospitalet de Llobregat, l';08902;08906;Estudi;..
Hospitalet de Llobregat, l';08902;08907;Estudi;703
Hospitalet de Llobregat, l';08902;08908;Estudi;..
Hospitalet de Llobregat, l';08902;Hospitalet de Llobregat, l';Estudi;6101
Hospitalet de Llobregat, l';08902;Barcelona;Estudi;1486
Hospitalet de Llobregat, l';08902;Diversos municipis;Estudi;241
Hospitalet de Llobregat, l';08902;Altres municipis;Estudi;494
Hospitalet de Llobregat, l';08902;Total;Estudi;8321
Hospitalet de Llobregat, l';08903;08901;Estudi;201
Hospitalet de Llobregat, l';08903;08902;Estudi;..
Hospitalet de Llobregat, l';08903;08903;Estudi;1387
Hospitalet de Llobregat, l';08903;08904;Estudi;648
Hospitalet de Llobregat, l';08903;08905;Estudi;..
Hospitalet de Llobregat, l';08903;08906;Estudi;..
Hospitalet de Llobregat, l';08903;08907;Estudi;..
Hospitalet de Llobregat, l';08903;Hospitalet de Llobregat, l';Estudi;2467
Hospitalet de Llobregat, l';08903;Barcelona;Estudi;1268
Hospitalet de Llobregat, l';08903;Diversos municipis;Estudi;..
Hospitalet de Llobregat, l';08903;Altres municipis;Estudi;88
Hospitalet de Llobregat, l';08903;Total;Estudi;3877
Hospitalet de Llobregat, l';08904;08901;Estudi;..
Hospitalet de Llobregat, l';08904;08902;Estudi;..
Hospitalet de Llobregat, l';08904;08903;Estudi;847
Hospitalet de Llobregat, l';08904;08904;Estudi;1881
Hospitalet de Llobregat, l';08904;08905;Estudi;243
Hospitalet de Llobregat, l';08904;08907;Estudi;..
Hospitalet de Llobregat, l';08904;08908;Estudi;..
Hospitalet de Llobregat, l';08904;Hospitalet de Llobregat, l';Estudi;3234
Hospitalet de Llobregat, l';08904;Barcelona;Estudi;1806
Hospitalet de Llobregat, l';08904;Diversos municipis;Estudi;..
Hospitalet de Llobregat, l';08904;Altres municipis;Estudi;190
Hospitalet de Llobregat, l';08904;Total;Estudi;5475
Hospitalet de Llobregat, l';08905;08901;Estudi;584
Hospitalet de Llobregat, l';08905;08902;Estudi;..
Hospitalet de Llobregat, l';08905;08903;Estudi;248
Hospitalet de Llobregat, l';08905;08904;Estudi;..
Hospitalet de Llobregat, l';08905;08905;Estudi;3582
Hospitalet de Llobregat, l';08905;08906;Estudi;524
Hospitalet de Llobregat, l';08905;08907;Estudi;..
Hospitalet de Llobregat, l';08905;Hospitalet de Llobregat, l';Estudi;5237
Hospitalet de Llobregat, l';08905;Barcelona;Estudi;989
Hospitalet de Llobregat, l';08905;Diversos municipis;Estudi;606
Hospitalet de Llobregat, l';08905;Altres municipis;Estudi;255
Hospitalet de Llobregat, l';08905;Total;Estudi;7087
Hospitalet de Llobregat, l';08906;08901;Estudi;594
Hospitalet de Llobregat, l';08906;08902;Estudi;..
Hospitalet de Llobregat, l';08906;08904;Estudi;..
Hospitalet de Llobregat, l';08906;08905;Estudi;374
Hospitalet de Llobregat, l';08906;08906;Estudi;5336
Hospitalet de Llobregat, l';08906;08907;Estudi;..
Hospitalet de Llobregat, l';08906;08908;Estudi;..
Hospitalet de Llobregat, l';08906;Hospitalet de Llobregat, l';Estudi;6650
Hospitalet de Llobregat, l';08906;Barcelona;Estudi;750
Hospitalet de Llobregat, l';08906;Esplugues de Llobregat;Estudi;353
Hospitalet de Llobregat, l';08906;Diversos municipis;Estudi;213
Hospitalet de Llobregat, l';08906;Altres municipis;Estudi;337
Hospitalet de Llobregat, l';08906;Total;Estudi;8303
Hospitalet de Llobregat, l';08907;08901;Estudi;419
Hospitalet de Llobregat, l';08907;08902;Estudi;151
Hospitalet de Llobregat, l';08907;08906;Estudi;..
Hospitalet de Llobregat, l';08907;08907;Estudi;3766
Hospitalet de Llobregat, l';08907;08908;Estudi;..
Hospitalet de Llobregat, l';08907;Hospitalet de Llobregat, l';Estudi;4518
Hospitalet de Llobregat, l';08907;Barcelona;Estudi;431
Hospitalet de Llobregat, l';08907;Diversos municipis;Estudi;..
Hospitalet de Llobregat, l';08907;Altres municipis;Estudi;57
Hospitalet de Llobregat, l';08907;Total;Estudi;5137
Hospitalet de Llobregat, l';08908;08901;Estudi;..
Hospitalet de Llobregat, l';08908;08902;Estudi;193
Hospitalet de Llobregat, l';08908;08907;Estudi;..
Hospitalet de Llobregat, l';08908;08908;Estudi;180
Hospitalet de Llobregat, l';08908;Hospitalet de Llobregat, l';Estudi;396
Hospitalet de Llobregat, l';08908;Diversos municipis;Estudi;..
Hospitalet de Llobregat, l';08908;Altres municipis;Estudi;262
Hospitalet de Llobregat, l';08908;Total;Estudi;674
Hospitalet de Llobregat, l';0L'Hospitalet de Llobregat;Total;Estudi;48284
Sabadell;08201;08201;Estudi;2221
Sabadell;08201;08202;Estudi;306
Sabadell;08201;08203;Estudi;..
Sabadell;08201;08204;Estudi;..
Sabadell;08201;08205;Estudi;..
Sabadell;08201;08206;Estudi;..
Sabadell;08201;08208;Estudi;..
Sabadell;08201;Sabadell;Estudi;2922
Sabadell;08201;Barcelona;Estudi;289
Sabadell;08201;Cerdanyola del Vallès;Estudi;237
Sabadell;08201;Diversos municipis;Estudi;..
Sabadell;08201;Altres municipis;Estudi;215
Sabadell;08201;Total;Estudi;3753
Sabadell;08202;08201;Estudi;939
Sabadell;08202;08202;Estudi;2334
Sabadell;08202;08203;Estudi;205
Sabadell;08202;08204;Estudi;..
Sabadell;08202;08205;Estudi;..
Sabadell;08202;08206;Estudi;..
Sabadell;08202;08207;Estudi;..
Sabadell;08202;08208;Estudi;..
Sabadell;08202;Sabadell;Estudi;3985
Sabadell;08202;Barcelona;Estudi;211
Sabadell;08202;Cerdanyola del Vallès;Estudi;164
Sabadell;08202;Diversos municipis;Estudi;..
Sabadell;08202;Altres municipis;Estudi;309
Sabadell;08202;Total;Estudi;4781
Sabadell;08203;08201;Estudi;1280
Sabadell;08203;08202;Estudi;596
Sabadell;08203;08203;Estudi;1597
Sabadell;08203;08204;Estudi;465
Sabadell;08203;08205;Estudi;440
Sabadell;08203;08206;Estudi;..
Sabadell;08203;08207;Estudi;..
Sabadell;08203;08208;Estudi;..
Sabadell;08203;Sabadell;Estudi;4716
Sabadell;08203;Barcelona;Estudi;178
Sabadell;08203;Cerdanyola del Vallès;Estudi;171
Sabadell;08203;Diversos municipis;Estudi;..
Sabadell;08203;Altres municipis;Estudi;436
Sabadell;08203;Total;Estudi;5680
Sabadell;08204;08201;Estudi;386
Sabadell;08204;08202;Estudi;191
Sabadell;08204;08203;Estudi;144
Sabadell;08204;08204;Estudi;3587
Sabadell;08204;08205;Estudi;174
Sabadell;08204;08206;Estudi;..
Sabadell;08204;08207;Estudi;..
Sabadell;08204;08210;Estudi;348
Sabadell;08204;Sabadell;Estudi;4551
Sabadell;08204;Barberà del Vallès;Estudi;348
Sabadell;08204;Diversos municipis;Estudi;..
Sabadell;08204;Altres municipis;Estudi;532
Sabadell;08204;Total;Estudi;5513
Sabadell;08205;08201;Estudi;502
Sabadell;08205;08202;Estudi;..
Sabadell;08205;08203;Estudi;..
Sabadell;08205;08204;Estudi;..
Sabadell;08205;08205;Estudi;1338
Sabadell;08205;08206;Estudi;509
Sabadell;08205;08207;Estudi;..
Sabadell;08205;08208;Estudi;..
Sabadell;08205;Sabadell;Estudi;2555
Sabadell;08205;Barcelona;Estudi;154
Sabadell;08205;Diversos municipis;Estudi;..
Sabadell;08205;Altres municipis;Estudi;394
Sabadell;08205;Total;Estudi;3134
Sabadell;08206;08201;Estudi;939
Sabadell;08206;08202;Estudi;441
Sabadell;08206;08203;Estudi;..
Sabadell;08206;08204;Estudi;..
Sabadell;08206;08205;Estudi;454
Sabadell;08206;08206;Estudi;6229
Sabadell;08206;08207;Estudi;449
Sabadell;08206;08208;Estudi;344
Sabadell;08206;Sabadell;Estudi;9003
Sabadell;08206;Cerdanyola del Vallès;Estudi;376
Sabadell;08206;Barcelona;Estudi;258
Sabadell;08206;Diversos municipis;Estudi;233
Sabadell;08206;Altres municipis;Estudi;243
Sabadell;08206;Total;Estudi;10112
Sabadell;08207;08201;Estudi;347
Sabadell;08207;08202;Estudi;210
Sabadell;08207;08203;Estudi;..
Sabadell;08207;08204;Estudi;..
Sabadell;08207;08205;Estudi;..
Sabadell;08207;08206;Estudi;254
Sabadell;08207;08207;Estudi;4033
Sabadell;08207;08208;Estudi;213
Sabadell;08207;Sabadell;Estudi;5199
Sabadell;08207;Cerdanyola del Vallès;Estudi;222
Sabadell;08207;Barcelona;Estudi;176
Sabadell;08207;Diversos municipis;Estudi;..
Sabadell;08207;Altres municipis;Estudi;247
Sabadell;08207;Total;Estudi;5983
Sabadell;08208;08201;Estudi;1081
Sabadell;08208;08202;Estudi;346
Sabadell;08208;08203;Estudi;..
Sabadell;08208;08204;Estudi;..
Sabadell;08208;08205;Estudi;..
Sabadell;08208;08206;Estudi;335
Sabadell;08208;08207;Estudi;265
Sabadell;08208;08208;Estudi;1907
Sabadell;08208;Sabadell;Estudi;4104
Sabadell;08208;Barcelona;Estudi;260
Sabadell;08208;Cerdanyola del Vallès;Estudi;154
Sabadell;08208;Diversos municipis;Estudi;..
Sabadell;08208;Altres municipis;Estudi;302
Sabadell;08208;Total;Estudi;5114
Sabadell;0Sabadell;Total;Estudi;44068
Terrassa;08221;08221;Estudi;2990
Terrassa;08221;08222;Estudi;705
Terrassa;08221;08223;Estudi;..
Terrassa;08221;08224;Estudi;231
Terrassa;08221;08225;Estudi;..
Terrassa;08221;08226;Estudi;..
Terrassa;08221;08227;Estudi;..
Terrassa;08221;Terrassa;Estudi;4331
Terrassa;08221;Barcelona;Estudi;284
Terrassa;08221;Sabadell;Estudi;156
Terrassa;08221;Diversos municipis;Estudi;..
Terrassa;08221;Altres municipis;Estudi;327
Terrassa;00000;Total;Estudi;5183
Terrassa;08222;08221;Estudi;886
Terrassa;08222;08222;Estudi;3347
Terrassa;08222;08223;Estudi;340
Terrassa;08222;08224;Estudi;224
Terrassa;08222;08225;Estudi;320
Terrassa;08222;08226;Estudi;..
Terrassa;08222;08227;Estudi;215
Terrassa;08222;08228;Estudi;..
Terrassa;08222;Terrassa;Estudi;5505
Terrassa;08222;Barcelona;Estudi;360
Terrassa;08222;Matadepera;Estudi;217
Terrassa;08222;Diversos municipis;Estudi;..
Terrassa;08222;Altres municipis;Estudi;453
Terrassa;00000;Total;Estudi;6819
Terrassa;08223;08221;Estudi;730
Terrassa;08223;08222;Estudi;..
Terrassa;08223;08223;Estudi;2502
Terrassa;08223;08224;Estudi;226
Terrassa;08223;08225;Estudi;..
Terrassa;08223;08226;Estudi;..
Terrassa;08223;08227;Estudi;..
Terrassa;08223;08228;Estudi;260
Terrassa;08223;Terrassa;Estudi;3950
Terrassa;08223;Barcelona;Estudi;241
Terrassa;08223;Diversos municipis;Estudi;..
Terrassa;08223;Altres municipis;Estudi;394
Terrassa;00000;Total;Estudi;4651
Terrassa;08224;08221;Estudi;1188
Terrassa;08224;08222;Estudi;..
Terrassa;08224;08223;Estudi;430
Terrassa;08224;08224;Estudi;5480
Terrassa;08224;08225;Estudi;553
Terrassa;08224;08226;Estudi;139
Terrassa;08224;08227;Estudi;..
Terrassa;08224;08228;Estudi;..
Terrassa;08224;Terrassa;Estudi;8029
Terrassa;08224;Barcelona;Estudi;704
Terrassa;08224;Viladecavalls;Estudi;285
Terrassa;08224;Sabadell;Estudi;208
Terrassa;08224;Sant Cugat del Vallès;Estudi;275
Terrassa;08224;Diversos municipis;Estudi;..
Terrassa;08224;Altres municipis;Estudi;421
Terrassa;00000;Total;Estudi;10061
Terrassa;08225;08221;Estudi;1181
Terrassa;08225;08222;Estudi;242
Terrassa;08225;08223;Estudi;296
Terrassa;08225;08224;Estudi;400
Terrassa;08225;08225;Estudi;4988
Terrassa;08225;08226;Estudi;356
Terrassa;08225;08227;Estudi;..
Terrassa;08225;08228;Estudi;..
Terrassa;08225;Terrassa;Estudi;7566
Terrassa;08225;Barcelona;Estudi;356
Terrassa;08225;Cerdanyola del Vallès;Estudi;419
Terrassa;08225;Matadepera;Estudi;170
Terrassa;08225;Diversos municipis;Estudi;241
Terrassa;08225;Altres municipis;Estudi;374
Terrassa;00000;Total;Estudi;9127
Terrassa;08226;08221;Estudi;1375
Terrassa;08226;08222;Estudi;328
Terrassa;08226;08223;Estudi;..
Terrassa;08226;08224;Estudi;278
Terrassa;08226;08225;Estudi;772
Terrassa;08226;08226;Estudi;1884
Terrassa;08226;08227;Estudi;837
Terrassa;08226;08228;Estudi;..
Terrassa;08226;Terrassa;Estudi;5668
Terrassa;08226;Diversos municipis;Estudi;..
Terrassa;08226;Altres municipis;Estudi;478
Terrassa;00000;Total;Estudi;6238
Terrassa;08227;08221;Estudi;304
Terrassa;08227;08222;Estudi;483
Terrassa;08227;08223;Estudi;..
Terrassa;08227;08224;Estudi;..
Terrassa;08227;08225;Estudi;172
Terrassa;08227;08226;Estudi;303
Terrassa;08227;08227;Estudi;2868
Terrassa;08227;08228;Estudi;..
Terrassa;08227;Terrassa;Estudi;4441
Terrassa;08227;Diversos municipis;Estudi;235
Terrassa;08227;Altres municipis;Estudi;668
Terrassa;00000;Total;Estudi;5344
Terrassa;08228;08221;Estudi;167
Terrassa;08228;08222;Estudi;..
Terrassa;08228;08223;Estudi;241
Terrassa;08228;08224;Estudi;..
Terrassa;08228;08225;Estudi;..
Terrassa;08228;08226;Estudi;..
Terrassa;08228;08227;Estudi;..
Terrassa;08228;08228;Estudi;683
Terrassa;08228;Terrassa;Estudi;1242
Terrassa;08228;Diversos municipis;Estudi;..
Terrassa;08228;Altres municipis;Estudi;385
Terrassa;00000;Total;Estudi;1653
Terrassa;0Terrassa;Total;Estudi;49077
